                                                                        S0000001
,,31HOpen CASCADE IGES processor 7.9,13HFilename.iges,                  G0000001
16HOpen CASCADE 7.9,31HOpen CASCADE IGES processor 7.9,32,308,15,308,15,G0000002
,1.,2,2HMM,1,0.01,15H20260805.153542,1E-07,10.,10Hrobobostes,,11,0,     G0000003
15H20260805.153542,;                                                    G0000004
     402       1       0       0       0       0       0       000000000D0000001
     402       0       0       4       1                               0D0000002
     144       5       0       0       0       0       0       000020000D0000003
     144       0       0       1       0                               0D0000004
     128       6       0       0       0       0       0       000010000D0000005
     128       0       0       4       0                               0D0000006
     142      10       0       0       0       0       0       000010500D0000007
     142       0       0       1       0                               0D0000008
     102      11       0       0       0       0       0       000010000D0000009
     102       0       0       1       0                               0D0000010
     126      12       0       0       0       0       0       000010000D0000011
     126       0       0       2       0                               0D0000012
     110      14       0       0       0       0       0       000010000D0000013
     110       0       0       1       0                               0D0000014
     110      15       0       0       0       0       0       000010000D0000015
     110       0       0       1       0                               0D0000016
     110      16       0       0       0       0       0       000010000D0000017
     110       0       0       1       0                               0D0000018
     102      17       0       0       0       0       0       000010000D0000019
     102       0       0       1       0                               0D0000020
     110      18       0       0       0       0       0       000010000D0000021
     110       0       0       1       0                               0D0000022
     126      19       0       0       0       0       0       000010000D0000023
     126       0       0       3       0                               0D0000024
     110      22       0       0       0       0       0       000010000D0000025
     110       0       0       2       0                               0D0000026
     126      24       0       0       0       0       0       000010000D0000027
     126       0       0       2       0                               0D0000028
     144      26       0       0       0       0       0       000020000D0000029
     144       0       0       1       0                               0D0000030
     128      27       0       0       0       0       0       000010000D0000031
     128       0       0       4       0                               0D0000032
     142      31       0       0       0       0       0       000010500D0000033
     142       0       0       1       0                               0D0000034
     102      32       0       0       0       0       0       000010000D0000035
     102       0       0       1       0                               0D0000036
     126      33       0       0       0       0       0       000010000D0000037
     126       0       0       2       0                               0D0000038
     110      35       0       0       0       0       0       000010000D0000039
     110       0       0       1       0                               0D0000040
     110      36       0       0       0       0       0       000010000D0000041
     110       0       0       1       0                               0D0000042
     110      37       0       0       0       0       0       000010000D0000043
     110       0       0       1       0                               0D0000044
     102      38       0       0       0       0       0       000010000D0000045
     102       0       0       1       0                               0D0000046
     110      39       0       0       0       0       0       000010000D0000047
     110       0       0       1       0                               0D0000048
     126      40       0       0       0       0       0       000010000D0000049
     126       0       0       3       0                               0D0000050
     110      43       0       0       0       0       0       000010000D0000051
     110       0       0       2       0                               0D0000052
     126      45       0       0       0       0       0       000010000D0000053
     126       0       0       3       0                               0D0000054
     144      48       0       0       0       0       0       000020000D0000055
     144       0       0       1       0                               0D0000056
     128      49       0       0       0       0       0       000010000D0000057
     128       0       0       4       0                               0D0000058
     142      53       0       0       0       0       0       000010500D0000059
     142       0       0       1       0                               0D0000060
     102      54       0       0       0       0       0       000010000D0000061
     102       0       0       1       0                               0D0000062
     126      55       0       0       0       0       0       000010000D0000063
     126       0       0       2       0                               0D0000064
     110      57       0       0       0       0       0       000010000D0000065
     110       0       0       1       0                               0D0000066
     110      58       0       0       0       0       0       000010000D0000067
     110       0       0       1       0                               0D0000068
     110      59       0       0       0       0       0       000010000D0000069
     110       0       0       1       0                               0D0000070
     102      60       0       0       0       0       0       000010000D0000071
     102       0       0       1       0                               0D0000072
     110      61       0       0       0       0       0       000010000D0000073
     110       0       0       1       0                               0D0000074
     126      62       0       0       0       0       0       000010000D0000075
     126       0       0       3       0                               0D0000076
     110      65       0       0       0       0       0       000010000D0000077
     110       0       0       2       0                               0D0000078
     126      67       0       0       0       0       0       000010000D0000079
     126       0       0       3       0                               0D0000080
     144      70       0       0       0       0       0       000020000D0000081
     144       0       0       1       0                               0D0000082
     128      71       0       0       0       0       0       000010000D0000083
     128       0       0       4       0                               0D0000084
     142      75       0       0       0       0       0       000010500D0000085
     142       0       0       1       0                               0D0000086
     102      76       0       0       0       0       0       000010000D0000087
     102       0       0       1       0                               0D0000088
     126      77       0       0       0       0       0       000010000D0000089
     126       0       0       2       0                               0D0000090
     110      79       0       0       0       0       0       000010000D0000091
     110       0       0       1       0                               0D0000092
     110      80       0       0       0       0       0       000010000D0000093
     110       0       0       1       0                               0D0000094
     110      81       0       0       0       0       0       000010000D0000095
     110       0       0       1       0                               0D0000096
     102      82       0       0       0       0       0       000010000D0000097
     102       0       0       1       0                               0D0000098
     110      83       0       0       0       0       0       000010000D0000099
     110       0       0       1       0                               0D0000100
     126      84       0       0       0       0       0       000010000D0000101
     126       0       0       2       0                               0D0000102
     110      86       0       0       0       0       0       000010000D0000103
     110       0       0       2       0                               0D0000104
     126      88       0       0       0       0       0       000010000D0000105
     126       0       0       3       0                               0D0000106
     144      91       0       0       0       0       0       000020000D0000107
     144       0       0       1       0                               0D0000108
     128      92       0       0       0       0       0       000010000D0000109
     128       0       0       3       0                               0D0000110
     142      95       0       0       0       0       0       000010500D0000111
     142       0       0       1       0                               0D0000112
     102      96       0       0       0       0       0       000010000D0000113
     102       0       0       1       0                               0D0000114
     126      97       0       0       0       0       0       000010000D0000115
     126       0       0       2       0                               0D0000116
     110      99       0       0       0       0       0       000010000D0000117
     110       0       0       1       0                               0D0000118
     110     100       0       0       0       0       0       000010000D0000119
     110       0       0       1       0                               0D0000120
     110     101       0       0       0       0       0       000010000D0000121
     110       0       0       1       0                               0D0000122
     102     102       0       0       0       0       0       000010000D0000123
     102       0       0       1       0                               0D0000124
     110     103       0       0       0       0       0       000010000D0000125
     110       0       0       1       0                               0D0000126
     126     104       0       0       0       0       0       000010000D0000127
     126       0       0       2       0                               0D0000128
     110     106       0       0       0       0       0       000010000D0000129
     110       0       0       1       0                               0D0000130
     126     107       0       0       0       0       0       000010000D0000131
     126       0       0       2       0                               0D0000132
     144     109       0       0       0       0       0       000020000D0000133
     144       0       0       1       0                               0D0000134
     128     110       0       0       0       0       0       000010000D0000135
     128       0       0       4       0                               0D0000136
     142     114       0       0       0       0       0       000010500D0000137
     142       0       0       1       0                               0D0000138
     102     115       0       0       0       0       0       000010000D0000139
     102       0       0       1       0                               0D0000140
     126     116       0       0       0       0       0       000010000D0000141
     126       0       0       2       0                               0D0000142
     110     118       0       0       0       0       0       000010000D0000143
     110       0       0       1       0                               0D0000144
     110     119       0       0       0       0       0       000010000D0000145
     110       0       0       1       0                               0D0000146
     110     120       0       0       0       0       0       000010000D0000147
     110       0       0       1       0                               0D0000148
     102     121       0       0       0       0       0       000010000D0000149
     102       0       0       1       0                               0D0000150
     110     122       0       0       0       0       0       000010000D0000151
     110       0       0       2       0                               0D0000152
     126     124       0       0       0       0       0       000010000D0000153
     126       0       0       3       0                               0D0000154
     110     127       0       0       0       0       0       000010000D0000155
     110       0       0       2       0                               0D0000156
     126     129       0       0       0       0       0       000010000D0000157
     126       0       0       2       0                               0D0000158
     144     131       0       0       0       0       0       000020000D0000159
     144       0       0       1       0                               0D0000160
     128     132       0       0       0       0       0       000010000D0000161
     128       0       0       5       0                               0D0000162
     142     137       0       0       0       0       0       000010500D0000163
     142       0       0       1       0                               0D0000164
     102     138       0       0       0       0       0       000010000D0000165
     102       0       0       1       0                               0D0000166
     126     139       0       0       0       0       0       000010000D0000167
     126       0       0       2       0                               0D0000168
     110     141       0       0       0       0       0       000010000D0000169
     110       0       0       1       0                               0D0000170
     110     142       0       0       0       0       0       000010000D0000171
     110       0       0       1       0                               0D0000172
     110     143       0       0       0       0       0       000010000D0000173
     110       0       0       1       0                               0D0000174
     102     144       0       0       0       0       0       000010000D0000175
     102       0       0       1       0                               0D0000176
     110     145       0       0       0       0       0       000010000D0000177
     110       0       0       2       0                               0D0000178
     126     147       0       0       0       0       0       000010000D0000179
     126       0       0       3       0                               0D0000180
     110     150       0       0       0       0       0       000010000D0000181
     110       0       0       2       0                               0D0000182
     126     152       0       0       0       0       0       000010000D0000183
     126       0       0       3       0                               0D0000184
     144     155       0       0       0       0       0       000020000D0000185
     144       0       0       1       0                               0D0000186
     128     156       0       0       0       0       0       000010000D0000187
     128       0       0       4       0                               0D0000188
     142     160       0       0       0       0       0       000010500D0000189
     142       0       0       1       0                               0D0000190
     102     161       0       0       0       0       0       000010000D0000191
     102       0       0       1       0                               0D0000192
     126     162       0       0       0       0       0       000010000D0000193
     126       0       0       2       0                               0D0000194
     110     164       0       0       0       0       0       000010000D0000195
     110       0       0       1       0                               0D0000196
     110     165       0       0       0       0       0       000010000D0000197
     110       0       0       1       0                               0D0000198
     110     166       0       0       0       0       0       000010000D0000199
     110       0       0       1       0                               0D0000200
     102     167       0       0       0       0       0       000010000D0000201
     102       0       0       1       0                               0D0000202
     110     168       0       0       0       0       0       000010000D0000203
     110       0       0       2       0                               0D0000204
     126     170       0       0       0       0       0       000010000D0000205
     126       0       0       3       0                               0D0000206
     110     173       0       0       0       0       0       000010000D0000207
     110       0       0       2       0                               0D0000208
     126     175       0       0       0       0       0       000010000D0000209
     126       0       0       3       0                               0D0000210
     144     178       0       0       0       0       0       000020000D0000211
     144       0       0       1       0                               0D0000212
     128     179       0       0       0       0       0       000010000D0000213
     128       0       0       4       0                               0D0000214
     142     183       0       0       0       0       0       000010500D0000215
     142       0       0       1       0                               0D0000216
     102     184       0       0       0       0       0       000010000D0000217
     102       0       0       1       0                               0D0000218
     126     185       0       0       0       0       0       000010000D0000219
     126       0       0       2       0                               0D0000220
     110     187       0       0       0       0       0       000010000D0000221
     110       0       0       1       0                               0D0000222
     110     188       0       0       0       0       0       000010000D0000223
     110       0       0       1       0                               0D0000224
     110     189       0       0       0       0       0       000010000D0000225
     110       0       0       1       0                               0D0000226
     102     190       0       0       0       0       0       000010000D0000227
     102       0       0       1       0                               0D0000228
     110     191       0       0       0       0       0       000010000D0000229
     110       0       0       2       0                               0D0000230
     126     193       0       0       0       0       0       000010000D0000231
     126       0       0       2       0                               0D0000232
     110     195       0       0       0       0       0       000010000D0000233
     110       0       0       2       0                               0D0000234
     126     197       0       0       0       0       0       000010000D0000235
     126       0       0       3       0                               0D0000236
     144     200       0       0       0       0       0       000020000D0000237
     144       0       0       1       0                               0D0000238
     128     201       0       0       0       0       0       000010000D0000239
     128       0       0       4       0                               0D0000240
     142     205       0       0       0       0       0       000010500D0000241
     142       0       0       1       0                               0D0000242
     102     206       0       0       0       0       0       000010000D0000243
     102       0       0       1       0                               0D0000244
     126     207       0       0       0       0       0       000010000D0000245
     126       0       0       2       0                               0D0000246
     110     209       0       0       0       0       0       000010000D0000247
     110       0       0       1       0                               0D0000248
     110     210       0       0       0       0       0       000010000D0000249
     110       0       0       1       0                               0D0000250
     110     211       0       0       0       0       0       000010000D0000251
     110       0       0       1       0                               0D0000252
     102     212       0       0       0       0       0       000010000D0000253
     102       0       0       1       0                               0D0000254
     110     213       0       0       0       0       0       000010000D0000255
     110       0       0       1       0                               0D0000256
     126     214       0       0       0       0       0       000010000D0000257
     126       0       0       2       0                               0D0000258
     110     216       0       0       0       0       0       000010000D0000259
     110       0       0       1       0                               0D0000260
     126     217       0       0       0       0       0       000010000D0000261
     126       0       0       2       0                               0D0000262
     144     219       0       0       0       0       0       000020000D0000263
     144       0       0       1       0                               0D0000264
     128     220       0       0       0       0       0       000010000D0000265
     128       0       0       4       0                               0D0000266
     142     224       0       0       0       0       0       000010500D0000267
     142       0       0       1       0                               0D0000268
     102     225       0       0       0       0       0       000010000D0000269
     102       0       0       1       0                               0D0000270
     126     226       0       0       0       0       0       000010000D0000271
     126       0       0       2       0                               0D0000272
     110     228       0       0       0       0       0       000010000D0000273
     110       0       0       1       0                               0D0000274
     110     229       0       0       0       0       0       000010000D0000275
     110       0       0       1       0                               0D0000276
     110     230       0       0       0       0       0       000010000D0000277
     110       0       0       1       0                               0D0000278
     102     231       0       0       0       0       0       000010000D0000279
     102       0       0       1       0                               0D0000280
     110     232       0       0       0       0       0       000010000D0000281
     110       0       0       2       0                               0D0000282
     126     234       0       0       0       0       0       000010000D0000283
     126       0       0       3       0                               0D0000284
     110     237       0       0       0       0       0       000010000D0000285
     110       0       0       2       0                               0D0000286
     126     239       0       0       0       0       0       000010000D0000287
     126       0       0       2       0                               0D0000288
     144     241       0       0       0       0       0       000020000D0000289
     144       0       0       1       0                               0D0000290
     128     242       0       0       0       0       0       000010000D0000291
     128       0       0       5       0                               0D0000292
     142     247       0       0       0       0       0       000010500D0000293
     142       0       0       1       0                               0D0000294
     102     248       0       0       0       0       0       000010000D0000295
     102       0       0       1       0                               0D0000296
     126     249       0       0       0       0       0       000010000D0000297
     126       0       0       2       0                               0D0000298
     110     251       0       0       0       0       0       000010000D0000299
     110       0       0       1       0                               0D0000300
     110     252       0       0       0       0       0       000010000D0000301
     110       0       0       1       0                               0D0000302
     110     253       0       0       0       0       0       000010000D0000303
     110       0       0       1       0                               0D0000304
     102     254       0       0       0       0       0       000010000D0000305
     102       0       0       1       0                               0D0000306
     110     255       0       0       0       0       0       000010000D0000307
     110       0       0       2       0                               0D0000308
     126     257       0       0       0       0       0       000010000D0000309
     126       0       0       3       0                               0D0000310
     110     260       0       0       0       0       0       000010000D0000311
     110       0       0       2       0                               0D0000312
     126     262       0       0       0       0       0       000010000D0000313
     126       0       0       3       0                               0D0000314
     144     265       0       0       0       0       0       000020000D0000315
     144       0       0       1       0                               0D0000316
     128     266       0       0       0       0       0       000010000D0000317
     128       0       0       4       0                               0D0000318
     142     270       0       0       0       0       0       000010500D0000319
     142       0       0       1       0                               0D0000320
     102     271       0       0       0       0       0       000010000D0000321
     102       0       0       1       0                               0D0000322
     126     272       0       0       0       0       0       000010000D0000323
     126       0       0       2       0                               0D0000324
     110     274       0       0       0       0       0       000010000D0000325
     110       0       0       1       0                               0D0000326
     110     275       0       0       0       0       0       000010000D0000327
     110       0       0       1       0                               0D0000328
     110     276       0       0       0       0       0       000010000D0000329
     110       0       0       1       0                               0D0000330
     102     277       0       0       0       0       0       000010000D0000331
     102       0       0       1       0                               0D0000332
     110     278       0       0       0       0       0       000010000D0000333
     110       0       0       2       0                               0D0000334
     126     280       0       0       0       0       0       000010000D0000335
     126       0       0       3       0                               0D0000336
     110     283       0       0       0       0       0       000010000D0000337
     110       0       0       2       0                               0D0000338
     126     285       0       0       0       0       0       000010000D0000339
     126       0       0       3       0                               0D0000340
     144     288       0       0       0       0       0       000020000D0000341
     144       0       0       1       0                               0D0000342
     128     289       0       0       0       0       0       000010000D0000343
     128       0       0       4       0                               0D0000344
     142     293       0       0       0       0       0       000010500D0000345
     142       0       0       1       0                               0D0000346
     102     294       0       0       0       0       0       000010000D0000347
     102       0       0       1       0                               0D0000348
     126     295       0       0       0       0       0       000010000D0000349
     126       0       0       2       0                               0D0000350
     110     297       0       0       0       0       0       000010000D0000351
     110       0       0       1       0                               0D0000352
     110     298       0       0       0       0       0       000010000D0000353
     110       0       0       1       0                               0D0000354
     110     299       0       0       0       0       0       000010000D0000355
     110       0       0       1       0                               0D0000356
     102     300       0       0       0       0       0       000010000D0000357
     102       0       0       1       0                               0D0000358
     110     301       0       0       0       0       0       000010000D0000359
     110       0       0       2       0                               0D0000360
     126     303       0       0       0       0       0       000010000D0000361
     126       0       0       2       0                               0D0000362
     110     305       0       0       0       0       0       000010000D0000363
     110       0       0       2       0                               0D0000364
     126     307       0       0       0       0       0       000010000D0000365
     126       0       0       3       0                               0D0000366
     144     310       0       0       0       0       0       000020000D0000367
     144       0       0       1       0                               0D0000368
     128     311       0       0       0       0       0       000010000D0000369
     128       0       0       4       0                               0D0000370
     142     315       0       0       0       0       0       000010500D0000371
     142       0       0       1       0                               0D0000372
     102     316       0       0       0       0       0       000010000D0000373
     102       0       0       1       0                               0D0000374
     126     317       0       0       0       0       0       000010000D0000375
     126       0       0       2       0                               0D0000376
     110     319       0       0       0       0       0       000010000D0000377
     110       0       0       1       0                               0D0000378
     110     320       0       0       0       0       0       000010000D0000379
     110       0       0       1       0                               0D0000380
     110     321       0       0       0       0       0       000010000D0000381
     110       0       0       1       0                               0D0000382
     102     322       0       0       0       0       0       000010000D0000383
     102       0       0       1       0                               0D0000384
     110     323       0       0       0       0       0       000010000D0000385
     110       0       0       1       0                               0D0000386
     126     324       0       0       0       0       0       000010000D0000387
     126       0       0       2       0                               0D0000388
     110     326       0       0       0       0       0       000010000D0000389
     110       0       0       1       0                               0D0000390
     126     327       0       0       0       0       0       000010000D0000391
     126       0       0       2       0                               0D0000392
     144     329       0       0       0       0       0       000020000D0000393
     144       0       0       1       0                               0D0000394
     128     330       0       0       0       0       0       000010000D0000395
     128       0       0       4       0                               0D0000396
     142     334       0       0       0       0       0       000010500D0000397
     142       0       0       1       0                               0D0000398
     102     335       0       0       0       0       0       000010000D0000399
     102       0       0       1       0                               0D0000400
     110     336       0       0       0       0       0       000010000D0000401
     110       0       0       1       0                               0D0000402
     110     337       0       0       0       0       0       000010000D0000403
     110       0       0       1       0                               0D0000404
     126     338       0       0       0       0       0       000010000D0000405
     126       0       0       2       0                               0D0000406
     110     340       0       0       0       0       0       000010000D0000407
     110       0       0       1       0                               0D0000408
     102     341       0       0       0       0       0       000010000D0000409
     102       0       0       1       0                               0D0000410
     110     342       0       0       0       0       0       000010000D0000411
     110       0       0       2       0                               0D0000412
     126     344       0       0       0       0       0       000010000D0000413
     126       0       0       3       0                               0D0000414
     110     347       0       0       0       0       0       000010000D0000415
     110       0       0       2       0                               0D0000416
     126     349       0       0       0       0       0       000010000D0000417
     126       0       0       2       0                               0D0000418
     144     351       0       0       0       0       0       000020000D0000419
     144       0       0       1       0                               0D0000420
     128     352       0       0       0       0       0       000010000D0000421
     128       0       0       5       0                               0D0000422
     142     357       0       0       0       0       0       000010500D0000423
     142       0       0       1       0                               0D0000424
     102     358       0       0       0       0       0       000010000D0000425
     102       0       0       1       0                               0D0000426
     126     359       0       0       0       0       0       000010000D0000427
     126       0       0       2       0                               0D0000428
     110     361       0       0       0       0       0       000010000D0000429
     110       0       0       1       0                               0D0000430
     110     362       0       0       0       0       0       000010000D0000431
     110       0       0       1       0                               0D0000432
     110     363       0       0       0       0       0       000010000D0000433
     110       0       0       1       0                               0D0000434
     102     364       0       0       0       0       0       000010000D0000435
     102       0       0       1       0                               0D0000436
     110     365       0       0       0       0       0       000010000D0000437
     110       0       0       2       0                               0D0000438
     126     367       0       0       0       0       0       000010000D0000439
     126       0       0       3       0                               0D0000440
     110     370       0       0       0       0       0       000010000D0000441
     110       0       0       2       0                               0D0000442
     126     372       0       0       0       0       0       000010000D0000443
     126       0       0       3       0                               0D0000444
     144     375       0       0       0       0       0       000020000D0000445
     144       0       0       1       0                               0D0000446
     128     376       0       0       0       0       0       000010000D0000447
     128       0       0       4       0                               0D0000448
     142     380       0       0       0       0       0       000010500D0000449
     142       0       0       1       0                               0D0000450
     102     381       0       0       0       0       0       000010000D0000451
     102       0       0       1       0                               0D0000452
     126     382       0       0       0       0       0       000010000D0000453
     126       0       0       2       0                               0D0000454
     110     384       0       0       0       0       0       000010000D0000455
     110       0       0       1       0                               0D0000456
     110     385       0       0       0       0       0       000010000D0000457
     110       0       0       1       0                               0D0000458
     110     386       0       0       0       0       0       000010000D0000459
     110       0       0       1       0                               0D0000460
     102     387       0       0       0       0       0       000010000D0000461
     102       0       0       1       0                               0D0000462
     110     388       0       0       0       0       0       000010000D0000463
     110       0       0       2       0                               0D0000464
     126     390       0       0       0       0       0       000010000D0000465
     126       0       0       3       0                               0D0000466
     110     393       0       0       0       0       0       000010000D0000467
     110       0       0       1       0                               0D0000468
     126     394       0       0       0       0       0       000010000D0000469
     126       0       0       3       0                               0D0000470
     144     397       0       0       0       0       0       000020000D0000471
     144       0       0       1       0                               0D0000472
     128     398       0       0       0       0       0       000010000D0000473
     128       0       0       4       0                               0D0000474
     142     402       0       0       0       0       0       000010500D0000475
     142       0       0       1       0                               0D0000476
     102     403       0       0       0       0       0       000010000D0000477
     102       0       0       1       0                               0D0000478
     110     404       0       0       0       0       0       000010000D0000479
     110       0       0       1       0                               0D0000480
     110     405       0       0       0       0       0       000010000D0000481
     110       0       0       1       0                               0D0000482
     126     406       0       0       0       0       0       000010000D0000483
     126       0       0       2       0                               0D0000484
     110     408       0       0       0       0       0       000010000D0000485
     110       0       0       1       0                               0D0000486
     102     409       0       0       0       0       0       000010000D0000487
     102       0       0       1       0                               0D0000488
     110     410       0       0       0       0       0       000010000D0000489
     110       0       0       2       0                               0D0000490
     126     412       0       0       0       0       0       000010000D0000491
     126       0       0       2       0                               0D0000492
     110     414       0       0       0       0       0       000010000D0000493
     110       0       0       2       0                               0D0000494
     126     416       0       0       0       0       0       000010000D0000495
     126       0       0       3       0                               0D0000496
     144     419       0       0       0       0       0       000020000D0000497
     144       0       0       1       0                               0D0000498
     128     420       0       0       0       0       0       000010000D0000499
     128       0       0       4       0                               0D0000500
     142     424       0       0       0       0       0       000010500D0000501
     142       0       0       1       0                               0D0000502
     102     425       0       0       0       0       0       000010000D0000503
     102       0       0       1       0                               0D0000504
     126     426       0       0       0       0       0       000010000D0000505
     126       0       0       2       0                               0D0000506
     110     428       0       0       0       0       0       000010000D0000507
     110       0       0       1       0                               0D0000508
     110     429       0       0       0       0       0       000010000D0000509
     110       0       0       1       0                               0D0000510
     110     430       0       0       0       0       0       000010000D0000511
     110       0       0       1       0                               0D0000512
     102     431       0       0       0       0       0       000010000D0000513
     102       0       0       1       0                               0D0000514
     110     432       0       0       0       0       0       000010000D0000515
     110       0       0       1       0                               0D0000516
     126     433       0       0       0       0       0       000010000D0000517
     126       0       0       2       0                               0D0000518
     110     435       0       0       0       0       0       000010000D0000519
     110       0       0       1       0                               0D0000520
     126     436       0       0       0       0       0       000010000D0000521
     126       0       0       2       0                               0D0000522
     144     438       0       0       0       0       0       000020000D0000523
     144       0       0       1       0                               0D0000524
     128     439       0       0       0       0       0       000010000D0000525
     128       0       0       4       0                               0D0000526
     142     443       0       0       0       0       0       000010500D0000527
     142       0       0       1       0                               0D0000528
     102     444       0       0       0       0       0       000010000D0000529
     102       0       0       1       0                               0D0000530
     110     445       0       0       0       0       0       000010000D0000531
     110       0       0       1       0                               0D0000532
     110     446       0       0       0       0       0       000010000D0000533
     110       0       0       1       0                               0D0000534
     126     447       0       0       0       0       0       000010000D0000535
     126       0       0       2       0                               0D0000536
     110     449       0       0       0       0       0       000010000D0000537
     110       0       0       1       0                               0D0000538
     102     450       0       0       0       0       0       000010000D0000539
     102       0       0       1       0                               0D0000540
     110     451       0       0       0       0       0       000010000D0000541
     110       0       0       2       0                               0D0000542
     126     453       0       0       0       0       0       000010000D0000543
     126       0       0       3       0                               0D0000544
     110     456       0       0       0       0       0       000010000D0000545
     110       0       0       2       0                               0D0000546
     126     458       0       0       0       0       0       000010000D0000547
     126       0       0       2       0                               0D0000548
     144     460       0       0       0       0       0       000020000D0000549
     144       0       0       1       0                               0D0000550
     128     461       0       0       0       0       0       000010000D0000551
     128       0       0       4       0                               0D0000552
     142     465       0       0       0       0       0       000010500D0000553
     142       0       0       1       0                               0D0000554
     102     466       0       0       0       0       0       000010000D0000555
     102       0       0       1       0                               0D0000556
     126     467       0       0       0       0       0       000010000D0000557
     126       0       0       2       0                               0D0000558
     110     469       0       0       0       0       0       000010000D0000559
     110       0       0       1       0                               0D0000560
     110     470       0       0       0       0       0       000010000D0000561
     110       0       0       1       0                               0D0000562
     110     471       0       0       0       0       0       000010000D0000563
     110       0       0       1       0                               0D0000564
     102     472       0       0       0       0       0       000010000D0000565
     102       0       0       1       0                               0D0000566
     110     473       0       0       0       0       0       000010000D0000567
     110       0       0       2       0                               0D0000568
     126     475       0       0       0       0       0       000010000D0000569
     126       0       0       2       0                               0D0000570
     110     477       0       0       0       0       0       000010000D0000571
     110       0       0       2       0                               0D0000572
     126     479       0       0       0       0       0       000010000D0000573
     126       0       0       3       0                               0D0000574
     144     482       0       0       0       0       0       000020000D0000575
     144       0       0       1       0                               0D0000576
     128     483       0       0       0       0       0       000010000D0000577
     128       0       0       4       0                               0D0000578
     142     487       0       0       0       0       0       000010500D0000579
     142       0       0       1       0                               0D0000580
     102     488       0       0       0       0       0       000010000D0000581
     102       0       0       1       0                               0D0000582
     126     489       0       0       0       0       0       000010000D0000583
     126       0       0       2       0                               0D0000584
     110     491       0       0       0       0       0       000010000D0000585
     110       0       0       1       0                               0D0000586
     110     492       0       0       0       0       0       000010000D0000587
     110       0       0       1       0                               0D0000588
     110     493       0       0       0       0       0       000010000D0000589
     110       0       0       1       0                               0D0000590
     102     494       0       0       0       0       0       000010000D0000591
     102       0       0       1       0                               0D0000592
     110     495       0       0       0       0       0       000010000D0000593
     110       0       0       1       0                               0D0000594
     126     496       0       0       0       0       0       000010000D0000595
     126       0       0       3       0                               0D0000596
     110     499       0       0       0       0       0       000010000D0000597
     110       0       0       1       0                               0D0000598
     126     500       0       0       0       0       0       000010000D0000599
     126       0       0       2       0                               0D0000600
     144     502       0       0       0       0       0       000020000D0000601
     144       0       0       1       0                               0D0000602
     128     503       0       0       0       0       0       000010000D0000603
     128       0       0       4       0                               0D0000604
     142     507       0       0       0       0       0       000010500D0000605
     142       0       0       1       0                               0D0000606
     102     508       0       0       0       0       0       000010000D0000607
     102       0       0       1       0                               0D0000608
     110     509       0       0       0       0       0       000010000D0000609
     110       0       0       1       0                               0D0000610
     110     510       0       0       0       0       0       000010000D0000611
     110       0       0       1       0                               0D0000612
     126     511       0       0       0       0       0       000010000D0000613
     126       0       0       2       0                               0D0000614
     110     513       0       0       0       0       0       000010000D0000615
     110       0       0       1       0                               0D0000616
     102     514       0       0       0       0       0       000010000D0000617
     102       0       0       1       0                               0D0000618
     110     515       0       0       0       0       0       000010000D0000619
     110       0       0       2       0                               0D0000620
     126     517       0       0       0       0       0       000010000D0000621
     126       0       0       2       0                               0D0000622
     110     519       0       0       0       0       0       000010000D0000623
     110       0       0       2       0                               0D0000624
     126     521       0       0       0       0       0       000010000D0000625
     126       0       0       3       0                               0D0000626
     144     524       0       0       0       0       0       000020000D0000627
     144       0       0       1       0                               0D0000628
     128     525       0       0       0       0       0       000010000D0000629
     128       0       0       4       0                               0D0000630
     142     529       0       0       0       0       0       000010500D0000631
     142       0       0       1       0                               0D0000632
     102     530       0       0       0       0       0       000010000D0000633
     102       0       0       1       0                               0D0000634
     126     531       0       0       0       0       0       000010000D0000635
     126       0       0       2       0                               0D0000636
     110     533       0       0       0       0       0       000010000D0000637
     110       0       0       1       0                               0D0000638
     110     534       0       0       0       0       0       000010000D0000639
     110       0       0       1       0                               0D0000640
     110     535       0       0       0       0       0       000010000D0000641
     110       0       0       1       0                               0D0000642
     102     536       0       0       0       0       0       000010000D0000643
     102       0       0       1       0                               0D0000644
     110     537       0       0       0       0       0       000010000D0000645
     110       0       0       1       0                               0D0000646
     126     538       0       0       0       0       0       000010000D0000647
     126       0       0       2       0                               0D0000648
     110     540       0       0       0       0       0       000010000D0000649
     110       0       0       1       0                               0D0000650
     126     541       0       0       0       0       0       000010000D0000651
     126       0       0       2       0                               0D0000652
     144     543       0       0       0       0       0       000020000D0000653
     144       0       0       1       0                               0D0000654
     128     544       0       0       0       0       0       000010000D0000655
     128       0       0       4       0                               0D0000656
     142     548       0       0       0       0       0       000010500D0000657
     142       0       0       1       0                               0D0000658
     102     549       0       0       0       0       0       000010000D0000659
     102       0       0       1       0                               0D0000660
     110     550       0       0       0       0       0       000010000D0000661
     110       0       0       1       0                               0D0000662
     110     551       0       0       0       0       0       000010000D0000663
     110       0       0       1       0                               0D0000664
     126     552       0       0       0       0       0       000010000D0000665
     126       0       0       2       0                               0D0000666
     110     554       0       0       0       0       0       000010000D0000667
     110       0       0       1       0                               0D0000668
     102     555       0       0       0       0       0       000010000D0000669
     102       0       0       1       0                               0D0000670
     110     556       0       0       0       0       0       000010000D0000671
     110       0       0       2       0                               0D0000672
     126     558       0       0       0       0       0       000010000D0000673
     126       0       0       3       0                               0D0000674
     110     561       0       0       0       0       0       000010000D0000675
     110       0       0       2       0                               0D0000676
     126     563       0       0       0       0       0       000010000D0000677
     126       0       0       2       0                               0D0000678
     144     565       0       0       0       0       0       000020000D0000679
     144       0       0       1       0                               0D0000680
     128     566       0       0       0       0       0       000010000D0000681
     128       0       0       4       0                               0D0000682
     142     570       0       0       0       0       0       000010500D0000683
     142       0       0       1       0                               0D0000684
     102     571       0       0       0       0       0       000010000D0000685
     102       0       0       1       0                               0D0000686
     126     572       0       0       0       0       0       000010000D0000687
     126       0       0       2       0                               0D0000688
     110     574       0       0       0       0       0       000010000D0000689
     110       0       0       1       0                               0D0000690
     110     575       0       0       0       0       0       000010000D0000691
     110       0       0       1       0                               0D0000692
     110     576       0       0       0       0       0       000010000D0000693
     110       0       0       1       0                               0D0000694
     102     577       0       0       0       0       0       000010000D0000695
     102       0       0       1       0                               0D0000696
     110     578       0       0       0       0       0       000010000D0000697
     110       0       0       2       0                               0D0000698
     126     580       0       0       0       0       0       000010000D0000699
     126       0       0       2       0                               0D0000700
     110     582       0       0       0       0       0       000010000D0000701
     110       0       0       2       0                               0D0000702
     126     584       0       0       0       0       0       000010000D0000703
     126       0       0       3       0                               0D0000704
     144     587       0       0       0       0       0       000020000D0000705
     144       0       0       1       0                               0D0000706
     128     588       0       0       0       0       0       000010000D0000707
     128       0       0       4       0                               0D0000708
     142     592       0       0       0       0       0       000010500D0000709
     142       0       0       1       0                               0D0000710
     102     593       0       0       0       0       0       000010000D0000711
     102       0       0       1       0                               0D0000712
     126     594       0       0       0       0       0       000010000D0000713
     126       0       0       2       0                               0D0000714
     110     596       0       0       0       0       0       000010000D0000715
     110       0       0       1       0                               0D0000716
     110     597       0       0       0       0       0       000010000D0000717
     110       0       0       1       0                               0D0000718
     110     598       0       0       0       0       0       000010000D0000719
     110       0       0       1       0                               0D0000720
     102     599       0       0       0       0       0       000010000D0000721
     102       0       0       1       0                               0D0000722
     110     600       0       0       0       0       0       000010000D0000723
     110       0       0       1       0                               0D0000724
     126     601       0       0       0       0       0       000010000D0000725
     126       0       0       3       0                               0D0000726
     110     604       0       0       0       0       0       000010000D0000727
     110       0       0       1       0                               0D0000728
     126     605       0       0       0       0       0       000010000D0000729
     126       0       0       2       0                               0D0000730
     144     607       0       0       0       0       0       000020000D0000731
     144       0       0       1       0                               0D0000732
     128     608       0       0       0       0       0       000010000D0000733
     128       0       0       4       0                               0D0000734
     142     612       0       0       0       0       0       000010500D0000735
     142       0       0       1       0                               0D0000736
     102     613       0       0       0       0       0       000010000D0000737
     102       0       0       1       0                               0D0000738
     110     614       0       0       0       0       0       000010000D0000739
     110       0       0       1       0                               0D0000740
     110     615       0       0       0       0       0       000010000D0000741
     110       0       0       1       0                               0D0000742
     126     616       0       0       0       0       0       000010000D0000743
     126       0       0       2       0                               0D0000744
     110     618       0       0       0       0       0       000010000D0000745
     110       0       0       1       0                               0D0000746
     102     619       0       0       0       0       0       000010000D0000747
     102       0       0       1       0                               0D0000748
     110     620       0       0       0       0       0       000010000D0000749
     110       0       0       2       0                               0D0000750
     126     622       0       0       0       0       0       000010000D0000751
     126       0       0       2       0                               0D0000752
     110     624       0       0       0       0       0       000010000D0000753
     110       0       0       2       0                               0D0000754
     126     626       0       0       0       0       0       000010000D0000755
     126       0       0       3       0                               0D0000756
     144     629       0       0       0       0       0       000020000D0000757
     144       0       0       1       0                               0D0000758
     128     630       0       0       0       0       0       000010000D0000759
     128       0       0       4       0                               0D0000760
     142     634       0       0       0       0       0       000010500D0000761
     142       0       0       1       0                               0D0000762
     102     635       0       0       0       0       0       000010000D0000763
     102       0       0       1       0                               0D0000764
     126     636       0       0       0       0       0       000010000D0000765
     126       0       0       2       0                               0D0000766
     110     638       0       0       0       0       0       000010000D0000767
     110       0       0       1       0                               0D0000768
     110     639       0       0       0       0       0       000010000D0000769
     110       0       0       1       0                               0D0000770
     110     640       0       0       0       0       0       000010000D0000771
     110       0       0       1       0                               0D0000772
     102     641       0       0       0       0       0       000010000D0000773
     102       0       0       1       0                               0D0000774
     110     642       0       0       0       0       0       000010000D0000775
     110       0       0       1       0                               0D0000776
     126     643       0       0       0       0       0       000010000D0000777
     126       0       0       2       0                               0D0000778
     110     645       0       0       0       0       0       000010000D0000779
     110       0       0       1       0                               0D0000780
     126     646       0       0       0       0       0       000010000D0000781
     126       0       0       2       0                               0D0000782
     144     648       0       0       0       0       0       000020000D0000783
     144       0       0       1       0                               0D0000784
     128     649       0       0       0       0       0       000010000D0000785
     128       0       0       4       0                               0D0000786
     142     653       0       0       0       0       0       000010500D0000787
     142       0       0       1       0                               0D0000788
     102     654       0       0       0       0       0       000010000D0000789
     102       0       0       1       0                               0D0000790
     126     655       0       0       0       0       0       000010000D0000791
     126       0       0       2       0                               0D0000792
     110     657       0       0       0       0       0       000010000D0000793
     110       0       0       1       0                               0D0000794
     110     658       0       0       0       0       0       000010000D0000795
     110       0       0       1       0                               0D0000796
     110     659       0       0       0       0       0       000010000D0000797
     110       0       0       1       0                               0D0000798
     102     660       0       0       0       0       0       000010000D0000799
     102       0       0       1       0                               0D0000800
     110     661       0       0       0       0       0       000010000D0000801
     110       0       0       2       0                               0D0000802
     126     663       0       0       0       0       0       000010000D0000803
     126       0       0       3       0                               0D0000804
     110     666       0       0       0       0       0       000010000D0000805
     110       0       0       2       0                               0D0000806
     126     668       0       0       0       0       0       000010000D0000807
     126       0       0       3       0                               0D0000808
     144     671       0       0       0       0       0       000020000D0000809
     144       0       0       1       0                               0D0000810
     128     672       0       0       0       0       0       000010000D0000811
     128       0       0       4       0                               0D0000812
     142     676       0       0       0       0       0       000010500D0000813
     142       0       0       1       0                               0D0000814
     102     677       0       0       0       0       0       000010000D0000815
     102       0       0       1       0                               0D0000816
     110     678       0       0       0       0       0       000010000D0000817
     110       0       0       1       0                               0D0000818
     110     679       0       0       0       0       0       000010000D0000819
     110       0       0       1       0                               0D0000820
     126     680       0       0       0       0       0       000010000D0000821
     126       0       0       2       0                               0D0000822
     110     682       0       0       0       0       0       000010000D0000823
     110       0       0       1       0                               0D0000824
     102     683       0       0       0       0       0       000010000D0000825
     102       0       0       1       0                               0D0000826
     110     684       0       0       0       0       0       000010000D0000827
     110       0       0       2       0                               0D0000828
     126     686       0       0       0       0       0       000010000D0000829
     126       0       0       2       0                               0D0000830
     110     688       0       0       0       0       0       000010000D0000831
     110       0       0       2       0                               0D0000832
     126     690       0       0       0       0       0       000010000D0000833
     126       0       0       3       0                               0D0000834
     144     693       0       0       0       0       0       000020000D0000835
     144       0       0       1       0                               0D0000836
     128     694       0       0       0       0       0       000010000D0000837
     128       0       0       4       0                               0D0000838
     142     698       0       0       0       0       0       000010500D0000839
     142       0       0       1       0                               0D0000840
     102     699       0       0       0       0       0       000010000D0000841
     102       0       0       1       0                               0D0000842
     110     700       0       0       0       0       0       000010000D0000843
     110       0       0       1       0                               0D0000844
     110     701       0       0       0       0       0       000010000D0000845
     110       0       0       1       0                               0D0000846
     126     702       0       0       0       0       0       000010000D0000847
     126       0       0       2       0                               0D0000848
     110     704       0       0       0       0       0       000010000D0000849
     110       0       0       1       0                               0D0000850
     102     705       0       0       0       0       0       000010000D0000851
     102       0       0       1       0                               0D0000852
     110     706       0       0       0       0       0       000010000D0000853
     110       0       0       1       0                               0D0000854
     126     707       0       0       0       0       0       000010000D0000855
     126       0       0       3       0                               0D0000856
     110     710       0       0       0       0       0       000010000D0000857
     110       0       0       1       0                               0D0000858
     126     711       0       0       0       0       0       000010000D0000859
     126       0       0       2       0                               0D0000860
     144     713       0       0       0       0       0       000020000D0000861
     144       0       0       1       0                               0D0000862
     128     714       0       0       0       0       0       000010000D0000863
     128       0       0       4       0                               0D0000864
     142     718       0       0       0       0       0       000010500D0000865
     142       0       0       1       0                               0D0000866
     102     719       0       0       0       0       0       000010000D0000867
     102       0       0       1       0                               0D0000868
     126     720       0       0       0       0       0       000010000D0000869
     126       0       0       2       0                               0D0000870
     110     722       0       0       0       0       0       000010000D0000871
     110       0       0       1       0                               0D0000872
     110     723       0       0       0       0       0       000010000D0000873
     110       0       0       1       0                               0D0000874
     110     724       0       0       0       0       0       000010000D0000875
     110       0       0       1       0                               0D0000876
     102     725       0       0       0       0       0       000010000D0000877
     102       0       0       1       0                               0D0000878
     110     726       0       0       0       0       0       000010000D0000879
     110       0       0       2       0                               0D0000880
     126     728       0       0       0       0       0       000010000D0000881
     126       0       0       3       0                               0D0000882
     110     731       0       0       0       0       0       000010000D0000883
     110       0       0       2       0                               0D0000884
     126     733       0       0       0       0       0       000010000D0000885
     126       0       0       3       0                               0D0000886
     144     736       0       0       0       0       0       000020000D0000887
     144       0       0       1       0                               0D0000888
     128     737       0       0       0       0       0       000010000D0000889
     128       0       0       4       0                               0D0000890
     142     741       0       0       0       0       0       000010500D0000891
     142       0       0       1       0                               0D0000892
     102     742       0       0       0       0       0       000010000D0000893
     102       0       0       1       0                               0D0000894
     110     743       0       0       0       0       0       000010000D0000895
     110       0       0       1       0                               0D0000896
     110     744       0       0       0       0       0       000010000D0000897
     110       0       0       1       0                               0D0000898
     126     745       0       0       0       0       0       000010000D0000899
     126       0       0       2       0                               0D0000900
     110     747       0       0       0       0       0       000010000D0000901
     110       0       0       1       0                               0D0000902
     102     748       0       0       0       0       0       000010000D0000903
     102       0       0       1       0                               0D0000904
     110     749       0       0       0       0       0       000010000D0000905
     110       0       0       1       0                               0D0000906
     126     750       0       0       0       0       0       000010000D0000907
     126       0       0       3       0                               0D0000908
     110     753       0       0       0       0       0       000010000D0000909
     110       0       0       2       0                               0D0000910
     126     755       0       0       0       0       0       000010000D0000911
     126       0       0       3       0                               0D0000912
     144     758       0       0       0       0       0       000020000D0000913
     144       0       0       1       0                               0D0000914
     128     759       0       0       0       0       0       000010000D0000915
     128       0       0       4       0                               0D0000916
     142     763       0       0       0       0       0       000010500D0000917
     142       0       0       1       0                               0D0000918
     102     764       0       0       0       0       0       000010000D0000919
     102       0       0       1       0                               0D0000920
     126     765       0       0       0       0       0       000010000D0000921
     126       0       0       2       0                               0D0000922
     110     767       0       0       0       0       0       000010000D0000923
     110       0       0       1       0                               0D0000924
     110     768       0       0       0       0       0       000010000D0000925
     110       0       0       1       0                               0D0000926
     110     769       0       0       0       0       0       000010000D0000927
     110       0       0       1       0                               0D0000928
     102     770       0       0       0       0       0       000010000D0000929
     102       0       0       1       0                               0D0000930
     110     771       0       0       0       0       0       000010000D0000931
     110       0       0       2       0                               0D0000932
     126     773       0       0       0       0       0       000010000D0000933
     126       0       0       3       0                               0D0000934
     110     776       0       0       0       0       0       000010000D0000935
     110       0       0       2       0                               0D0000936
     126     778       0       0       0       0       0       000010000D0000937
     126       0       0       3       0                               0D0000938
     144     781       0       0       0       0       0       000020000D0000939
     144       0       0       1       0                               0D0000940
     128     782       0       0       0       0       0       000010000D0000941
     128       0       0       4       0                               0D0000942
     142     786       0       0       0       0       0       000010500D0000943
     142       0       0       1       0                               0D0000944
     102     787       0       0       0       0       0       000010000D0000945
     102       0       0       1       0                               0D0000946
     110     788       0       0       0       0       0       000010000D0000947
     110       0       0       1       0                               0D0000948
     110     789       0       0       0       0       0       000010000D0000949
     110       0       0       1       0                               0D0000950
     126     790       0       0       0       0       0       000010000D0000951
     126       0       0       2       0                               0D0000952
     110     792       0       0       0       0       0       000010000D0000953
     110       0       0       1       0                               0D0000954
     102     793       0       0       0       0       0       000010000D0000955
     102       0       0       1       0                               0D0000956
     110     794       0       0       0       0       0       000010000D0000957
     110       0       0       2       0                               0D0000958
     126     796       0       0       0       0       0       000010000D0000959
     126       0       0       3       0                               0D0000960
     110     799       0       0       0       0       0       000010000D0000961
     110       0       0       2       0                               0D0000962
     126     801       0       0       0       0       0       000010000D0000963
     126       0       0       3       0                               0D0000964
     144     804       0       0       0       0       0       000020000D0000965
     144       0       0       1       0                               0D0000966
     128     805       0       0       0       0       0       000010000D0000967
     128       0       0       4       0                               0D0000968
     142     809       0       0       0       0       0       000010500D0000969
     142       0       0       1       0                               0D0000970
     102     810       0       0       0       0       0       000010000D0000971
     102       0       0       1       0                               0D0000972
     110     811       0       0       0       0       0       000010000D0000973
     110       0       0       1       0                               0D0000974
     110     812       0       0       0       0       0       000010000D0000975
     110       0       0       1       0                               0D0000976
     126     813       0       0       0       0       0       000010000D0000977
     126       0       0       2       0                               0D0000978
     110     815       0       0       0       0       0       000010000D0000979
     110       0       0       1       0                               0D0000980
     102     816       0       0       0       0       0       000010000D0000981
     102       0       0       1       0                               0D0000982
     110     817       0       0       0       0       0       000010000D0000983
     110       0       0       1       0                               0D0000984
     126     818       0       0       0       0       0       000010000D0000985
     126       0       0       3       0                               0D0000986
     110     821       0       0       0       0       0       000010000D0000987
     110       0       0       2       0                               0D0000988
     126     823       0       0       0       0       0       000010000D0000989
     126       0       0       3       0                               0D0000990
     144     826       0       0       0       0       0       000020000D0000991
     144       0       0       1       0                               0D0000992
     128     827       0       0       0       0       0       000010000D0000993
     128       0       0       4       0                               0D0000994
     142     831       0       0       0       0       0       000010500D0000995
     142       0       0       1       0                               0D0000996
     102     832       0       0       0       0       0       000010000D0000997
     102       0       0       1       0                               0D0000998
     126     833       0       0       0       0       0       000010000D0000999
     126       0       0       2       0                               0D0001000
     110     835       0       0       0       0       0       000010000D0001001
     110       0       0       1       0                               0D0001002
     110     836       0       0       0       0       0       000010000D0001003
     110       0       0       1       0                               0D0001004
     110     837       0       0       0       0       0       000010000D0001005
     110       0       0       1       0                               0D0001006
     102     838       0       0       0       0       0       000010000D0001007
     102       0       0       1       0                               0D0001008
     110     839       0       0       0       0       0       000010000D0001009
     110       0       0       2       0                               0D0001010
     126     841       0       0       0       0       0       000010000D0001011
     126       0       0       3       0                               0D0001012
     110     844       0       0       0       0       0       000010000D0001013
     110       0       0       2       0                               0D0001014
     126     846       0       0       0       0       0       000010000D0001015
     126       0       0       3       0                               0D0001016
     144     849       0       0       0       0       0       000020000D0001017
     144       0       0       1       0                               0D0001018
     128     850       0       0       0       0       0       000010000D0001019
     128       0       0       4       0                               0D0001020
     142     854       0       0       0       0       0       000010500D0001021
     142       0       0       1       0                               0D0001022
     102     855       0       0       0       0       0       000010000D0001023
     102       0       0       1       0                               0D0001024
     110     856       0       0       0       0       0       000010000D0001025
     110       0       0       1       0                               0D0001026
     110     857       0       0       0       0       0       000010000D0001027
     110       0       0       1       0                               0D0001028
     126     858       0       0       0       0       0       000010000D0001029
     126       0       0       2       0                               0D0001030
     110     860       0       0       0       0       0       000010000D0001031
     110       0       0       1       0                               0D0001032
     102     861       0       0       0       0       0       000010000D0001033
     102       0       0       1       0                               0D0001034
     110     862       0       0       0       0       0       000010000D0001035
     110       0       0       2       0                               0D0001036
     126     864       0       0       0       0       0       000010000D0001037
     126       0       0       3       0                               0D0001038
     110     867       0       0       0       0       0       000010000D0001039
     110       0       0       2       0                               0D0001040
     126     869       0       0       0       0       0       000010000D0001041
     126       0       0       3       0                               0D0001042
     144     872       0       0       0       0       0       000020000D0001043
     144       0       0       1       0                               0D0001044
     128     873       0       0       0       0       0       000010000D0001045
     128       0       0       4       0                               0D0001046
     142     877       0       0       0       0       0       000010500D0001047
     142       0       0       1       0                               0D0001048
     102     878       0       0       0       0       0       000010000D0001049
     102       0       0       1       0                               0D0001050
     110     879       0       0       0       0       0       000010000D0001051
     110       0       0       1       0                               0D0001052
     110     880       0       0       0       0       0       000010000D0001053
     110       0       0       1       0                               0D0001054
     126     881       0       0       0       0       0       000010000D0001055
     126       0       0       2       0                               0D0001056
     110     883       0       0       0       0       0       000010000D0001057
     110       0       0       1       0                               0D0001058
     102     884       0       0       0       0       0       000010000D0001059
     102       0       0       1       0                               0D0001060
     110     885       0       0       0       0       0       000010000D0001061
     110       0       0       2       0                               0D0001062
     126     887       0       0       0       0       0       000010000D0001063
     126       0       0       3       0                               0D0001064
     110     890       0       0       0       0       0       000010000D0001065
     110       0       0       2       0                               0D0001066
     126     892       0       0       0       0       0       000010000D0001067
     126       0       0       3       0                               0D0001068
     144     895       0       0       0       0       0       000020000D0001069
     144       0       0       1       0                               0D0001070
     128     896       0       0       0       0       0       000010000D0001071
     128       0       0       5       0                               0D0001072
     142     901       0       0       0       0       0       000010500D0001073
     142       0       0       1       0                               0D0001074
     102     902       0       0       0       0       0       000010000D0001075
     102       0       0       1       0                               0D0001076
     110     903       0       0       0       0       0       000010000D0001077
     110       0       0       1       0                               0D0001078
     110     904       0       0       0       0       0       000010000D0001079
     110       0       0       1       0                               0D0001080
     126     905       0       0       0       0       0       000010000D0001081
     126       0       0       2       0                               0D0001082
     110     907       0       0       0       0       0       000010000D0001083
     110       0       0       1       0                               0D0001084
     102     908       0       0       0       0       0       000010000D0001085
     102       0       0       1       0                               0D0001086
     110     909       0       0       0       0       0       000010000D0001087
     110       0       0       2       0                               0D0001088
     126     911       0       0       0       0       0       000010000D0001089
     126       0       0       3       0                               0D0001090
     110     914       0       0       0       0       0       000010000D0001091
     110       0       0       2       0                               0D0001092
     126     916       0       0       0       0       0       000010000D0001093
     126       0       0       3       0                               0D0001094
     144     919       0       0       0       0       0       000020000D0001095
     144       0       0       1       0                               0D0001096
     128     920       0       0       0       0       0       000010000D0001097
     128       0       0       4       0                               0D0001098
     142     924       0       0       0       0       0       000010500D0001099
     142       0       0       1       0                               0D0001100
     102     925       0       0       0       0       0       000010000D0001101
     102       0       0       1       0                               0D0001102
     110     926       0       0       0       0       0       000010000D0001103
     110       0       0       1       0                               0D0001104
     110     927       0       0       0       0       0       000010000D0001105
     110       0       0       1       0                               0D0001106
     126     928       0       0       0       0       0       000010000D0001107
     126       0       0       2       0                               0D0001108
     110     930       0       0       0       0       0       000010000D0001109
     110       0       0       1       0                               0D0001110
     102     931       0       0       0       0       0       000010000D0001111
     102       0       0       1       0                               0D0001112
     110     932       0       0       0       0       0       000010000D0001113
     110       0       0       2       0                               0D0001114
     126     934       0       0       0       0       0       000010000D0001115
     126       0       0       3       0                               0D0001116
     110     937       0       0       0       0       0       000010000D0001117
     110       0       0       2       0                               0D0001118
     126     939       0       0       0       0       0       000010000D0001119
     126       0       0       3       0                               0D0001120
     144     942       0       0       0       0       0       000020000D0001121
     144       0       0       1       0                               0D0001122
     128     943       0       0       0       0       0       000010000D0001123
     128       0       0       4       0                               0D0001124
     142     947       0       0       0       0       0       000010500D0001125
     142       0       0       1       0                               0D0001126
     102     948       0       0       0       0       0       000010000D0001127
     102       0       0       1       0                               0D0001128
     110     949       0       0       0       0       0       000010000D0001129
     110       0       0       1       0                               0D0001130
     110     950       0       0       0       0       0       000010000D0001131
     110       0       0       1       0                               0D0001132
     126     951       0       0       0       0       0       000010000D0001133
     126       0       0       2       0                               0D0001134
     110     953       0       0       0       0       0       000010000D0001135
     110       0       0       1       0                               0D0001136
     102     954       0       0       0       0       0       000010000D0001137
     102       0       0       1       0                               0D0001138
     110     955       0       0       0       0       0       000010000D0001139
     110       0       0       2       0                               0D0001140
     126     957       0       0       0       0       0       000010000D0001141
     126       0       0       3       0                               0D0001142
     110     960       0       0       0       0       0       000010000D0001143
     110       0       0       2       0                               0D0001144
     126     962       0       0       0       0       0       000010000D0001145
     126       0       0       3       0                               0D0001146
     144     965       0       0       0       0       0       000020000D0001147
     144       0       0       1       0                               0D0001148
     128     966       0       0       0       0       0       000010000D0001149
     128       0       0       4       0                               0D0001150
     142     970       0       0       0       0       0       000010500D0001151
     142       0       0       1       0                               0D0001152
     102     971       0       0       0       0       0       000010000D0001153
     102       0       0       1       0                               0D0001154
     110     972       0       0       0       0       0       000010000D0001155
     110       0       0       1       0                               0D0001156
     110     973       0       0       0       0       0       000010000D0001157
     110       0       0       1       0                               0D0001158
     126     974       0       0       0       0       0       000010000D0001159
     126       0       0       2       0                               0D0001160
     110     976       0       0       0       0       0       000010000D0001161
     110       0       0       1       0                               0D0001162
     102     977       0       0       0       0       0       000010000D0001163
     102       0       0       1       0                               0D0001164
     110     978       0       0       0       0       0       000010000D0001165
     110       0       0       2       0                               0D0001166
     126     980       0       0       0       0       0       000010000D0001167
     126       0       0       3       0                               0D0001168
     110     983       0       0       0       0       0       000010000D0001169
     110       0       0       2       0                               0D0001170
     126     985       0       0       0       0       0       000010000D0001171
     126       0       0       3       0                               0D0001172
     144     988       0       0       0       0       0       000020000D0001173
     144       0       0       1       0                               0D0001174
     128     989       0       0       0       0       0       000010000D0001175
     128       0       0       4       0                               0D0001176
     142     993       0       0       0       0       0       000010500D0001177
     142       0       0       1       0                               0D0001178
     102     994       0       0       0       0       0       000010000D0001179
     102       0       0       1       0                               0D0001180
     110     995       0       0       0       0       0       000010000D0001181
     110       0       0       1       0                               0D0001182
     110     996       0       0       0       0       0       000010000D0001183
     110       0       0       1       0                               0D0001184
     126     997       0       0       0       0       0       000010000D0001185
     126       0       0       2       0                               0D0001186
     110     999       0       0       0       0       0       000010000D0001187
     110       0       0       1       0                               0D0001188
     102    1000       0       0       0       0       0       000010000D0001189
     102       0       0       1       0                               0D0001190
     110    1001       0       0       0       0       0       000010000D0001191
     110       0       0       2       0                               0D0001192
     126    1003       0       0       0       0       0       000010000D0001193
     126       0       0       3       0                               0D0001194
     110    1006       0       0       0       0       0       000010000D0001195
     110       0       0       2       0                               0D0001196
     126    1008       0       0       0       0       0       000010000D0001197
     126       0       0       3       0                               0D0001198
     144    1011       0       0       0       0       0       000020000D0001199
     144       0       0       1       0                               0D0001200
     128    1012       0       0       0       0       0       000010000D0001201
     128       0       0       5       0                               0D0001202
     142    1017       0       0       0       0       0       000010500D0001203
     142       0       0       1       0                               0D0001204
     102    1018       0       0       0       0       0       000010000D0001205
     102       0       0       1       0                               0D0001206
     110    1019       0       0       0       0       0       000010000D0001207
     110       0       0       1       0                               0D0001208
     110    1020       0       0       0       0       0       000010000D0001209
     110       0       0       1       0                               0D0001210
     126    1021       0       0       0       0       0       000010000D0001211
     126       0       0       2       0                               0D0001212
     110    1023       0       0       0       0       0       000010000D0001213
     110       0       0       1       0                               0D0001214
     102    1024       0       0       0       0       0       000010000D0001215
     102       0       0       1       0                               0D0001216
     110    1025       0       0       0       0       0       000010000D0001217
     110       0       0       2       0                               0D0001218
     126    1027       0       0       0       0       0       000010000D0001219
     126       0       0       3       0                               0D0001220
     110    1030       0       0       0       0       0       000010000D0001221
     110       0       0       2       0                               0D0001222
     126    1032       0       0       0       0       0       000010000D0001223
     126       0       0       3       0                               0D0001224
     144    1035       0       0       0       0       0       000020000D0001225
     144       0       0       1       0                               0D0001226
     128    1036       0       0       0       0       0       000010000D0001227
     128       0       0       4       0                               0D0001228
     142    1040       0       0       0       0       0       000010500D0001229
     142       0       0       1       0                               0D0001230
     102    1041       0       0       0       0       0       000010000D0001231
     102       0       0       1       0                               0D0001232
     110    1042       0       0       0       0       0       000010000D0001233
     110       0       0       1       0                               0D0001234
     110    1043       0       0       0       0       0       000010000D0001235
     110       0       0       1       0                               0D0001236
     126    1044       0       0       0       0       0       000010000D0001237
     126       0       0       2       0                               0D0001238
     110    1046       0       0       0       0       0       000010000D0001239
     110       0       0       1       0                               0D0001240
     102    1047       0       0       0       0       0       000010000D0001241
     102       0       0       1       0                               0D0001242
     110    1048       0       0       0       0       0       000010000D0001243
     110       0       0       2       0                               0D0001244
     126    1050       0       0       0       0       0       000010000D0001245
     126       0       0       3       0                               0D0001246
     110    1053       0       0       0       0       0       000010000D0001247
     110       0       0       2       0                               0D0001248
     126    1055       0       0       0       0       0       000010000D0001249
     126       0       0       3       0                               0D0001250
     144    1058       0       0       0       0       0       000020000D0001251
     144       0       0       1       0                               0D0001252
     128    1059       0       0       0       0       0       000010000D0001253
     128       0       0       5       0                               0D0001254
     142    1064       0       0       0       0       0       000010500D0001255
     142       0       0       1       0                               0D0001256
     102    1065       0       0       0       0       0       000010000D0001257
     102       0       0       1       0                               0D0001258
     110    1066       0       0       0       0       0       000010000D0001259
     110       0       0       1       0                               0D0001260
     110    1067       0       0       0       0       0       000010000D0001261
     110       0       0       1       0                               0D0001262
     126    1068       0       0       0       0       0       000010000D0001263
     126       0       0       2       0                               0D0001264
     110    1070       0       0       0       0       0       000010000D0001265
     110       0       0       1       0                               0D0001266
     102    1071       0       0       0       0       0       000010000D0001267
     102       0       0       1       0                               0D0001268
     110    1072       0       0       0       0       0       000010000D0001269
     110       0       0       2       0                               0D0001270
     126    1074       0       0       0       0       0       000010000D0001271
     126       0       0       3       0                               0D0001272
     110    1077       0       0       0       0       0       000010000D0001273
     110       0       0       2       0                               0D0001274
     126    1079       0       0       0       0       0       000010000D0001275
     126       0       0       3       0                               0D0001276
     144    1082       0       0       0       0       0       000020000D0001277
     144       0       0       1       0                               0D0001278
     128    1083       0       0       0       0       0       000010000D0001279
     128       0       0       4       0                               0D0001280
     142    1087       0       0       0       0       0       000010500D0001281
     142       0       0       1       0                               0D0001282
     102    1088       0       0       0       0       0       000010000D0001283
     102       0       0       1       0                               0D0001284
     110    1089       0       0       0       0       0       000010000D0001285
     110       0       0       1       0                               0D0001286
     110    1090       0       0       0       0       0       000010000D0001287
     110       0       0       1       0                               0D0001288
     126    1091       0       0       0       0       0       000010000D0001289
     126       0       0       2       0                               0D0001290
     110    1093       0       0       0       0       0       000010000D0001291
     110       0       0       1       0                               0D0001292
     102    1094       0       0       0       0       0       000010000D0001293
     102       0       0       1       0                               0D0001294
     110    1095       0       0       0       0       0       000010000D0001295
     110       0       0       2       0                               0D0001296
     126    1097       0       0       0       0       0       000010000D0001297
     126       0       0       3       0                               0D0001298
     110    1100       0       0       0       0       0       000010000D0001299
     110       0       0       2       0                               0D0001300
     126    1102       0       0       0       0       0       000010000D0001301
     126       0       0       3       0                               0D0001302
     144    1105       0       0       0       0       0       000020000D0001303
     144       0       0       1       0                               0D0001304
     128    1106       0       0       0       0       0       000010000D0001305
     128       0       0       4       0                               0D0001306
     142    1110       0       0       0       0       0       000010500D0001307
     142       0       0       1       0                               0D0001308
     102    1111       0       0       0       0       0       000010000D0001309
     102       0       0       1       0                               0D0001310
     126    1112       0       0       0       0       0       000010000D0001311
     126       0       0       2       0                               0D0001312
     110    1114       0       0       0       0       0       000010000D0001313
     110       0       0       1       0                               0D0001314
     110    1115       0       0       0       0       0       000010000D0001315
     110       0       0       1       0                               0D0001316
     110    1116       0       0       0       0       0       000010000D0001317
     110       0       0       1       0                               0D0001318
     102    1117       0       0       0       0       0       000010000D0001319
     102       0       0       1       0                               0D0001320
     110    1118       0       0       0       0       0       000010000D0001321
     110       0       0       2       0                               0D0001322
     126    1120       0       0       0       0       0       000010000D0001323
     126       0       0       3       0                               0D0001324
     110    1123       0       0       0       0       0       000010000D0001325
     110       0       0       1       0                               0D0001326
     126    1124       0       0       0       0       0       000010000D0001327
     126       0       0       2       0                               0D0001328
     144    1126       0       0       0       0       0       000020000D0001329
     144       0       0       1       0                               0D0001330
     128    1127       0       0       0       0       0       000010000D0001331
     128       0       0       4       0                               0D0001332
     142    1131       0       0       0       0       0       000010500D0001333
     142       0       0       1       0                               0D0001334
     102    1132       0       0       0       0       0       000010000D0001335
     102       0       0       1       0                               0D0001336
     110    1133       0       0       0       0       0       000010000D0001337
     110       0       0       1       0                               0D0001338
     110    1134       0       0       0       0       0       000010000D0001339
     110       0       0       1       0                               0D0001340
     126    1135       0       0       0       0       0       000010000D0001341
     126       0       0       2       0                               0D0001342
     110    1137       0       0       0       0       0       000010000D0001343
     110       0       0       1       0                               0D0001344
     102    1138       0       0       0       0       0       000010000D0001345
     102       0       0       1       0                               0D0001346
     110    1139       0       0       0       0       0       000010000D0001347
     110       0       0       2       0                               0D0001348
     126    1141       0       0       0       0       0       000010000D0001349
     126       0       0       2       0                               0D0001350
     110    1143       0       0       0       0       0       000010000D0001351
     110       0       0       1       0                               0D0001352
     126    1144       0       0       0       0       0       000010000D0001353
     126       0       0       3       0                               0D0001354
     144    1147       0       0       0       0       0       000020000D0001355
     144       0       0       1       0                               0D0001356
     128    1148       0       0       0       0       0       000010000D0001357
     128       0       0       4       0                               0D0001358
     142    1152       0       0       0       0       0       000010500D0001359
     142       0       0       1       0                               0D0001360
     102    1153       0       0       0       0       0       000010000D0001361
     102       0       0       1       0                               0D0001362
     110    1154       0       0       0       0       0       000010000D0001363
     110       0       0       1       0                               0D0001364
     110    1155       0       0       0       0       0       000010000D0001365
     110       0       0       1       0                               0D0001366
     126    1156       0       0       0       0       0       000010000D0001367
     126       0       0       2       0                               0D0001368
     110    1158       0       0       0       0       0       000010000D0001369
     110       0       0       1       0                               0D0001370
     102    1159       0       0       0       0       0       000010000D0001371
     102       0       0       1       0                               0D0001372
     110    1160       0       0       0       0       0       000010000D0001373
     110       0       0       2       0                               0D0001374
     126    1162       0       0       0       0       0       000010000D0001375
     126       0       0       3       0                               0D0001376
     110    1165       0       0       0       0       0       000010000D0001377
     110       0       0       1       0                               0D0001378
     126    1166       0       0       0       0       0       000010000D0001379
     126       0       0       2       0                               0D0001380
     144    1168       0       0       0       0       0       000020000D0001381
     144       0       0       1       0                               0D0001382
     128    1169       0       0       0       0       0       000010000D0001383
     128       0       0       4       0                               0D0001384
     142    1173       0       0       0       0       0       000010500D0001385
     142       0       0       1       0                               0D0001386
     102    1174       0       0       0       0       0       000010000D0001387
     102       0       0       1       0                               0D0001388
     126    1175       0       0       0       0       0       000010000D0001389
     126       0       0       2       0                               0D0001390
     110    1177       0       0       0       0       0       000010000D0001391
     110       0       0       1       0                               0D0001392
     110    1178       0       0       0       0       0       000010000D0001393
     110       0       0       1       0                               0D0001394
     110    1179       0       0       0       0       0       000010000D0001395
     110       0       0       1       0                               0D0001396
     102    1180       0       0       0       0       0       000010000D0001397
     102       0       0       1       0                               0D0001398
     110    1181       0       0       0       0       0       000010000D0001399
     110       0       0       2       0                               0D0001400
     126    1183       0       0       0       0       0       000010000D0001401
     126       0       0       2       0                               0D0001402
     110    1185       0       0       0       0       0       000010000D0001403
     110       0       0       1       0                               0D0001404
     126    1186       0       0       0       0       0       000010000D0001405
     126       0       0       3       0                               0D0001406
     144    1189       0       0       0       0       0       000020000D0001407
     144       0       0       1       0                               0D0001408
     128    1190       0       0       0       0       0       000010000D0001409
     128       0       0       4       0                               0D0001410
     142    1194       0       0       0       0       0       000010500D0001411
     142       0       0       1       0                               0D0001412
     102    1195       0       0       0       0       0       000010000D0001413
     102       0       0       1       0                               0D0001414
     110    1196       0       0       0       0       0       000010000D0001415
     110       0       0       1       0                               0D0001416
     110    1197       0       0       0       0       0       000010000D0001417
     110       0       0       1       0                               0D0001418
     126    1198       0       0       0       0       0       000010000D0001419
     126       0       0       2       0                               0D0001420
     110    1200       0       0       0       0       0       000010000D0001421
     110       0       0       1       0                               0D0001422
     102    1201       0       0       0       0       0       000010000D0001423
     102       0       0       1       0                               0D0001424
     110    1202       0       0       0       0       0       000010000D0001425
     110       0       0       2       0                               0D0001426
     126    1204       0       0       0       0       0       000010000D0001427
     126       0       0       2       0                               0D0001428
     110    1206       0       0       0       0       0       000010000D0001429
     110       0       0       1       0                               0D0001430
     126    1207       0       0       0       0       0       000010000D0001431
     126       0       0       2       0                               0D0001432
     144    1209       0       0       0       0       0       000020000D0001433
     144       0       0       1       0                               0D0001434
     108    1210       0       0       0       0       0       000010000D0001435
     108       0       0       1       0                               0D0001436
     142    1211       0       0       0       0       0       000010500D0001437
     142       0       0       1       0                               0D0001438
     102    1212       0       0       0       0       0       000010000D0001439
     102       0       0       1       0                               0D0001440
     110    1213       0       0       0       0       0       000010000D0001441
     110       0       0       1       0                               0D0001442
     110    1214       0       0       0       0       0       000010000D0001443
     110       0       0       1       0                               0D0001444
     110    1215       0       0       0       0       0       000010000D0001445
     110       0       0       1       0                               0D0001446
     110    1216       0       0       0       0       0       000010000D0001447
     110       0       0       1       0                               0D0001448
     110    1217       0       0       0       0       0       000010000D0001449
     110       0       0       1       0                               0D0001450
     144    1218       0       0       0       0       0       000020000D0001451
     144       0       0       1       0                               0D0001452
     108    1219       0       0       0       0       0       000010000D0001453
     108       0       0       1       0                               0D0001454
     142    1220       0       0       0       0       0       000010500D0001455
     142       0       0       1       0                               0D0001456
     102    1221       0       0       0       0       0       000010000D0001457
     102       0       0       1       0                               0D0001458
     110    1222       0       0       0       0       0       000010000D0001459
     110       0       0       1       0                               0D0001460
     110    1223       0       0       0       0       0       000010000D0001461
     110       0       0       1       0                               0D0001462
     110    1224       0       0       0       0       0       000010000D0001463
     110       0       0       1       0                               0D0001464
     110    1225       0       0       0       0       0       000010000D0001465
     110       0       0       1       0                               0D0001466
     110    1226       0       0       0       0       0       000010000D0001467
     110       0       0       1       0                               0D0001468
402,57,3,29,55,81,107,133,159,185,211,237,263,289,315,341,367,   0000001P0000001
393,419,445,471,497,523,549,575,601,627,653,679,705,731,757,783, 0000001P0000002
809,835,861,887,913,939,965,991,1017,1043,1069,1095,1121,1147,   0000001P0000003
1173,1199,1225,1251,1277,1303,1329,1355,1381,1407,1433,1451;     0000001P0000004
144,5,1,0,7;                                                     0000003P0000005
128,1,1,1,1,0,0,1,0,0,0.,0.,1.352378732,1.352378732,0.,0.,1.,1., 0000005P0000006
1.,1.,1.,1.,0.,-1.368668426,1.,0.,-1.2,-0.298850998,0.909090909, 0000005P0000007
-1.377910993,1.,0.909090909,-1.201898777,-0.340875809,0.,        0000005P0000008
1.352378732,0.,1.;                                               0000005P0000009
142,0,5,9,19,3;                                                  0000007P0000010
102,4,11,13,15,17;                                               0000009P0000011
126,1,1,1,0,1,0,0.,0.,1.30975683,1.30975683,1.,1.,0.,0.,0.,      0000011P0000012
1.352378732,0.,0.,0.,1.30975683,0.,0.,1.;                        0000011P0000013
110,1.352378732,0.,0.,1.352378732,1.,0.;                         0000013P0000014
110,1.352378732,1.,0.,0.,1.,0.;                                  0000015P0000015
110,0.,1.,0.,0.,0.,0.;                                           0000017P0000016
102,4,21,23,25,27;                                               0000019P0000017
110,0.,-1.368668426,1.,0.,-1.2,-0.298850998;                     0000021P0000018
126,1,1,1,0,1,0,0.,0.,1.,1.,1.,1.,0.,-1.2,-0.298850998,          0000023P0000019
0.909090909,-1.201898777,-0.340875809,0.,1.,4.617797802E-02,0.,  0000023P0000020
0.998933228;                                                     0000023P0000021
110,0.909090909,-1.201898777,-0.340875809,0.909090909,           0000025P0000022
-1.377910993,1.;                                                 0000025P0000023
126,1,1,1,0,1,0,0.,0.,1.,1.,1.,1.,0.909090909,-1.377910993,1.,   0000027P0000024
0.,-1.368668426,1.,0.,1.,0.,0.,1.;                               0000027P0000025
144,31,1,0,33;                                                   0000029P0000026
128,1,1,1,1,0,0,1,0,0,0.,0.,1.213710525,1.213710525,0.,0.,1.,1., 0000031P0000027
1.,1.,1.,1.,0.,-1.2,-0.298850998,0.,4.382456918E-17,-0.4675,     0000031P0000028
0.909090909,-1.201898777,-0.340875809,0.909090909,               0000031P0000029
2.546611141E-18,-0.509791667,0.,1.213710525,0.,1.;               0000031P0000030
142,0,31,35,45,3;                                                0000033P0000031
102,4,37,39,41,43;                                               0000035P0000032
126,1,1,1,0,1,0,0.,0.,1.211793087,1.211793087,1.,1.,0.,0.,0.,    0000037P0000033
1.213710525,0.,0.,0.,1.211793087,0.,0.,1.;                       0000037P0000034
110,1.213710525,0.,0.,1.213710525,1.,0.;                         0000039P0000035
110,1.213710525,1.,0.,0.,1.,0.;                                  0000041P0000036
110,0.,1.,0.,0.,0.,0.;                                           0000043P0000037
102,4,47,49,51,53;                                               0000045P0000038
110,0.,-1.2,-0.298850998,0.,4.382456918E-17,-0.4675;             0000047P0000039
126,1,1,1,0,1,0,0.,0.,1.,1.,1.,1.,0.,4.382456918E-17,-0.4675,    0000049P0000040
0.909090909,2.546611141E-18,-0.509791667,0.,1.,4.647057498E-02,  0000049P0000041
0.,0.998919659;                                                  0000049P0000042
110,0.909090909,2.546611141E-18,-0.509791667,0.909090909,        0000051P0000043
-1.201898777,-0.340875809;                                       0000051P0000044
126,1,1,1,0,1,0,0.,0.,1.,1.,1.,1.,0.909090909,-1.201898777,      0000053P0000045
-0.340875809,0.,-1.2,-0.298850998,0.,1.,4.617797802E-02,-0.,     0000053P0000046
0.998933228;                                                     0000053P0000047
144,57,1,0,59;                                                   0000055P0000048
128,1,1,1,1,0,0,1,0,0,0.,0.,1.213710525,1.213710525,0.,0.,1.,1., 0000057P0000049
1.,1.,1.,1.,0.,0.,-0.4675,0.,1.2,-0.298850998,0.909090909,0.,    0000057P0000050
-0.509791667,0.909090909,1.201898777,-0.340875809,0.,            0000057P0000051
1.213710525,0.,1.;                                               0000057P0000052
142,0,57,61,71,3;                                                0000059P0000053
102,4,63,65,67,69;                                               0000061P0000054
126,1,1,1,0,1,0,0.,0.,1.211793087,1.211793087,1.,1.,0.,0.,0.,    0000063P0000055
1.213710525,0.,0.,0.,1.211793087,0.,0.,1.;                       0000063P0000056
110,1.213710525,0.,0.,1.213710525,1.,0.;                         0000065P0000057
110,1.213710525,1.,0.,0.,1.,0.;                                  0000067P0000058
110,0.,1.,0.,0.,0.,0.;                                           0000069P0000059
102,4,73,75,77,79;                                               0000071P0000060
110,0.,0.,-0.4675,0.,1.2,-0.298850998;                           0000073P0000061
126,1,1,1,0,1,0,0.,0.,1.,1.,1.,1.,0.,1.2,-0.298850998,           0000075P0000062
0.909090909,1.201898777,-0.340875809,0.,1.,4.617797802E-02,0.,   0000075P0000063
0.998933228;                                                     0000075P0000064
110,0.909090909,1.201898777,-0.340875809,0.909090909,0.,         0000077P0000065
-0.509791667;                                                    0000077P0000066
126,1,1,1,0,1,0,0.,0.,1.,1.,1.,1.,0.909090909,2.546611141E-18,   0000079P0000067
-0.509791667,0.,4.382456918E-17,-0.4675,0.,1.,4.647057498E-02,   0000079P0000068
-0.,0.998919659;                                                 0000079P0000069
144,83,1,0,85;                                                   0000081P0000070
128,1,1,1,1,0,0,1,0,0,0.,0.,1.352378732,1.352378732,0.,0.,1.,1., 0000083P0000071
1.,1.,1.,1.,0.,1.2,-0.298850998,0.,1.368668426,1.,0.909090909,   0000083P0000072
1.201898777,-0.340875809,0.909090909,1.377910993,1.,0.,          0000083P0000073
1.352378732,0.,1.;                                               0000083P0000074
142,0,83,87,97,3;                                                0000085P0000075
102,4,89,91,93,95;                                               0000087P0000076
126,1,1,1,0,1,0,0.,0.,1.30975683,1.30975683,1.,1.,0.,0.,0.,      0000089P0000077
1.352378732,0.,0.,0.,1.30975683,0.,0.,1.;                        0000089P0000078
110,1.352378732,0.,0.,1.352378732,1.,0.;                         0000091P0000079
110,1.352378732,1.,0.,0.,1.,0.;                                  0000093P0000080
110,0.,1.,0.,0.,0.,0.;                                           0000095P0000081
102,4,99,101,103,105;                                            0000097P0000082
110,0.,1.2,-0.298850998,0.,1.368668426,1.;                       0000099P0000083
126,1,1,1,0,1,0,0.,0.,1.,1.,1.,1.,0.,1.368668426,1.,0.909090909, 0000101P0000084
1.377910993,1.,0.,1.,0.,0.,1.;                                   0000101P0000085
110,0.909090909,1.377910993,1.,0.909090909,1.201898777,          0000103P0000086
-0.340875809;                                                    0000103P0000087
126,1,1,1,0,1,0,0.,0.,1.,1.,1.,1.,0.909090909,1.201898777,       0000105P0000088
-0.340875809,0.,1.2,-0.298850998,0.,1.,4.617797802E-02,-0.,      0000105P0000089
0.998933228;                                                     0000105P0000090
144,109,1,0,111;                                                 0000107P0000091
128,1,1,1,1,0,0,1,0,0,0.,0.,2.755821986,2.755821986,0.,0.,1.,1., 0000109P0000092
1.,1.,1.,1.,0.,1.368668426,1.,0.,-1.368668426,1.,0.909090909,    0000109P0000093
1.377910993,1.,0.909090909,-1.377910993,1.,0.,2.755821986,0.,1.; 0000109P0000094
142,0,109,113,123,3;                                             0000111P0000095
102,4,115,117,119,121;                                           0000113P0000096
126,1,1,1,0,1,0,0.,0.,2.737336853,2.737336853,1.,1.,0.,0.,0.,    0000115P0000097
2.755821986,0.,0.,0.,2.737336853,0.,0.,1.;                       0000115P0000098
110,2.755821986,0.,0.,2.755821986,1.,0.;                         0000117P0000099
110,2.755821986,1.,0.,0.,1.,0.;                                  0000119P0000100
110,0.,1.,0.,0.,0.,0.;                                           0000121P0000101
102,4,125,127,129,131;                                           0000123P0000102
110,0.,1.368668426,1.,0.,-1.368668426,1.;                        0000125P0000103
126,1,1,1,0,1,0,0.,0.,1.,1.,1.,1.,0.,-1.368668426,1.,            0000127P0000104
0.909090909,-1.377910993,1.,0.,1.,0.,0.,1.;                      0000127P0000105
110,0.909090909,-1.377910993,1.,0.909090909,1.377910993,1.;      0000129P0000106
126,1,1,1,0,1,0,0.,0.,1.,1.,1.,1.,0.909090909,1.377910993,1.,0., 0000131P0000107
1.368668426,1.,0.,1.,0.,0.,1.;                                   0000131P0000108
144,135,1,0,137;                                                 0000133P0000109
128,1,1,1,1,0,0,1,0,0,0.,0.,1.37844658,1.37844658,0.,0.,1.,1.,   0000135P0000110
1.,1.,1.,1.,0.909090909,-1.377910993,1.,0.909090909,             0000135P0000111
-1.201898777,-0.340875809,1.818181818,-1.396606449,1.,           0000135P0000112
1.818181818,-1.214616488,-0.366380118,0.,1.37844658,0.,1.;       0000135P0000113
142,0,135,139,149,3;                                             0000137P0000114
102,4,141,143,145,147;                                           0000139P0000115
126,1,1,1,0,1,0,0.,0.,1.352378732,1.352378732,1.,1.,0.,0.,0.,    0000141P0000116
1.37844658,0.,0.,0.,1.352378732,0.,0.,1.;                        0000141P0000117
110,1.37844658,0.,0.,1.37844658,1.,0.;                           0000143P0000118
110,1.37844658,1.,0.,0.,1.,0.;                                   0000145P0000119
110,0.,1.,0.,0.,0.,0.;                                           0000147P0000120
102,4,151,153,155,157;                                           0000149P0000121
110,0.909090909,-1.377910993,1.,0.909090909,-1.201898777,        0000151P0000122
-0.340875809;                                                    0000151P0000123
126,1,1,1,0,1,0,0.,0.,1.,1.,1.,1.,0.909090909,-1.201898777,      0000153P0000124
-0.340875809,1.818181818,-1.214616488,-0.366380118,0.,1.,        0000153P0000125
2.804370593E-02,0.,0.999606698;                                  0000153P0000126
110,1.818181818,-1.214616488,-0.366380118,1.818181818,           0000155P0000127
-1.396606449,1.;                                                 0000155P0000128
126,1,1,1,0,1,0,0.,0.,1.,1.,1.,1.,1.818181818,-1.396606449,1.,   0000157P0000129
0.909090909,-1.377910993,1.,0.,1.,0.,0.,1.;                      0000157P0000130
144,161,1,0,163;                                                 0000159P0000131
128,1,1,1,1,0,0,1,0,0,0.,0.,1.22655322,1.22655322,0.,0.,1.,1.,   0000161P0000132
1.,1.,1.,1.,0.909090909,-1.201898777,-0.340875809,0.909090909,   0000161P0000133
2.546611141E-18,-0.509791667,1.818181818,-1.214616488,           0000161P0000134
-0.366380118,1.818181818,-5.73890879E-17,-0.537083333,0.,        0000161P0000135
1.22655322,0.,1.;                                                0000161P0000136
142,0,161,165,175,3;                                             0000163P0000137
102,4,167,169,171,173;                                           0000165P0000138
126,1,1,1,0,1,0,0.,0.,1.213710525,1.213710525,1.,1.,0.,0.,0.,    0000167P0000139
1.22655322,0.,0.,0.,1.213710525,0.,0.,1.;                        0000167P0000140
110,1.22655322,0.,0.,1.22655322,1.,0.;                           0000169P0000141
110,1.22655322,1.,0.,0.,1.,0.;                                   0000171P0000142
110,0.,1.,0.,0.,0.,0.;                                           0000173P0000143
102,4,177,179,181,183;                                           0000175P0000144
110,0.909090909,-1.201898777,-0.340875809,0.909090909,           0000177P0000145
2.546611141E-18,-0.509791667;                                    0000177P0000146
126,1,1,1,0,1,0,0.,0.,1.,1.,1.,1.,0.909090909,2.546611141E-18,   0000179P0000147
-0.509791667,1.818181818,-5.73890879E-17,-0.537083333,0.,1.,     0000179P0000148
3.000731433E-02,0.,0.999549679;                                  0000179P0000149
110,1.818181818,-5.73890879E-17,-0.537083333,1.818181818,        0000181P0000150
-1.214616488,-0.366380118;                                       0000181P0000151
126,1,1,1,0,1,0,0.,0.,1.,1.,1.,1.,1.818181818,-1.214616488,      0000183P0000152
-0.366380118,0.909090909,-1.201898777,-0.340875809,0.,1.,        0000183P0000153
2.804370593E-02,-0.,0.999606698;                                 0000183P0000154
144,187,1,0,189;                                                 0000185P0000155
128,1,1,1,1,0,0,1,0,0,0.,0.,1.22655322,1.22655322,0.,0.,1.,1.,   0000187P0000156
1.,1.,1.,1.,0.909090909,0.,-0.509791667,0.909090909,1.201898777, 0000187P0000157
-0.340875809,1.818181818,0.,-0.537083333,1.818181818,            0000187P0000158
1.214616488,-0.366380118,0.,1.22655322,0.,1.;                    0000187P0000159
142,0,187,191,201,3;                                             0000189P0000160
102,4,193,195,197,199;                                           0000191P0000161
126,1,1,1,0,1,0,0.,0.,1.213710525,1.213710525,1.,1.,0.,0.,0.,    0000193P0000162
1.22655322,0.,0.,0.,1.213710525,0.,0.,1.;                        0000193P0000163
110,1.22655322,0.,0.,1.22655322,1.,0.;                           0000195P0000164
110,1.22655322,1.,0.,0.,1.,0.;                                   0000197P0000165
110,0.,1.,0.,0.,0.,0.;                                           0000199P0000166
102,4,203,205,207,209;                                           0000201P0000167
110,0.909090909,0.,-0.509791667,0.909090909,1.201898777,         0000203P0000168
-0.340875809;                                                    0000203P0000169
126,1,1,1,0,1,0,0.,0.,1.,1.,1.,1.,0.909090909,1.201898777,       0000205P0000170
-0.340875809,1.818181818,1.214616488,-0.366380118,0.,1.,         0000205P0000171
2.804370593E-02,0.,0.999606698;                                  0000205P0000172
110,1.818181818,1.214616488,-0.366380118,1.818181818,0.,         0000207P0000173
-0.537083333;                                                    0000207P0000174
126,1,1,1,0,1,0,0.,0.,1.,1.,1.,1.,1.818181818,-5.73890879E-17,   0000209P0000175
-0.537083333,0.909090909,2.546611141E-18,-0.509791667,0.,1.,     0000209P0000176
3.000731433E-02,-0.,0.999549679;                                 0000209P0000177
144,213,1,0,215;                                                 0000211P0000178
128,1,1,1,1,0,0,1,0,0,0.,0.,1.37844658,1.37844658,0.,0.,1.,1.,   0000213P0000179
1.,1.,1.,1.,0.909090909,1.201898777,-0.340875809,0.909090909,    0000213P0000180
1.377910993,1.,1.818181818,1.214616488,-0.366380118,1.818181818, 0000213P0000181
1.396606449,1.,0.,1.37844658,0.,1.;                              0000213P0000182
142,0,213,217,227,3;                                             0000215P0000183
102,4,219,221,223,225;                                           0000217P0000184
126,1,1,1,0,1,0,0.,0.,1.352378732,1.352378732,1.,1.,0.,0.,0.,    0000219P0000185
1.37844658,0.,0.,0.,1.352378732,0.,0.,1.;                        0000219P0000186
110,1.37844658,0.,0.,1.37844658,1.,0.;                           0000221P0000187
110,1.37844658,1.,0.,0.,1.,0.;                                   0000223P0000188
110,0.,1.,0.,0.,0.,0.;                                           0000225P0000189
102,4,229,231,233,235;                                           0000227P0000190
110,0.909090909,1.201898777,-0.340875809,0.909090909,            0000229P0000191
1.377910993,1.;                                                  0000229P0000192
126,1,1,1,0,1,0,0.,0.,1.,1.,1.,1.,0.909090909,1.377910993,1.,    0000231P0000193
1.818181818,1.396606449,1.,0.,1.,0.,0.,1.;                       0000231P0000194
110,1.818181818,1.396606449,1.,1.818181818,1.214616488,          0000233P0000195
-0.366380118;                                                    0000233P0000196
126,1,1,1,0,1,0,0.,0.,1.,1.,1.,1.,1.818181818,1.214616488,       0000235P0000197
-0.366380118,0.909090909,1.201898777,-0.340875809,0.,1.,         0000235P0000198
2.804370593E-02,-0.,0.999606698;                                 0000235P0000199
144,239,1,0,241;                                                 0000237P0000200
128,1,1,1,1,0,0,1,0,0,0.,0.,2.793212899,2.793212899,0.,0.,1.,1., 0000239P0000201
1.,1.,1.,1.,0.909090909,1.377910993,1.,0.909090909,-1.377910993, 0000239P0000202
1.,1.818181818,1.396606449,1.,1.818181818,-1.396606449,1.,0.,    0000239P0000203
2.793212899,0.,1.;                                               0000239P0000204
142,0,239,243,253,3;                                             0000241P0000205
102,4,245,247,249,251;                                           0000243P0000206
126,1,1,1,0,1,0,0.,0.,2.755821986,2.755821986,1.,1.,0.,0.,0.,    0000245P0000207
2.793212899,0.,0.,0.,2.755821986,0.,0.,1.;                       0000245P0000208
110,2.793212899,0.,0.,2.793212899,1.,0.;                         0000247P0000209
110,2.793212899,1.,0.,0.,1.,0.;                                  0000249P0000210
110,0.,1.,0.,0.,0.,0.;                                           0000251P0000211
102,4,255,257,259,261;                                           0000253P0000212
110,0.909090909,1.377910993,1.,0.909090909,-1.377910993,1.;      0000255P0000213
126,1,1,1,0,1,0,0.,0.,1.,1.,1.,1.,0.909090909,-1.377910993,1.,   0000257P0000214
1.818181818,-1.396606449,1.,0.,1.,0.,0.,1.;                      0000257P0000215
110,1.818181818,-1.396606449,1.,1.818181818,1.396606449,1.;      0000259P0000216
126,1,1,1,0,1,0,0.,0.,1.,1.,1.,1.,1.818181818,1.396606449,1.,    0000261P0000217
0.909090909,1.377910993,1.,0.,1.,0.,0.,1.;                       0000261P0000218
144,265,1,0,267;                                                 0000263P0000219
128,1,1,1,1,0,0,1,0,0,0.,0.,1.386535156,1.386535156,0.,0.,1.,1., 0000265P0000220
1.,1.,1.,1.,1.818181818,-1.396606449,1.,1.818181818,             0000265P0000221
-1.214616488,-0.366380118,2.727272727,-1.43670101,1.,            0000265P0000222
2.727272727,-1.248869613,-0.373753656,0.,1.386535156,0.,1.;      0000265P0000223
142,0,265,269,279,3;                                             0000267P0000224
102,4,271,273,275,277;                                           0000269P0000225
126,1,1,1,0,1,0,0.,0.,1.37844658,1.37844658,1.,1.,0.,0.,0.,      0000271P0000226
1.386535156,0.,0.,0.,1.37844658,0.,0.,1.;                        0000271P0000227
110,1.386535156,0.,0.,1.386535156,1.,0.;                         0000273P0000228
110,1.386535156,1.,0.,0.,1.,0.;                                  0000275P0000229
110,0.,1.,0.,0.,0.,0.;                                           0000277P0000230
102,4,281,283,285,287;                                           0000279P0000231
110,1.818181818,-1.396606449,1.,1.818181818,-1.214616488,        0000281P0000232
-0.366380118;                                                    0000281P0000233
126,1,1,1,0,1,0,0.,0.,1.,1.,1.,1.,1.818181818,-1.214616488,      0000283P0000234
-0.366380118,2.727272727,-1.248869613,-0.373753656,0.,1.,        0000283P0000235
8.110624196E-03,0.,0.999967108;                                  0000283P0000236
110,2.727272727,-1.248869613,-0.373753656,2.727272727,           0000285P0000237
-1.43670101,1.;                                                  0000285P0000238
126,1,1,1,0,1,0,0.,0.,1.,1.,1.,1.,2.727272727,-1.43670101,1.,    0000287P0000239
1.818181818,-1.396606449,1.,0.,1.,0.,0.,1.;                      0000287P0000240
144,291,1,0,293;                                                 0000289P0000241
128,1,1,1,1,0,0,1,0,0,0.,0.,1.261142969,1.261142969,0.,0.,1.,1., 0000291P0000242
1.,1.,1.,1.,1.818181818,-1.214616488,-0.366380118,1.818181818,   0000291P0000243
-5.73890879E-17,-0.537083333,2.727272727,-1.248869613,           0000291P0000244
-0.373753656,2.727272727,6.952884921E-17,-0.549270833,0.,        0000291P0000245
1.261142969,0.,1.;                                               0000291P0000246
142,0,291,295,305,3;                                             0000293P0000247
102,4,297,299,301,303;                                           0000295P0000248
126,1,1,1,0,1,0,0.,0.,1.22655322,1.22655322,1.,1.,0.,0.,0.,      0000297P0000249
1.261142969,0.,0.,0.,1.22655322,0.,0.,1.;                        0000297P0000250
110,1.261142969,0.,0.,1.261142969,1.,0.;                         0000299P0000251
110,1.261142969,1.,0.,0.,1.,0.;                                  0000301P0000252
110,0.,1.,0.,0.,0.,0.;                                           0000303P0000253
102,4,307,309,311,313;                                           0000305P0000254
110,1.818181818,-1.214616488,-0.366380118,1.818181818,           0000307P0000255
-5.73890879E-17,-0.537083333;                                    0000307P0000256
126,1,1,1,0,1,0,0.,0.,1.,1.,1.,1.,1.818181818,-5.73890879E-17,   0000309P0000257
-0.537083333,2.727272727,6.952884921E-17,-0.549270833,0.,1.,     0000309P0000258
1.340504543E-02,0.,0.999910148;                                  0000309P0000259
110,2.727272727,6.952884921E-17,-0.549270833,2.727272727,        0000311P0000260
-1.248869613,-0.373753656;                                       0000311P0000261
126,1,1,1,0,1,0,0.,0.,1.,1.,1.,1.,2.727272727,-1.248869613,      0000313P0000262
-0.373753656,1.818181818,-1.214616488,-0.366380118,0.,1.,        0000313P0000263
8.110624196E-03,-0.,0.999967108;                                 0000313P0000264
144,317,1,0,319;                                                 0000315P0000265
128,1,1,1,1,0,0,1,0,0,0.,0.,1.261142969,1.261142969,0.,0.,1.,1., 0000317P0000266
1.,1.,1.,1.,1.818181818,0.,-0.537083333,1.818181818,1.214616488, 0000317P0000267
-0.366380118,2.727272727,0.,-0.549270833,2.727272727,            0000317P0000268
1.248869613,-0.373753656,0.,1.261142969,0.,1.;                   0000317P0000269
142,0,317,321,331,3;                                             0000319P0000270
102,4,323,325,327,329;                                           0000321P0000271
126,1,1,1,0,1,0,0.,0.,1.22655322,1.22655322,1.,1.,0.,0.,0.,      0000323P0000272
1.261142969,0.,0.,0.,1.22655322,0.,0.,1.;                        0000323P0000273
110,1.261142969,0.,0.,1.261142969,1.,0.;                         0000325P0000274
110,1.261142969,1.,0.,0.,1.,0.;                                  0000327P0000275
110,0.,1.,0.,0.,0.,0.;                                           0000329P0000276
102,4,333,335,337,339;                                           0000331P0000277
110,1.818181818,0.,-0.537083333,1.818181818,1.214616488,         0000333P0000278
-0.366380118;                                                    0000333P0000279
126,1,1,1,0,1,0,0.,0.,1.,1.,1.,1.,1.818181818,1.214616488,       0000335P0000280
-0.366380118,2.727272727,1.248869613,-0.373753656,0.,1.,         0000335P0000281
8.110624196E-03,0.,0.999967108;                                  0000335P0000282
110,2.727272727,1.248869613,-0.373753656,2.727272727,0.,         0000337P0000283
-0.549270833;                                                    0000337P0000284
126,1,1,1,0,1,0,0.,0.,1.,1.,1.,1.,2.727272727,6.952884921E-17,   0000339P0000285
-0.549270833,1.818181818,-5.73890879E-17,-0.537083333,0.,1.,     0000339P0000286
1.340504543E-02,-0.,0.999910148;                                 0000339P0000287
144,343,1,0,345;                                                 0000341P0000288
128,1,1,1,1,0,0,1,0,0,0.,0.,1.386535156,1.386535156,0.,0.,1.,1., 0000343P0000289
1.,1.,1.,1.,1.818181818,1.214616488,-0.366380118,1.818181818,    0000343P0000290
1.396606449,1.,2.727272727,1.248869613,-0.373753656,2.727272727, 0000343P0000291
1.43670101,1.,0.,1.386535156,0.,1.;                              0000343P0000292
142,0,343,347,357,3;                                             0000345P0000293
102,4,349,351,353,355;                                           0000347P0000294
126,1,1,1,0,1,0,0.,0.,1.37844658,1.37844658,1.,1.,0.,0.,0.,      0000349P0000295
1.386535156,0.,0.,0.,1.37844658,0.,0.,1.;                        0000349P0000296
110,1.386535156,0.,0.,1.386535156,1.,0.;                         0000351P0000297
110,1.386535156,1.,0.,0.,1.,0.;                                  0000353P0000298
110,0.,1.,0.,0.,0.,0.;                                           0000355P0000299
102,4,359,361,363,365;                                           0000357P0000300
110,1.818181818,1.214616488,-0.366380118,1.818181818,            0000359P0000301
1.396606449,1.;                                                  0000359P0000302
126,1,1,1,0,1,0,0.,0.,1.,1.,1.,1.,1.818181818,1.396606449,1.,    0000361P0000303
2.727272727,1.43670101,1.,0.,1.,0.,0.,1.;                        0000361P0000304
110,2.727272727,1.43670101,1.,2.727272727,1.248869613,           0000363P0000305
-0.373753656;                                                    0000363P0000306
126,1,1,1,0,1,0,0.,0.,1.,1.,1.,1.,2.727272727,1.248869613,       0000365P0000307
-0.373753656,1.818181818,1.214616488,-0.366380118,0.,1.,         0000365P0000308
8.110624196E-03,-0.,0.999967108;                                 0000365P0000309
144,369,1,0,371;                                                 0000367P0000310
128,1,1,1,1,0,0,1,0,0,0.,0.,2.873402019,2.873402019,0.,0.,1.,1., 0000369P0000311
1.,1.,1.,1.,1.818181818,1.396606449,1.,1.818181818,-1.396606449, 0000369P0000312
1.,2.727272727,1.43670101,1.,2.727272727,-1.43670101,1.,0.,      0000369P0000313
2.873402019,0.,1.;                                               0000369P0000314
142,0,369,373,383,3;                                             0000371P0000315
102,4,375,377,379,381;                                           0000373P0000316
126,1,1,1,0,1,0,0.,0.,2.793212899,2.793212899,1.,1.,0.,0.,0.,    0000375P0000317
2.873402019,0.,0.,0.,2.793212899,0.,0.,1.;                       0000375P0000318
110,2.873402019,0.,0.,2.873402019,1.,0.;                         0000377P0000319
110,2.873402019,1.,0.,0.,1.,0.;                                  0000379P0000320
110,0.,1.,0.,0.,0.,0.;                                           0000381P0000321
102,4,385,387,389,391;                                           0000383P0000322
110,1.818181818,1.396606449,1.,1.818181818,-1.396606449,1.;      0000385P0000323
126,1,1,1,0,1,0,0.,0.,1.,1.,1.,1.,1.818181818,-1.396606449,1.,   0000387P0000324
2.727272727,-1.43670101,1.,0.,1.,0.,0.,1.;                       0000387P0000325
110,2.727272727,-1.43670101,1.,2.727272727,1.43670101,1.;        0000389P0000326
126,1,1,1,0,1,0,0.,0.,1.,1.,1.,1.,2.727272727,1.43670101,1.,     0000391P0000327
1.818181818,1.396606449,1.,0.,1.,0.,0.,1.;                       0000391P0000328
144,395,1,0,397;                                                 0000393P0000329
128,1,1,1,1,0,0,1,0,0,0.,0.,1.386535156,1.386535156,0.,0.,1.,1., 0000395P0000330
1.,1.,1.,1.,2.727272727,-1.43670101,1.,2.727272727,-1.248869613, 0000395P0000331
-0.373753656,3.636363636,-1.511747044,1.,3.636363636,            0000395P0000332
-1.316009835,-0.365046879,0.,1.386535156,0.,1.;                  0000395P0000333
142,0,395,399,409,3;                                             0000397P0000334
102,4,401,403,405,407;                                           0000399P0000335
110,0.,0.,0.,1.386535156,0.,0.;                                  0000401P0000336
110,1.386535156,0.,0.,1.386535156,1.,0.;                         0000403P0000337
126,1,1,1,0,1,0,0.,0.,1.379009078,1.379009078,1.,1.,1.386535156, 0000405P0000338
1.,0.,0.,1.,0.,0.,1.379009078,0.,0.,1.;                          0000405P0000339
110,0.,1.,0.,0.,0.,0.;                                           0000407P0000340
102,4,411,413,415,417;                                           0000409P0000341
110,2.727272727,-1.43670101,1.,2.727272727,-1.248869613,         0000411P0000342
-0.373753656;                                                    0000411P0000343
126,1,1,1,0,1,0,0.,0.,1.,1.,1.,1.,2.727272727,-1.248869613,      0000413P0000344
-0.373753656,3.636363636,-1.316009835,-0.365046879,0.,1.,        0000413P0000345
-9.577014667E-03,0.,0.999954139;                                 0000413P0000346
110,3.636363636,-1.316009835,-0.365046879,3.636363636,           0000415P0000347
-1.511747044,1.;                                                 0000415P0000348
126,1,1,1,0,1,0,0.,0.,1.,1.,1.,1.,3.636363636,-1.511747044,1.,   0000417P0000349
2.727272727,-1.43670101,1.,0.,1.,0.,0.,1.;                       0000417P0000350
144,421,1,0,423;                                                 0000419P0000351
128,1,1,1,1,0,0,1,0,0,0.,0.,1.328943017,1.328943017,0.,0.,1.,1., 0000421P0000352
1.,1.,1.,1.,2.727272727,-1.248869613,-0.373753656,2.727272727,   0000421P0000353
6.952884921E-17,-0.549270833,3.636363636,-1.316009835,           0000421P0000354
-0.365046879,3.636363636,6.119083552E-17,-0.55,0.,1.328943017,   0000421P0000355
0.,1.;                                                           0000421P0000356
142,0,421,425,435,3;                                             0000423P0000357
102,4,427,429,431,433;                                           0000425P0000358
126,1,1,1,0,1,0,0.,0.,1.261142969,1.261142969,1.,1.,0.,0.,0.,    0000427P0000359
1.328943017,0.,0.,0.,1.261142969,0.,0.,1.;                       0000427P0000360
110,1.328943017,0.,0.,1.328943017,1.,0.;                         0000429P0000361
110,1.328943017,1.,0.,0.,1.,0.;                                  0000431P0000362
110,0.,1.,0.,0.,0.,0.;                                           0000433P0000363
102,4,437,439,441,443;                                           0000435P0000364
110,2.727272727,-1.248869613,-0.373753656,2.727272727,           0000437P0000365
6.952884921E-17,-0.549270833;                                    0000437P0000366
126,1,1,1,0,1,0,0.,0.,1.,1.,1.,1.,2.727272727,6.952884921E-17,   0000439P0000367
-0.549270833,3.636363636,6.119083552E-17,-0.55,0.,1.,            0000439P0000368
8.020830753E-04,0.,0.999999678;                                  0000439P0000369
110,3.636363636,6.119083552E-17,-0.55,3.636363636,-1.316009835,  0000441P0000370
-0.365046879;                                                    0000441P0000371
126,1,1,1,0,1,0,0.,0.,1.,1.,1.,1.,3.636363636,-1.316009835,      0000443P0000372
-0.365046879,2.727272727,-1.248869613,-0.373753656,0.,1.,        0000443P0000373
-9.577014667E-03,-0.,0.999954139;                                0000443P0000374
144,447,1,0,449;                                                 0000445P0000375
128,1,1,1,1,0,0,1,0,0,0.,0.,1.328943017,1.328943017,0.,0.,1.,1., 0000447P0000376
1.,1.,1.,1.,2.727272727,0.,-0.549270833,2.727272727,1.248869613, 0000447P0000377
-0.373753656,3.636363636,0.,-0.55,3.636363636,1.316009835,       0000447P0000378
-0.365046879,0.,1.328943017,0.,1.;                               0000447P0000379
142,0,447,451,461,3;                                             0000449P0000380
102,4,453,455,457,459;                                           0000451P0000381
126,1,1,1,0,1,0,0.,0.,1.261142969,1.261142969,1.,1.,0.,0.,0.,    0000453P0000382
1.328943017,0.,0.,0.,1.261142969,0.,0.,1.;                       0000453P0000383
110,1.328943017,0.,0.,1.328943017,1.,0.;                         0000455P0000384
110,1.328943017,1.,0.,0.,1.,0.;                                  0000457P0000385
110,0.,1.,0.,0.,0.,0.;                                           0000459P0000386
102,4,463,465,467,469;                                           0000461P0000387
110,2.727272727,0.,-0.549270833,2.727272727,1.248869613,         0000463P0000388
-0.373753656;                                                    0000463P0000389
126,1,1,1,0,1,0,0.,0.,1.,1.,1.,1.,2.727272727,1.248869613,       0000465P0000390
-0.373753656,3.636363636,1.316009835,-0.365046879,0.,1.,         0000465P0000391
-9.577014667E-03,0.,0.999954139;                                 0000465P0000392
110,3.636363636,1.316009835,-0.365046879,3.636363636,0.,-0.55;   0000467P0000393
126,1,1,1,0,1,0,0.,0.,1.,1.,1.,1.,3.636363636,6.119083552E-17,   0000469P0000394
-0.55,2.727272727,6.952884921E-17,-0.549270833,0.,1.,            0000469P0000395
8.020830753E-04,-0.,0.999999678;                                 0000469P0000396
144,473,1,0,475;                                                 0000471P0000397
128,1,1,1,1,0,0,1,0,0,0.,0.,1.386535156,1.386535156,0.,0.,1.,1., 0000473P0000398
1.,1.,1.,1.,2.727272727,1.248869613,-0.373753656,2.727272727,    0000473P0000399
1.43670101,1.,3.636363636,1.316009835,-0.365046879,3.636363636,  0000473P0000400
1.511747044,1.,0.,1.386535156,0.,1.;                             0000473P0000401
142,0,473,477,487,3;                                             0000475P0000402
102,4,479,481,483,485;                                           0000477P0000403
110,0.,0.,0.,1.386535156,0.,0.;                                  0000479P0000404
110,1.386535156,0.,0.,1.386535156,1.,0.;                         0000481P0000405
126,1,1,1,0,1,0,0.,0.,1.379009078,1.379009078,1.,1.,1.386535156, 0000483P0000406
1.,0.,0.,1.,0.,0.,1.379009078,0.,0.,1.;                          0000483P0000407
110,0.,1.,0.,0.,0.,0.;                                           0000485P0000408
102,4,489,491,493,495;                                           0000487P0000409
110,2.727272727,1.248869613,-0.373753656,2.727272727,1.43670101, 0000489P0000410
1.;                                                              0000489P0000411
126,1,1,1,0,1,0,0.,0.,1.,1.,1.,1.,2.727272727,1.43670101,1.,     0000491P0000412
3.636363636,1.511747044,1.,0.,1.,0.,0.,1.;                       0000491P0000413
110,3.636363636,1.511747044,1.,3.636363636,1.316009835,          0000493P0000414
-0.365046879;                                                    0000493P0000415
126,1,1,1,0,1,0,0.,0.,1.,1.,1.,1.,3.636363636,1.316009835,       0000495P0000416
-0.365046879,2.727272727,1.248869613,-0.373753656,0.,1.,         0000495P0000417
-9.577014667E-03,-0.,0.999954139;                                0000495P0000418
144,499,1,0,501;                                                 0000497P0000419
128,1,1,1,1,0,0,1,0,0,0.,0.,3.023494088,3.023494088,0.,0.,1.,1., 0000499P0000420
1.,1.,1.,1.,2.727272727,1.43670101,1.,2.727272727,-1.43670101,   0000499P0000421
1.,3.636363636,1.511747044,1.,3.636363636,-1.511747044,1.,0.,    0000499P0000422
3.023494088,0.,1.;                                               0000499P0000423
142,0,499,503,513,3;                                             0000501P0000424
102,4,505,507,509,511;                                           0000503P0000425
126,1,1,1,0,1,0,0.,0.,2.873402019,2.873402019,1.,1.,0.,0.,0.,    0000505P0000426
3.023494088,0.,0.,0.,2.873402019,0.,0.,1.;                       0000505P0000427
110,3.023494088,0.,0.,3.023494088,1.,0.;                         0000507P0000428
110,3.023494088,1.,0.,0.,1.,0.;                                  0000509P0000429
110,0.,1.,0.,0.,0.,0.;                                           0000511P0000430
102,4,515,517,519,521;                                           0000513P0000431
110,2.727272727,1.43670101,1.,2.727272727,-1.43670101,1.;        0000515P0000432
126,1,1,1,0,1,0,0.,0.,1.,1.,1.,1.,2.727272727,-1.43670101,1.,    0000517P0000433
3.636363636,-1.511747044,1.,0.,1.,0.,0.,1.;                      0000517P0000434
110,3.636363636,-1.511747044,1.,3.636363636,1.511747044,1.;      0000519P0000435
126,1,1,1,0,1,0,0.,0.,1.,1.,1.,1.,3.636363636,1.511747044,1.,    0000521P0000436
2.727272727,1.43670101,1.,0.,1.,0.,0.,1.;                        0000521P0000437
144,525,1,0,527;                                                 0000523P0000438
128,1,1,1,1,0,0,1,0,0,0.,0.,1.379009078,1.379009078,0.,0.,1.,1., 0000525P0000439
1.,1.,1.,1.,3.636363636,-1.511747044,1.,3.636363636,             0000525P0000440
-1.316009835,-0.365046879,4.545454545,-1.635601293,1.,           0000525P0000441
4.545454545,-1.426097944,-0.349575005,0.,1.379009078,0.,1.;      0000525P0000442
142,0,525,529,539,3;                                             0000527P0000443
102,4,531,533,535,537;                                           0000529P0000444
110,0.,0.,0.,1.379009078,0.,0.;                                  0000531P0000445
110,1.379009078,0.,0.,1.379009078,1.,0.;                         0000533P0000446
126,1,1,1,0,1,0,0.,0.,1.365739487,1.365739487,1.,1.,1.379009078, 0000535P0000447
1.,0.,0.,1.,0.,0.,1.365739487,0.,0.,1.;                          0000535P0000448
110,0.,1.,0.,0.,0.,0.;                                           0000537P0000449
102,4,541,543,545,547;                                           0000539P0000450
110,3.636363636,-1.511747044,1.,3.636363636,-1.316009835,        0000541P0000451
-0.365046879;                                                    0000541P0000452
126,1,1,1,0,1,0,0.,0.,1.,1.,1.,1.,3.636363636,-1.316009835,      0000543P0000453
-0.365046879,4.545454545,-1.426097944,-0.349575005,0.,1.,        0000543P0000454
-1.701659792E-02,0.,0.999855207;                                 0000543P0000455
110,4.545454545,-1.426097944,-0.349575005,4.545454545,           0000545P0000456
-1.635601293,1.;                                                 0000545P0000457
126,1,1,1,0,1,0,0.,0.,1.,1.,1.,1.,4.545454545,-1.635601293,1.,   0000547P0000458
3.636363636,-1.511747044,1.,0.,1.,0.,0.,1.;                      0000547P0000459
144,551,1,0,553;                                                 0000549P0000460
128,1,1,1,1,0,0,1,0,0,0.,0.,1.440113025,1.440113025,0.,0.,1.,1., 0000551P0000461
1.,1.,1.,1.,3.636363636,-1.316009835,-0.365046879,3.636363636,   0000551P0000462
6.119083552E-17,-0.55,4.545454545,-1.426097944,-0.349575005,     0000551P0000463
4.545454545,-1.997060997E-17,-0.55,0.,1.440113025,0.,1.;         0000551P0000464
142,0,551,555,565,3;                                             0000553P0000465
102,4,557,559,561,563;                                           0000555P0000466
126,1,1,1,0,1,0,0.,0.,1.328943017,1.328943017,1.,1.,0.,0.,0.,    0000557P0000467
1.440113025,0.,0.,0.,1.328943017,0.,0.,1.;                       0000557P0000468
110,1.440113025,0.,0.,1.440113025,1.,0.;                         0000559P0000469
110,1.440113025,1.,0.,0.,1.,0.;                                  0000561P0000470
110,0.,1.,0.,0.,0.,0.;                                           0000563P0000471
102,4,567,569,571,573;                                           0000565P0000472
110,3.636363636,-1.316009835,-0.365046879,3.636363636,           0000567P0000473
6.119083552E-17,-0.55;                                           0000567P0000474
126,1,1,1,0,1,0,0.,0.,1.,1.,1.,1.,3.636363636,6.119083552E-17,   0000569P0000475
-0.55,4.545454545,-1.997060997E-17,-0.55,0.,1.,0.,0.,1.;         0000569P0000476
110,4.545454545,-1.997060997E-17,-0.55,4.545454545,-1.426097944, 0000571P0000477
-0.349575005;                                                    0000571P0000478
126,1,1,1,0,1,0,0.,0.,1.,1.,1.,1.,4.545454545,-1.426097944,      0000573P0000479
-0.349575005,3.636363636,-1.316009835,-0.365046879,0.,1.,        0000573P0000480
-1.701659792E-02,-0.,0.999855207;                                0000573P0000481
144,577,1,0,579;                                                 0000575P0000482
128,1,1,1,1,0,0,1,0,0,0.,0.,1.440113025,1.440113025,0.,0.,1.,1., 0000577P0000483
1.,1.,1.,1.,3.636363636,0.,-0.55,3.636363636,1.316009835,        0000577P0000484
-0.365046879,4.545454545,0.,-0.55,4.545454545,1.426097944,       0000577P0000485
-0.349575005,0.,1.440113025,0.,1.;                               0000577P0000486
142,0,577,581,591,3;                                             0000579P0000487
102,4,583,585,587,589;                                           0000581P0000488
126,1,1,1,0,1,0,0.,0.,1.328943017,1.328943017,1.,1.,0.,0.,0.,    0000583P0000489
1.440113025,0.,0.,0.,1.328943017,0.,0.,1.;                       0000583P0000490
110,1.440113025,0.,0.,1.440113025,1.,0.;                         0000585P0000491
110,1.440113025,1.,0.,0.,1.,0.;                                  0000587P0000492
110,0.,1.,0.,0.,0.,0.;                                           0000589P0000493
102,4,593,595,597,599;                                           0000591P0000494
110,3.636363636,0.,-0.55,3.636363636,1.316009835,-0.365046879;   0000593P0000495
126,1,1,1,0,1,0,0.,0.,1.,1.,1.,1.,3.636363636,1.316009835,       0000595P0000496
-0.365046879,4.545454545,1.426097944,-0.349575005,0.,1.,         0000595P0000497
-1.701659792E-02,0.,0.999855207;                                 0000595P0000498
110,4.545454545,1.426097944,-0.349575005,4.545454545,0.,-0.55;   0000597P0000499
126,1,1,1,0,1,0,0.,0.,1.,1.,1.,1.,4.545454545,-1.997060997E-17,  0000599P0000500
-0.55,3.636363636,6.119083552E-17,-0.55,0.,1.,0.,0.,1.;          0000599P0000501
144,603,1,0,605;                                                 0000601P0000502
128,1,1,1,1,0,0,1,0,0,0.,0.,1.379009078,1.379009078,0.,0.,1.,1., 0000603P0000503
1.,1.,1.,1.,3.636363636,1.316009835,-0.365046879,3.636363636,    0000603P0000504
1.511747044,1.,4.545454545,1.426097944,-0.349575005,4.545454545, 0000603P0000505
1.635601293,1.,0.,1.379009078,0.,1.;                             0000603P0000506
142,0,603,607,617,3;                                             0000605P0000507
102,4,609,611,613,615;                                           0000607P0000508
110,0.,0.,0.,1.379009078,0.,0.;                                  0000609P0000509
110,1.379009078,0.,0.,1.379009078,1.,0.;                         0000611P0000510
126,1,1,1,0,1,0,0.,0.,1.365739487,1.365739487,1.,1.,1.379009078, 0000613P0000511
1.,0.,0.,1.,0.,0.,1.365739487,0.,0.,1.;                          0000613P0000512
110,0.,1.,0.,0.,0.,0.;                                           0000615P0000513
102,4,619,621,623,625;                                           0000617P0000514
110,3.636363636,1.316009835,-0.365046879,3.636363636,            0000619P0000515
1.511747044,1.;                                                  0000619P0000516
126,1,1,1,0,1,0,0.,0.,1.,1.,1.,1.,3.636363636,1.511747044,1.,    0000621P0000517
4.545454545,1.635601293,1.,0.,1.,0.,0.,1.;                       0000621P0000518
110,4.545454545,1.635601293,1.,4.545454545,1.426097944,          0000623P0000519
-0.349575005;                                                    0000623P0000520
126,1,1,1,0,1,0,0.,0.,1.,1.,1.,1.,4.545454545,1.426097944,       0000625P0000521
-0.349575005,3.636363636,1.316009835,-0.365046879,0.,1.,         0000625P0000522
-1.701659792E-02,-0.,0.999855207;                                0000625P0000523
144,629,1,0,631;                                                 0000627P0000524
128,1,1,1,1,0,0,1,0,0,0.,0.,3.271202585,3.271202585,0.,0.,1.,1., 0000629P0000525
1.,1.,1.,1.,3.636363636,1.511747044,1.,3.636363636,-1.511747044, 0000629P0000526
1.,4.545454545,1.635601293,1.,4.545454545,-1.635601293,1.,0.,    0000629P0000527
3.271202585,0.,1.;                                               0000629P0000528
142,0,629,633,643,3;                                             0000631P0000529
102,4,635,637,639,641;                                           0000633P0000530
126,1,1,1,0,1,0,0.,0.,3.023494088,3.023494088,1.,1.,0.,0.,0.,    0000635P0000531
3.271202585,0.,0.,0.,3.023494088,0.,0.,1.;                       0000635P0000532
110,3.271202585,0.,0.,3.271202585,1.,0.;                         0000637P0000533
110,3.271202585,1.,0.,0.,1.,0.;                                  0000639P0000534
110,0.,1.,0.,0.,0.,0.;                                           0000641P0000535
102,4,645,647,649,651;                                           0000643P0000536
110,3.636363636,1.511747044,1.,3.636363636,-1.511747044,1.;      0000645P0000537
126,1,1,1,0,1,0,0.,0.,1.,1.,1.,1.,3.636363636,-1.511747044,1.,   0000647P0000538
4.545454545,-1.635601293,1.,0.,1.,0.,0.,1.;                      0000647P0000539
110,4.545454545,-1.635601293,1.,4.545454545,1.635601293,1.;      0000649P0000540
126,1,1,1,0,1,0,0.,0.,1.,1.,1.,1.,4.545454545,1.635601293,1.,    0000651P0000541
3.636363636,1.511747044,1.,0.,1.,0.,0.,1.;                       0000651P0000542
144,655,1,0,657;                                                 0000653P0000543
128,1,1,1,1,0,0,1,0,0,0.,0.,1.365739487,1.365739487,0.,0.,1.,1., 0000655P0000544
1.,1.,1.,1.,4.545454545,-1.635601293,1.,4.545454545,             0000655P0000545
-1.426097944,-0.349575005,5.454545455,-1.822812595,1.,           0000655P0000546
5.454545455,-1.590526603,-0.326466064,0.,1.365739487,0.,1.;      0000655P0000547
142,0,655,659,669,3;                                             0000657P0000548
102,4,661,663,665,667;                                           0000659P0000549
110,0.,0.,0.,1.365739487,0.,0.;                                  0000661P0000550
110,1.365739487,0.,0.,1.365739487,1.,0.;                         0000663P0000551
126,1,1,1,0,1,0,0.,0.,1.346651031,1.346651031,1.,1.,1.365739487, 0000665P0000552
1.,0.,0.,1.,0.,0.,1.346651031,0.,0.,1.;                          0000665P0000553
110,0.,1.,0.,0.,0.,0.;                                           0000667P0000554
102,4,671,673,675,677;                                           0000669P0000555
110,4.545454545,-1.635601293,1.,4.545454545,-1.426097944,        0000671P0000556
-0.349575005;                                                    0000671P0000557
126,1,1,1,0,1,0,0.,0.,1.,1.,1.,1.,4.545454545,-1.426097944,      0000673P0000558
-0.349575005,5.454545455,-1.590526603,-0.326466064,0.,1.,        0000673P0000559
-2.541162636E-02,0.,0.999677072;                                 0000673P0000560
110,5.454545455,-1.590526603,-0.326466064,5.454545455,           0000675P0000561
-1.822812595,1.;                                                 0000675P0000562
126,1,1,1,0,1,0,0.,0.,1.,1.,1.,1.,5.454545455,-1.822812595,1.,   0000677P0000563
4.545454545,-1.635601293,1.,0.,1.,0.,0.,1.;                      0000677P0000564
144,681,1,0,683;                                                 0000679P0000565
128,1,1,1,1,0,0,1,0,0,0.,0.,1.606157619,1.606157619,0.,0.,1.,1., 0000681P0000566
1.,1.,1.,1.,4.545454545,-1.426097944,-0.349575005,4.545454545,   0000681P0000567
-1.997060997E-17,-0.55,5.454545455,-1.590526603,-0.326466064,    0000681P0000568
5.454545455,6.305125565E-17,-0.55,0.,1.606157619,0.,1.;          0000681P0000569
142,0,681,685,695,3;                                             0000683P0000570
102,4,687,689,691,693;                                           0000685P0000571
126,1,1,1,0,1,0,0.,0.,1.440113025,1.440113025,1.,1.,0.,0.,0.,    0000687P0000572
1.606157619,0.,0.,0.,1.440113025,0.,0.,1.;                       0000687P0000573
110,1.606157619,0.,0.,1.606157619,1.,0.;                         0000689P0000574
110,1.606157619,1.,0.,0.,1.,0.;                                  0000691P0000575
110,0.,1.,0.,0.,0.,0.;                                           0000693P0000576
102,4,697,699,701,703;                                           0000695P0000577
110,4.545454545,-1.426097944,-0.349575005,4.545454545,           0000697P0000578
-1.997060997E-17,-0.55;                                          0000697P0000579
126,1,1,1,0,1,0,0.,0.,1.,1.,1.,1.,4.545454545,-1.997060997E-17,  0000699P0000580
-0.55,5.454545455,6.305125565E-17,-0.55,0.,1.,0.,0.,1.;          0000699P0000581
110,5.454545455,6.305125565E-17,-0.55,5.454545455,-1.590526603,  0000701P0000582
-0.326466064;                                                    0000701P0000583
126,1,1,1,0,1,0,0.,0.,1.,1.,1.,1.,5.454545455,-1.590526603,      0000703P0000584
-0.326466064,4.545454545,-1.426097944,-0.349575005,0.,1.,        0000703P0000585
-2.541162636E-02,-0.,0.999677072;                                0000703P0000586
144,707,1,0,709;                                                 0000705P0000587
128,1,1,1,1,0,0,1,0,0,0.,0.,1.606157619,1.606157619,0.,0.,1.,1., 0000707P0000588
1.,1.,1.,1.,4.545454545,0.,-0.55,4.545454545,1.426097944,        0000707P0000589
-0.349575005,5.454545455,0.,-0.55,5.454545455,1.590526603,       0000707P0000590
-0.326466064,0.,1.606157619,0.,1.;                               0000707P0000591
142,0,707,711,721,3;                                             0000709P0000592
102,4,713,715,717,719;                                           0000711P0000593
126,1,1,1,0,1,0,0.,0.,1.440113025,1.440113025,1.,1.,0.,0.,0.,    0000713P0000594
1.606157619,0.,0.,0.,1.440113025,0.,0.,1.;                       0000713P0000595
110,1.606157619,0.,0.,1.606157619,1.,0.;                         0000715P0000596
110,1.606157619,1.,0.,0.,1.,0.;                                  0000717P0000597
110,0.,1.,0.,0.,0.,0.;                                           0000719P0000598
102,4,723,725,727,729;                                           0000721P0000599
110,4.545454545,0.,-0.55,4.545454545,1.426097944,-0.349575005;   0000723P0000600
126,1,1,1,0,1,0,0.,0.,1.,1.,1.,1.,4.545454545,1.426097944,       0000725P0000601
-0.349575005,5.454545455,1.590526603,-0.326466064,0.,1.,         0000725P0000602
-2.541162636E-02,0.,0.999677072;                                 0000725P0000603
110,5.454545455,1.590526603,-0.326466064,5.454545455,0.,-0.55;   0000727P0000604
126,1,1,1,0,1,0,0.,0.,1.,1.,1.,1.,5.454545455,6.305125565E-17,   0000729P0000605
-0.55,4.545454545,-1.997060997E-17,-0.55,0.,1.,0.,0.,1.;         0000729P0000606
144,733,1,0,735;                                                 0000731P0000607
128,1,1,1,1,0,0,1,0,0,0.,0.,1.365739487,1.365739487,0.,0.,1.,1., 0000733P0000608
1.,1.,1.,1.,4.545454545,1.426097944,-0.349575005,4.545454545,    0000733P0000609
1.635601293,1.,5.454545455,1.590526603,-0.326466064,5.454545455, 0000733P0000610
1.822812595,1.,0.,1.365739487,0.,1.;                             0000733P0000611
142,0,733,737,747,3;                                             0000735P0000612
102,4,739,741,743,745;                                           0000737P0000613
110,0.,0.,0.,1.365739487,0.,0.;                                  0000739P0000614
110,1.365739487,0.,0.,1.365739487,1.,0.;                         0000741P0000615
126,1,1,1,0,1,0,0.,0.,1.346651031,1.346651031,1.,1.,1.365739487, 0000743P0000616
1.,0.,0.,1.,0.,0.,1.346651031,0.,0.,1.;                          0000743P0000617
110,0.,1.,0.,0.,0.,0.;                                           0000745P0000618
102,4,749,751,753,755;                                           0000747P0000619
110,4.545454545,1.426097944,-0.349575005,4.545454545,            0000749P0000620
1.635601293,1.;                                                  0000749P0000621
126,1,1,1,0,1,0,0.,0.,1.,1.,1.,1.,4.545454545,1.635601293,1.,    0000751P0000622
5.454545455,1.822812595,1.,0.,1.,0.,0.,1.;                       0000751P0000623
110,5.454545455,1.822812595,1.,5.454545455,1.590526603,          0000753P0000624
-0.326466064;                                                    0000753P0000625
126,1,1,1,0,1,0,0.,0.,1.,1.,1.,1.,5.454545455,1.590526603,       0000755P0000626
-0.326466064,4.545454545,1.426097944,-0.349575005,0.,1.,         0000755P0000627
-2.541162636E-02,-0.,0.999677072;                                0000755P0000628
144,759,1,0,761;                                                 0000757P0000629
128,1,1,1,1,0,0,1,0,0,0.,0.,3.64562519,3.64562519,0.,0.,1.,1.,   0000759P0000630
1.,1.,1.,1.,4.545454545,1.635601293,1.,4.545454545,-1.635601293, 0000759P0000631
1.,5.454545455,1.822812595,1.,5.454545455,-1.822812595,1.,0.,    0000759P0000632
3.64562519,0.,1.;                                                0000759P0000633
142,0,759,763,773,3;                                             0000761P0000634
102,4,765,767,769,771;                                           0000763P0000635
126,1,1,1,0,1,0,0.,0.,3.271202585,3.271202585,1.,1.,0.,0.,0.,    0000765P0000636
3.64562519,0.,0.,0.,3.271202585,0.,0.,1.;                        0000765P0000637
110,3.64562519,0.,0.,3.64562519,1.,0.;                           0000767P0000638
110,3.64562519,1.,0.,0.,1.,0.;                                   0000769P0000639
110,0.,1.,0.,0.,0.,0.;                                           0000771P0000640
102,4,775,777,779,781;                                           0000773P0000641
110,4.545454545,1.635601293,1.,4.545454545,-1.635601293,1.;      0000775P0000642
126,1,1,1,0,1,0,0.,0.,1.,1.,1.,1.,4.545454545,-1.635601293,1.,   0000777P0000643
5.454545455,-1.822812595,1.,0.,1.,0.,0.,1.;                      0000777P0000644
110,5.454545455,-1.822812595,1.,5.454545455,1.822812595,1.;      0000779P0000645
126,1,1,1,0,1,0,0.,0.,1.,1.,1.,1.,5.454545455,1.822812595,1.,    0000781P0000646
4.545454545,1.635601293,1.,0.,1.,0.,0.,1.;                       0000781P0000647
144,785,1,0,787;                                                 0000783P0000648
128,1,1,1,1,0,0,1,0,0,0.,0.,1.361175654,1.361175654,0.,0.,1.,1., 0000785P0000649
1.,1.,1.,1.,5.454545455,-1.822812595,1.,5.454545455,             0000785P0000650
-1.590526603,-0.326466064,6.363636364,-1.785664723,1.010489899,  0000785P0000651
6.363636364,-1.556474158,-0.331251823,0.,1.361175654,0.,1.;      0000785P0000652
142,0,785,789,799,3;                                             0000787P0000653
102,4,791,793,795,797;                                           0000789P0000654
126,1,1,1,0,1,0,0.,0.,1.346651031,1.346651031,1.,1.,0.,0.,0.,    0000791P0000655
1.361175654,0.,0.,0.,1.346651031,0.,0.,1.;                       0000791P0000656
110,1.361175654,0.,0.,1.361175654,1.,0.;                         0000793P0000657
110,1.361175654,1.,0.,0.,1.,0.;                                  0000795P0000658
110,0.,1.,0.,0.,0.,0.;                                           0000797P0000659
102,4,801,803,805,807;                                           0000799P0000660
110,5.454545455,-1.822812595,1.,5.454545455,-1.590526603,        0000801P0000661
-0.326466064;                                                    0000801P0000662
126,1,1,1,0,1,0,0.,0.,1.,1.,1.,1.,5.454545455,-1.590526603,      0000803P0000663
-0.326466064,6.363636364,-1.556474158,-0.331251823,0.,1.,        0000803P0000664
5.264261989E-03,0.,0.999986144;                                  0000803P0000665
110,6.363636364,-1.556474158,-0.331251823,6.363636364,           0000805P0000666
-1.785664723,1.010489899;                                        0000805P0000667
126,1,1,1,0,1,0,0.,0.,1.,1.,1.,1.,6.363636364,-1.785664723,      0000807P0000668
1.010489899,5.454545455,-1.822812595,1.,0.,1.,-1.153812079E-02,  0000807P0000669
-0.,0.999933434;                                                 0000807P0000670
144,811,1,0,813;                                                 0000809P0000671
128,1,1,1,1,0,0,1,0,0,0.,0.,1.606157619,1.606157619,0.,0.,1.,1., 0000811P0000672
1.,1.,1.,1.,5.454545455,-1.590526603,-0.326466064,5.454545455,   0000811P0000673
6.305125565E-17,-0.55,6.363636364,-1.556474158,-0.331251823,     0000811P0000674
6.363636364,-8.159406745E-17,-0.55,0.,1.606157619,0.,1.;         0000811P0000675
142,0,811,815,825,3;                                             0000813P0000676
102,4,817,819,821,823;                                           0000815P0000677
110,0.,0.,0.,1.606157619,0.,0.;                                  0000817P0000678
110,1.606157619,0.,0.,1.606157619,1.,0.;                         0000819P0000679
126,1,1,1,0,1,0,0.,0.,1.571770521,1.571770521,1.,1.,1.606157619, 0000821P0000680
1.,0.,0.,1.,0.,0.,1.571770521,0.,0.,1.;                          0000821P0000681
110,0.,1.,0.,0.,0.,0.;                                           0000823P0000682
102,4,827,829,831,833;                                           0000825P0000683
110,5.454545455,-1.590526603,-0.326466064,5.454545455,           0000827P0000684
6.305125565E-17,-0.55;                                           0000827P0000685
126,1,1,1,0,1,0,0.,0.,1.,1.,1.,1.,5.454545455,6.305125565E-17,   0000829P0000686
-0.55,6.363636364,-8.159406745E-17,-0.55,0.,1.,0.,0.,1.;         0000829P0000687
110,6.363636364,-8.159406745E-17,-0.55,6.363636364,-1.556474158, 0000831P0000688
-0.331251823;                                                    0000831P0000689
126,1,1,1,0,1,0,0.,0.,1.,1.,1.,1.,6.363636364,-1.556474158,      0000833P0000690
-0.331251823,5.454545455,-1.590526603,-0.326466064,0.,1.,        0000833P0000691
5.264261989E-03,-0.,0.999986144;                                 0000833P0000692
144,837,1,0,839;                                                 0000835P0000693
128,1,1,1,1,0,0,1,0,0,0.,0.,1.606157619,1.606157619,0.,0.,1.,1., 0000837P0000694
1.,1.,1.,1.,5.454545455,0.,-0.55,5.454545455,1.590526603,        0000837P0000695
-0.326466064,6.363636364,0.,-0.55,6.363636364,1.556474158,       0000837P0000696
-0.331251823,0.,1.606157619,0.,1.;                               0000837P0000697
142,0,837,841,851,3;                                             0000839P0000698
102,4,843,845,847,849;                                           0000841P0000699
110,0.,0.,0.,1.606157619,0.,0.;                                  0000843P0000700
110,1.606157619,0.,0.,1.606157619,1.,0.;                         0000845P0000701
126,1,1,1,0,1,0,0.,0.,1.571770521,1.571770521,1.,1.,1.606157619, 0000847P0000702
1.,0.,0.,1.,0.,0.,1.571770521,0.,0.,1.;                          0000847P0000703
110,0.,1.,0.,0.,0.,0.;                                           0000849P0000704
102,4,853,855,857,859;                                           0000851P0000705
110,5.454545455,0.,-0.55,5.454545455,1.590526603,-0.326466064;   0000853P0000706
126,1,1,1,0,1,0,0.,0.,1.,1.,1.,1.,5.454545455,1.590526603,       0000855P0000707
-0.326466064,6.363636364,1.556474158,-0.331251823,0.,1.,         0000855P0000708
5.264261989E-03,0.,0.999986144;                                  0000855P0000709
110,6.363636364,1.556474158,-0.331251823,6.363636364,0.,-0.55;   0000857P0000710
126,1,1,1,0,1,0,0.,0.,1.,1.,1.,1.,6.363636364,-8.159406745E-17,  0000859P0000711
-0.55,5.454545455,6.305125565E-17,-0.55,0.,1.,0.,0.,1.;          0000859P0000712
144,863,1,0,865;                                                 0000861P0000713
128,1,1,1,1,0,0,1,0,0,0.,0.,1.361175654,1.361175654,0.,0.,1.,1., 0000863P0000714
1.,1.,1.,1.,5.454545455,1.590526603,-0.326466064,5.454545455,    0000863P0000715
1.822812595,1.,6.363636364,1.556474158,-0.331251823,6.363636364, 0000863P0000716
1.785664723,1.010489899,0.,1.361175654,0.,1.;                    0000863P0000717
142,0,863,867,877,3;                                             0000865P0000718
102,4,869,871,873,875;                                           0000867P0000719
126,1,1,1,0,1,0,0.,0.,1.346651031,1.346651031,1.,1.,0.,0.,0.,    0000869P0000720
1.361175654,0.,0.,0.,1.346651031,0.,0.,1.;                       0000869P0000721
110,1.361175654,0.,0.,1.361175654,1.,0.;                         0000871P0000722
110,1.361175654,1.,0.,0.,1.,0.;                                  0000873P0000723
110,0.,1.,0.,0.,0.,0.;                                           0000875P0000724
102,4,879,881,883,885;                                           0000877P0000725
110,5.454545455,1.590526603,-0.326466064,5.454545455,            0000879P0000726
1.822812595,1.;                                                  0000879P0000727
126,1,1,1,0,1,0,0.,0.,1.,1.,1.,1.,5.454545455,1.822812595,1.,    0000881P0000728
6.363636364,1.785664723,1.010489899,0.,1.,-1.153812079E-02,0.,   0000881P0000729
0.999933434;                                                     0000881P0000730
110,6.363636364,1.785664723,1.010489899,6.363636364,1.556474158, 0000883P0000731
-0.331251823;                                                    0000883P0000732
126,1,1,1,0,1,0,0.,0.,1.,1.,1.,1.,6.363636364,1.556474158,       0000885P0000733
-0.331251823,5.454545455,1.590526603,-0.326466064,0.,1.,         0000885P0000734
5.264261989E-03,-0.,0.999986144;                                 0000885P0000735
144,889,1,0,891;                                                 0000887P0000736
128,1,1,1,1,0,0,1,0,0,0.,0.,3.64562519,3.64562519,0.,0.,1.,1.,   0000889P0000737
1.,1.,1.,1.,5.454545455,1.822812595,1.,5.454545455,-1.822812595, 0000889P0000738
1.,6.363636364,1.785664723,1.010489899,6.363636364,-1.785664723, 0000889P0000739
1.010489899,0.,3.64562519,0.,1.;                                 0000889P0000740
142,0,889,893,903,3;                                             0000891P0000741
102,4,895,897,899,901;                                           0000893P0000742
110,0.,0.,0.,3.64562519,0.,0.;                                   0000895P0000743
110,3.64562519,0.,0.,3.64562519,1.,0.;                           0000897P0000744
126,1,1,1,0,1,0,0.,0.,3.571329446,3.571329446,1.,1.,3.64562519,  0000899P0000745
1.,0.,0.,1.,0.,0.,3.571329446,0.,0.,1.;                          0000899P0000746
110,0.,1.,0.,0.,0.,0.;                                           0000901P0000747
102,4,905,907,909,911;                                           0000903P0000748
110,5.454545455,1.822812595,1.,5.454545455,-1.822812595,1.;      0000905P0000749
126,1,1,1,0,1,0,0.,0.,1.,1.,1.,1.,5.454545455,-1.822812595,1.,   0000907P0000750
6.363636364,-1.785664723,1.010489899,0.,1.,-1.153812079E-02,0.,  0000907P0000751
0.999933434;                                                     0000907P0000752
110,6.363636364,-1.785664723,1.010489899,6.363636364,            0000909P0000753
1.785664723,1.010489899;                                         0000909P0000754
126,1,1,1,0,1,0,0.,0.,1.,1.,1.,1.,6.363636364,1.785664723,       0000911P0000755
1.010489899,5.454545455,1.822812595,1.,0.,1.,-1.153812079E-02,   0000911P0000756
-0.,0.999933434;                                                 0000911P0000757
144,915,1,0,917;                                                 0000913P0000758
128,1,1,1,1,0,0,1,0,0,0.,0.,1.382231274,1.382231274,0.,0.,1.,1., 0000915P0000759
1.,1.,1.,1.,6.363636364,-1.785664723,1.010489899,6.363636364,    0000915P0000760
-1.556474158,-0.331251823,7.272727273,-1.600904299,1.043368687,  0000915P0000761
7.272727273,-1.393455812,-0.323206748,0.,1.382231274,0.,1.;      0000915P0000762
142,0,915,919,929,3;                                             0000917P0000763
102,4,921,923,925,927;                                           0000919P0000764
126,1,1,1,0,1,0,0.,0.,1.361175654,1.361175654,1.,1.,0.,0.,0.,    0000921P0000765
1.382231274,0.,0.,0.,1.361175654,0.,0.,1.;                       0000921P0000766
110,1.382231274,0.,0.,1.382231274,1.,0.;                         0000923P0000767
110,1.382231274,1.,0.,0.,1.,0.;                                  0000925P0000768
110,0.,1.,0.,0.,0.,0.;                                           0000927P0000769
102,4,931,933,935,937;                                           0000929P0000770
110,6.363636364,-1.785664723,1.010489899,6.363636364,            0000931P0000771
-1.556474158,-0.331251823;                                       0000931P0000772
126,1,1,1,0,1,0,0.,0.,1.,1.,1.,1.,6.363636364,-1.556474158,      0000933P0000773
-0.331251823,7.272727273,-1.393455812,-0.323206748,0.,1.,        0000933P0000774
-8.849235043E-03,0.,0.999960845;                                 0000933P0000775
110,7.272727273,-1.393455812,-0.323206748,7.272727273,           0000935P0000776
-1.600904299,1.043368687;                                        0000935P0000777
126,1,1,1,0,1,0,0.,0.,1.,1.,1.,1.,7.272727273,-1.600904299,      0000937P0000778
1.043368687,6.363636364,-1.785664723,1.010489899,0.,1.,          0000937P0000779
-3.614303634E-02,-0.,0.999346627;                                0000937P0000780
144,941,1,0,943;                                                 0000939P0000781
128,1,1,1,1,0,0,1,0,0,0.,0.,1.571770521,1.571770521,0.,0.,1.,1., 0000941P0000782
1.,1.,1.,1.,6.363636364,-1.556474158,-0.331251823,6.363636364,   0000941P0000783
-8.159406745E-17,-0.55,7.272727273,-1.393455812,-0.323206748,    0000941P0000784
7.272727273,-7.116432895E-17,-0.545868056,0.,1.571770521,0.,1.;  0000941P0000785
142,0,941,945,955,3;                                             0000943P0000786
102,4,947,949,951,953;                                           0000945P0000787
110,0.,0.,0.,1.571770521,0.,0.;                                  0000947P0000788
110,1.571770521,0.,0.,1.571770521,1.,0.;                         0000949P0000789
126,1,1,1,0,1,0,0.,0.,1.411133288,1.411133288,1.,1.,1.571770521, 0000951P0000790
1.,0.,0.,1.,0.,0.,1.411133288,0.,0.,1.;                          0000951P0000791
110,0.,1.,0.,0.,0.,0.;                                           0000953P0000792
102,4,957,959,961,963;                                           0000955P0000793
110,6.363636364,-1.556474158,-0.331251823,6.363636364,           0000957P0000794
-8.159406745E-17,-0.55;                                          0000957P0000795
126,1,1,1,0,1,0,0.,0.,1.,1.,1.,1.,6.363636364,-8.159406745E-17,  0000959P0000796
-0.55,7.272727273,-7.116432895E-17,-0.545868056,0.,1.,           0000959P0000797
-4.545091942E-03,0.,0.999989671;                                 0000959P0000798
110,7.272727273,-7.116432895E-17,-0.545868056,7.272727273,       0000961P0000799
-1.393455812,-0.323206748;                                       0000961P0000800
126,1,1,1,0,1,0,0.,0.,1.,1.,1.,1.,7.272727273,-1.393455812,      0000963P0000801
-0.323206748,6.363636364,-1.556474158,-0.331251823,0.,1.,        0000963P0000802
-8.849235043E-03,-0.,0.999960845;                                0000963P0000803
144,967,1,0,969;                                                 0000965P0000804
128,1,1,1,1,0,0,1,0,0,0.,0.,1.571770521,1.571770521,0.,0.,1.,1., 0000967P0000805
1.,1.,1.,1.,6.363636364,0.,-0.55,6.363636364,1.556474158,        0000967P0000806
-0.331251823,7.272727273,0.,-0.545868056,7.272727273,            0000967P0000807
1.393455812,-0.323206748,0.,1.571770521,0.,1.;                   0000967P0000808
142,0,967,971,981,3;                                             0000969P0000809
102,4,973,975,977,979;                                           0000971P0000810
110,0.,0.,0.,1.571770521,0.,0.;                                  0000973P0000811
110,1.571770521,0.,0.,1.571770521,1.,0.;                         0000975P0000812
126,1,1,1,0,1,0,0.,0.,1.411133288,1.411133288,1.,1.,1.571770521, 0000977P0000813
1.,0.,0.,1.,0.,0.,1.411133288,0.,0.,1.;                          0000977P0000814
110,0.,1.,0.,0.,0.,0.;                                           0000979P0000815
102,4,983,985,987,989;                                           0000981P0000816
110,6.363636364,0.,-0.55,6.363636364,1.556474158,-0.331251823;   0000983P0000817
126,1,1,1,0,1,0,0.,0.,1.,1.,1.,1.,6.363636364,1.556474158,       0000985P0000818
-0.331251823,7.272727273,1.393455812,-0.323206748,0.,1.,         0000985P0000819
-8.849235043E-03,0.,0.999960845;                                 0000985P0000820
110,7.272727273,1.393455812,-0.323206748,7.272727273,0.,         0000987P0000821
-0.545868056;                                                    0000987P0000822
126,1,1,1,0,1,0,0.,0.,1.,1.,1.,1.,7.272727273,-7.116432895E-17,  0000989P0000823
-0.545868056,6.363636364,-8.159406745E-17,-0.55,0.,1.,           0000989P0000824
-4.545091942E-03,-0.,0.999989671;                                0000989P0000825
144,993,1,0,995;                                                 0000991P0000826
128,1,1,1,1,0,0,1,0,0,0.,0.,1.382231274,1.382231274,0.,0.,1.,1., 0000993P0000827
1.,1.,1.,1.,6.363636364,1.556474158,-0.331251823,6.363636364,    0000993P0000828
1.785664723,1.010489899,7.272727273,1.393455812,-0.323206748,    0000993P0000829
7.272727273,1.600904299,1.043368687,0.,1.382231274,0.,1.;        0000993P0000830
142,0,993,997,1007,3;                                            0000995P0000831
102,4,999,1001,1003,1005;                                        0000997P0000832
126,1,1,1,0,1,0,0.,0.,1.361175654,1.361175654,1.,1.,0.,0.,0.,    0000999P0000833
1.382231274,0.,0.,0.,1.361175654,0.,0.,1.;                       0000999P0000834
110,1.382231274,0.,0.,1.382231274,1.,0.;                         0001001P0000835
110,1.382231274,1.,0.,0.,1.,0.;                                  0001003P0000836
110,0.,1.,0.,0.,0.,0.;                                           0001005P0000837
102,4,1009,1011,1013,1015;                                       0001007P0000838
110,6.363636364,1.556474158,-0.331251823,6.363636364,            0001009P0000839
1.785664723,1.010489899;                                         0001009P0000840
126,1,1,1,0,1,0,0.,0.,1.,1.,1.,1.,6.363636364,1.785664723,       0001011P0000841
1.010489899,7.272727273,1.600904299,1.043368687,0.,1.,           0001011P0000842
-3.614303634E-02,0.,0.999346627;                                 0001011P0000843
110,7.272727273,1.600904299,1.043368687,7.272727273,1.393455812, 0001013P0000844
-0.323206748;                                                    0001013P0000845
126,1,1,1,0,1,0,0.,0.,1.,1.,1.,1.,7.272727273,1.393455812,       0001015P0000846
-0.323206748,6.363636364,1.556474158,-0.331251823,0.,1.,         0001015P0000847
-8.849235043E-03,-0.,0.999960845;                                0001015P0000848
144,1019,1,0,1021;                                               0001017P0000849
128,1,1,1,1,0,0,1,0,0,0.,0.,3.571329446,3.571329446,0.,0.,1.,1., 0001019P0000850
1.,1.,1.,1.,6.363636364,1.785664723,1.010489899,6.363636364,     0001019P0000851
-1.785664723,1.010489899,7.272727273,1.600904299,1.043368687,    0001019P0000852
7.272727273,-1.600904299,1.043368687,0.,3.571329446,0.,1.;       0001019P0000853
142,0,1019,1023,1033,3;                                          0001021P0000854
102,4,1025,1027,1029,1031;                                       0001023P0000855
110,0.,0.,0.,3.571329446,0.,0.;                                  0001025P0000856
110,3.571329446,0.,0.,3.571329446,1.,0.;                         0001027P0000857
126,1,1,1,0,1,0,0.,0.,3.201808598,3.201808598,1.,1.,3.571329446, 0001029P0000858
1.,0.,0.,1.,0.,0.,3.201808598,0.,0.,1.;                          0001029P0000859
110,0.,1.,0.,0.,0.,0.;                                           0001031P0000860
102,4,1035,1037,1039,1041;                                       0001033P0000861
110,6.363636364,1.785664723,1.010489899,6.363636364,             0001035P0000862
-1.785664723,1.010489899;                                        0001035P0000863
126,1,1,1,0,1,0,0.,0.,1.,1.,1.,1.,6.363636364,-1.785664723,      0001037P0000864
1.010489899,7.272727273,-1.600904299,1.043368687,0.,1.,          0001037P0000865
-3.614303634E-02,0.,0.999346627;                                 0001037P0000866
110,7.272727273,-1.600904299,1.043368687,7.272727273,            0001039P0000867
1.600904299,1.043368687;                                         0001039P0000868
126,1,1,1,0,1,0,0.,0.,1.,1.,1.,1.,7.272727273,1.600904299,       0001041P0000869
1.043368687,6.363636364,1.785664723,1.010489899,0.,1.,           0001041P0000870
-3.614303634E-02,-0.,0.999346627;                                0001041P0000871
144,1045,1,0,1047;                                               0001043P0000872
128,1,1,1,1,0,0,1,0,0,0.,0.,1.382231274,1.382231274,0.,0.,1.,1., 0001045P0000873
1.,1.,1.,1.,7.272727273,-1.600904299,1.043368687,7.272727273,    0001045P0000874
-1.393455812,-0.323206748,8.181818182,-1.245543635,1.099262626,  0001045P0000875
8.181818182,-1.086451889,-0.224449858,0.,1.382231274,0.,1.;      0001045P0000876
142,0,1045,1049,1059,3;                                          0001047P0000877
102,4,1051,1053,1055,1057;                                       0001049P0000878
110,0.,0.,0.,1.382231274,0.,0.;                                  0001051P0000879
110,1.382231274,0.,0.,1.382231274,1.,0.;                         0001053P0000880
126,1,1,1,0,1,0,0.,0.,1.33323851,1.33323851,1.,1.,1.382231274,   0001055P0000881
1.,0.,0.,1.,0.,0.,1.33323851,0.,0.,1.;                           0001055P0000882
110,0.,1.,0.,0.,0.,0.;                                           0001057P0000883
102,4,1061,1063,1065,1067;                                       0001059P0000884
110,7.272727273,-1.600904299,1.043368687,7.272727273,            0001061P0000885
-1.393455812,-0.323206748;                                       0001061P0000886
126,1,1,1,0,1,0,0.,0.,1.,1.,1.,1.,7.272727273,-1.393455812,      0001063P0000887
-0.323206748,8.181818182,-1.086451889,-0.224449858,0.,1.,        0001063P0000888
-0.107997209,0.,0.994151197;                                     0001063P0000889
110,8.181818182,-1.086451889,-0.224449858,8.181818182,           0001065P0000890
-1.245543635,1.099262626;                                        0001065P0000891
126,1,1,1,0,1,0,0.,0.,1.,1.,1.,1.,8.181818182,-1.245543635,      0001067P0000892
1.099262626,7.272727273,-1.600904299,1.043368687,0.,1.,          0001067P0000893
-6.136745211E-02,-0.,0.998115242;                                0001067P0000894
144,1071,1,0,1073;                                               0001069P0000895
128,1,1,1,1,0,0,1,0,0,0.,0.,1.411133288,1.411133288,0.,0.,1.,1., 0001071P0000896
1.,1.,1.,1.,7.272727273,-1.393455812,-0.323206748,7.272727273,   0001071P0000897
-7.116432895E-17,-0.545868056,8.181818182,-1.086451889,          0001071P0000898
-0.224449858,8.181818182,4.178426285E-18,-0.476805556,0.,        0001071P0000899
1.411133288,0.,1.;                                               0001071P0000900
142,0,1071,1075,1085,3;                                          0001073P0000901
102,4,1077,1079,1081,1083;                                       0001075P0000902
110,0.,0.,0.,1.411133288,0.,0.;                                  0001077P0000903
110,1.411133288,0.,0.,1.411133288,1.,0.;                         0001079P0000904
126,1,1,1,0,1,0,0.,0.,1.115374872,1.115374872,1.,1.,1.411133288, 0001081P0000905
1.,0.,0.,1.,0.,0.,1.115374872,0.,0.,1.;                          0001081P0000906
110,0.,1.,0.,0.,0.,0.;                                           0001083P0000907
102,4,1087,1089,1091,1093;                                       0001085P0000908
110,7.272727273,-1.393455812,-0.323206748,7.272727273,           0001087P0000909
-7.116432895E-17,-0.545868056;                                   0001087P0000910
126,1,1,1,0,1,0,0.,0.,1.,1.,1.,1.,7.272727273,-7.116432895E-17,  0001089P0000911
-0.545868056,8.181818182,4.178426285E-18,-0.476805556,0.,1.,     0001089P0000912
-7.575047697E-02,0.,0.997126805;                                 0001089P0000913
110,8.181818182,4.178426285E-18,-0.476805556,8.181818182,        0001091P0000914
-1.086451889,-0.224449858;                                       0001091P0000915
126,1,1,1,0,1,0,0.,0.,1.,1.,1.,1.,8.181818182,-1.086451889,      0001093P0000916
-0.224449858,7.272727273,-1.393455812,-0.323206748,0.,1.,        0001093P0000917
-0.107997209,-0.,0.994151197;                                    0001093P0000918
144,1097,1,0,1099;                                               0001095P0000919
128,1,1,1,1,0,0,1,0,0,0.,0.,1.411133288,1.411133288,0.,0.,1.,1., 0001097P0000920
1.,1.,1.,1.,7.272727273,0.,-0.545868056,7.272727273,1.393455812, 0001097P0000921
-0.323206748,8.181818182,0.,-0.476805556,8.181818182,            0001097P0000922
1.086451889,-0.224449858,0.,1.411133288,0.,1.;                   0001097P0000923
142,0,1097,1101,1111,3;                                          0001099P0000924
102,4,1103,1105,1107,1109;                                       0001101P0000925
110,0.,0.,0.,1.411133288,0.,0.;                                  0001103P0000926
110,1.411133288,0.,0.,1.411133288,1.,0.;                         0001105P0000927
126,1,1,1,0,1,0,0.,0.,1.115374872,1.115374872,1.,1.,1.411133288, 0001107P0000928
1.,0.,0.,1.,0.,0.,1.115374872,0.,0.,1.;                          0001107P0000929
110,0.,1.,0.,0.,0.,0.;                                           0001109P0000930
102,4,1113,1115,1117,1119;                                       0001111P0000931
110,7.272727273,0.,-0.545868056,7.272727273,1.393455812,         0001113P0000932
-0.323206748;                                                    0001113P0000933
126,1,1,1,0,1,0,0.,0.,1.,1.,1.,1.,7.272727273,1.393455812,       0001115P0000934
-0.323206748,8.181818182,1.086451889,-0.224449858,0.,1.,         0001115P0000935
-0.107997209,0.,0.994151197;                                     0001115P0000936
110,8.181818182,1.086451889,-0.224449858,8.181818182,0.,         0001117P0000937
-0.476805556;                                                    0001117P0000938
126,1,1,1,0,1,0,0.,0.,1.,1.,1.,1.,8.181818182,4.178426285E-18,   0001119P0000939
-0.476805556,7.272727273,-7.116432895E-17,-0.545868056,0.,1.,    0001119P0000940
-7.575047697E-02,-0.,0.997126805;                                0001119P0000941
144,1123,1,0,1125;                                               0001121P0000942
128,1,1,1,1,0,0,1,0,0,0.,0.,1.382231274,1.382231274,0.,0.,1.,1., 0001123P0000943
1.,1.,1.,1.,7.272727273,1.393455812,-0.323206748,7.272727273,    0001123P0000944
1.600904299,1.043368687,8.181818182,1.086451889,-0.224449858,    0001123P0000945
8.181818182,1.245543635,1.099262626,0.,1.382231274,0.,1.;        0001123P0000946
142,0,1123,1127,1137,3;                                          0001125P0000947
102,4,1129,1131,1133,1135;                                       0001127P0000948
110,0.,0.,0.,1.382231274,0.,0.;                                  0001129P0000949
110,1.382231274,0.,0.,1.382231274,1.,0.;                         0001131P0000950
126,1,1,1,0,1,0,0.,0.,1.33323851,1.33323851,1.,1.,1.382231274,   0001133P0000951
1.,0.,0.,1.,0.,0.,1.33323851,0.,0.,1.;                           0001133P0000952
110,0.,1.,0.,0.,0.,0.;                                           0001135P0000953
102,4,1139,1141,1143,1145;                                       0001137P0000954
110,7.272727273,1.393455812,-0.323206748,7.272727273,            0001139P0000955
1.600904299,1.043368687;                                         0001139P0000956
126,1,1,1,0,1,0,0.,0.,1.,1.,1.,1.,7.272727273,1.600904299,       0001141P0000957
1.043368687,8.181818182,1.245543635,1.099262626,0.,1.,           0001141P0000958
-6.136745211E-02,0.,0.998115242;                                 0001141P0000959
110,8.181818182,1.245543635,1.099262626,8.181818182,1.086451889, 0001143P0000960
-0.224449858;                                                    0001143P0000961
126,1,1,1,0,1,0,0.,0.,1.,1.,1.,1.,8.181818182,1.086451889,       0001145P0000962
-0.224449858,7.272727273,1.393455812,-0.323206748,0.,1.,         0001145P0000963
-0.107997209,-0.,0.994151197;                                    0001145P0000964
144,1149,1,0,1151;                                               0001147P0000965
128,1,1,1,1,0,0,1,0,0,0.,0.,3.201808598,3.201808598,0.,0.,1.,1., 0001149P0000966
1.,1.,1.,1.,7.272727273,1.600904299,1.043368687,7.272727273,     0001149P0000967
-1.600904299,1.043368687,8.181818182,1.245543635,1.099262626,    0001149P0000968
8.181818182,-1.245543635,1.099262626,0.,3.201808598,0.,1.;       0001149P0000969
142,0,1149,1153,1163,3;                                          0001151P0000970
102,4,1155,1157,1159,1161;                                       0001153P0000971
110,0.,0.,0.,3.201808598,0.,0.;                                  0001155P0000972
110,3.201808598,0.,0.,3.201808598,1.,0.;                         0001157P0000973
126,1,1,1,0,1,0,0.,0.,2.491087269,2.491087269,1.,1.,3.201808598, 0001159P0000974
1.,0.,0.,1.,0.,0.,2.491087269,0.,0.,1.;                          0001159P0000975
110,0.,1.,0.,0.,0.,0.;                                           0001161P0000976
102,4,1165,1167,1169,1171;                                       0001163P0000977
110,7.272727273,1.600904299,1.043368687,7.272727273,             0001165P0000978
-1.600904299,1.043368687;                                        0001165P0000979
126,1,1,1,0,1,0,0.,0.,1.,1.,1.,1.,7.272727273,-1.600904299,      0001167P0000980
1.043368687,8.181818182,-1.245543635,1.099262626,0.,1.,          0001167P0000981
-6.136745211E-02,0.,0.998115242;                                 0001167P0000982
110,8.181818182,-1.245543635,1.099262626,8.181818182,            0001169P0000983
1.245543635,1.099262626;                                         0001169P0000984
126,1,1,1,0,1,0,0.,0.,1.,1.,1.,1.,8.181818182,1.245543635,       0001171P0000985
1.099262626,7.272727273,1.600904299,1.043368687,0.,1.,           0001171P0000986
-6.136745211E-02,-0.,0.998115242;                                0001171P0000987
144,1175,1,0,1177;                                               0001173P0000988
128,1,1,1,1,0,0,1,0,0,0.,0.,1.33323851,1.33323851,0.,0.,1.,1.,   0001175P0000989
1.,1.,1.,1.,8.181818182,-1.245543635,1.099262626,8.181818182,    0001175P0000990
-1.086451889,-0.224449858,9.090909091,-0.737917095,1.177858586,  0001175P0000991
9.090909091,-0.624683735,-9.531047407E-02,0.,1.33323851,0.,1.;   0001175P0000992
142,0,1175,1179,1189,3;                                          0001177P0000993
102,4,1181,1183,1185,1187;                                       0001179P0000994
110,0.,0.,0.,1.33323851,0.,0.;                                   0001181P0000995
110,1.33323851,0.,0.,1.33323851,1.,0.;                           0001183P0000996
126,1,1,1,0,1,0,0.,0.,1.278194527,1.278194527,1.,1.,1.33323851,  0001185P0000997
1.,0.,0.,1.,0.,0.,1.278194527,0.,0.,1.;                          0001185P0000998
110,0.,1.,0.,0.,0.,0.;                                           0001187P0000999
102,4,1191,1193,1195,1197;                                       0001189P0001000
110,8.181818182,-1.245543635,1.099262626,8.181818182,            0001191P0001001
-1.086451889,-0.224449858;                                       0001191P0001002
126,1,1,1,0,1,0,0.,0.,1.,1.,1.,1.,8.181818182,-1.086451889,      0001193P0001003
-0.224449858,9.090909091,-0.624683735,-9.531047407E-02,0.,1.,    0001193P0001004
-0.140641397,0.,0.990060603;                                     0001193P0001005
110,9.090909091,-0.624683735,-9.531047407E-02,9.090909091,       0001195P0001006
-0.737917095,1.177858586;                                        0001195P0001007
126,1,1,1,0,1,0,0.,0.,1.,1.,1.,1.,9.090909091,-0.737917095,      0001197P0001008
1.177858586,8.181818182,-1.245543635,1.099262626,0.,1.,          0001197P0001009
-8.613424692E-02,-0.,0.99628354;                                 0001197P0001010
144,1201,1,0,1203;                                               0001199P0001011
128,1,1,1,1,0,0,1,0,0,0.,0.,1.115374872,1.115374872,0.,0.,1.,1., 0001201P0001012
1.,1.,1.,1.,8.181818182,-1.086451889,-0.224449858,8.181818182,   0001201P0001013
4.178426285E-18,-0.476805556,9.090909091,-0.624683735,           0001201P0001014
-9.531047407E-02,9.090909091,3.525435107E-17,-0.322152778,0.,    0001201P0001015
1.115374872,0.,1.;                                               0001201P0001016
142,0,1201,1205,1215,3;                                          0001203P0001017
102,4,1207,1209,1211,1213;                                       0001205P0001018
110,0.,0.,0.,1.115374872,0.,0.;                                  0001207P0001019
110,1.115374872,0.,0.,1.115374872,1.,0.;                         0001209P0001020
126,1,1,1,0,1,0,0.,0.,0.664595516,0.664595516,1.,1.,1.115374872, 0001211P0001021
1.,0.,0.,1.,0.,0.,0.664595516,0.,0.,1.;                          0001211P0001022
110,0.,1.,0.,0.,0.,0.;                                           0001213P0001023
102,4,1217,1219,1221,1223;                                       0001215P0001024
110,8.181818182,-1.086451889,-0.224449858,8.181818182,           0001217P0001025
4.178426285E-18,-0.476805556;                                    0001217P0001026
126,1,1,1,0,1,0,0.,0.,1.,1.,1.,1.,8.181818182,4.178426285E-18,   0001219P0001027
-0.476805556,9.090909091,3.525435107E-17,-0.322152778,0.,1.,     0001219P0001028
-0.167708607,0.,0.985836611;                                     0001219P0001029
110,9.090909091,3.525435107E-17,-0.322152778,9.090909091,        0001221P0001030
-0.624683735,-9.531047407E-02;                                   0001221P0001031
126,1,1,1,0,1,0,0.,0.,1.,1.,1.,1.,9.090909091,-0.624683735,      0001223P0001032
-9.531047407E-02,8.181818182,-1.086451889,-0.224449858,0.,1.,    0001223P0001033
-0.140641397,-0.,0.990060603;                                    0001223P0001034
144,1227,1,0,1229;                                               0001225P0001035
128,1,1,1,1,0,0,1,0,0,0.,0.,1.115374872,1.115374872,0.,0.,1.,1., 0001227P0001036
1.,1.,1.,1.,8.181818182,0.,-0.476805556,8.181818182,1.086451889, 0001227P0001037
-0.224449858,9.090909091,0.,-0.322152778,9.090909091,            0001227P0001038
0.624683735,-9.531047407E-02,0.,1.115374872,0.,1.;               0001227P0001039
142,0,1227,1231,1241,3;                                          0001229P0001040
102,4,1233,1235,1237,1239;                                       0001231P0001041
110,0.,0.,0.,1.115374872,0.,0.;                                  0001233P0001042
110,1.115374872,0.,0.,1.115374872,1.,0.;                         0001235P0001043
126,1,1,1,0,1,0,0.,0.,0.664595516,0.664595516,1.,1.,1.115374872, 0001237P0001044
1.,0.,0.,1.,0.,0.,0.664595516,0.,0.,1.;                          0001237P0001045
110,0.,1.,0.,0.,0.,0.;                                           0001239P0001046
102,4,1243,1245,1247,1249;                                       0001241P0001047
110,8.181818182,0.,-0.476805556,8.181818182,1.086451889,         0001243P0001048
-0.224449858;                                                    0001243P0001049
126,1,1,1,0,1,0,0.,0.,1.,1.,1.,1.,8.181818182,1.086451889,       0001245P0001050
-0.224449858,9.090909091,0.624683735,-9.531047407E-02,0.,1.,     0001245P0001051
-0.140641397,0.,0.990060603;                                     0001245P0001052
110,9.090909091,0.624683735,-9.531047407E-02,9.090909091,0.,     0001247P0001053
-0.322152778;                                                    0001247P0001054
126,1,1,1,0,1,0,0.,0.,1.,1.,1.,1.,9.090909091,3.525435107E-17,   0001249P0001055
-0.322152778,8.181818182,4.178426285E-18,-0.476805556,0.,1.,     0001249P0001056
-0.167708607,-0.,0.985836611;                                    0001249P0001057
144,1253,1,0,1255;                                               0001251P0001058
128,1,1,1,1,0,0,1,0,0,0.,0.,1.33323851,1.33323851,0.,0.,1.,1.,   0001253P0001059
1.,1.,1.,1.,8.181818182,1.086451889,-0.224449858,8.181818182,    0001253P0001060
1.245543635,1.099262626,9.090909091,0.624683735,                 0001253P0001061
-9.531047407E-02,9.090909091,0.737917095,1.177858586,0.,         0001253P0001062
1.33323851,0.,1.;                                                0001253P0001063
142,0,1253,1257,1267,3;                                          0001255P0001064
102,4,1259,1261,1263,1265;                                       0001257P0001065
110,0.,0.,0.,1.33323851,0.,0.;                                   0001259P0001066
110,1.33323851,0.,0.,1.33323851,1.,0.;                           0001261P0001067
126,1,1,1,0,1,0,0.,0.,1.278194527,1.278194527,1.,1.,1.33323851,  0001263P0001068
1.,0.,0.,1.,0.,0.,1.278194527,0.,0.,1.;                          0001263P0001069
110,0.,1.,0.,0.,0.,0.;                                           0001265P0001070
102,4,1269,1271,1273,1275;                                       0001267P0001071
110,8.181818182,1.086451889,-0.224449858,8.181818182,            0001269P0001072
1.245543635,1.099262626;                                         0001269P0001073
126,1,1,1,0,1,0,0.,0.,1.,1.,1.,1.,8.181818182,1.245543635,       0001271P0001074
1.099262626,9.090909091,0.737917095,1.177858586,0.,1.,           0001271P0001075
-8.613424692E-02,0.,0.99628354;                                  0001271P0001076
110,9.090909091,0.737917095,1.177858586,9.090909091,0.624683735, 0001273P0001077
-9.531047407E-02;                                                0001273P0001078
126,1,1,1,0,1,0,0.,0.,1.,1.,1.,1.,9.090909091,0.624683735,       0001275P0001079
-9.531047407E-02,8.181818182,1.086451889,-0.224449858,0.,1.,     0001275P0001080
-0.140641397,-0.,0.990060603;                                    0001275P0001081
144,1279,1,0,1281;                                               0001277P0001082
128,1,1,1,1,0,0,1,0,0,0.,0.,2.491087269,2.491087269,0.,0.,1.,1., 0001279P0001083
1.,1.,1.,1.,8.181818182,1.245543635,1.099262626,8.181818182,     0001279P0001084
-1.245543635,1.099262626,9.090909091,0.737917095,1.177858586,    0001279P0001085
9.090909091,-0.737917095,1.177858586,0.,2.491087269,0.,1.;       0001279P0001086
142,0,1279,1283,1293,3;                                          0001281P0001087
102,4,1285,1287,1289,1291;                                       0001283P0001088
110,0.,0.,0.,2.491087269,0.,0.;                                  0001285P0001089
110,2.491087269,0.,0.,2.491087269,1.,0.;                         0001287P0001090
126,1,1,1,0,1,0,0.,0.,1.47583419,1.47583419,1.,1.,2.491087269,   0001289P0001091
1.,0.,0.,1.,0.,0.,1.47583419,0.,0.,1.;                           0001289P0001092
110,0.,1.,0.,0.,0.,0.;                                           0001291P0001093
102,4,1295,1297,1299,1301;                                       0001293P0001094
110,8.181818182,1.245543635,1.099262626,8.181818182,             0001295P0001095
-1.245543635,1.099262626;                                        0001295P0001096
126,1,1,1,0,1,0,0.,0.,1.,1.,1.,1.,8.181818182,-1.245543635,      0001297P0001097
1.099262626,9.090909091,-0.737917095,1.177858586,0.,1.,          0001297P0001098
-8.613424692E-02,0.,0.99628354;                                  0001297P0001099
110,9.090909091,-0.737917095,1.177858586,9.090909091,            0001299P0001100
0.737917095,1.177858586;                                         0001299P0001101
126,1,1,1,0,1,0,0.,0.,1.,1.,1.,1.,9.090909091,0.737917095,       0001301P0001102
1.177858586,8.181818182,1.245543635,1.099262626,0.,1.,           0001301P0001103
-8.613424692E-02,-0.,0.99628354;                                 0001301P0001104
144,1305,1,0,1307;                                               0001303P0001105
128,1,1,1,1,0,0,1,0,0,0.,0.,1.3615,1.3615,0.,0.,1.,1.,1.,1.,1.,  0001305P0001106
1.,9.090909091,-0.737917095,1.177858586,9.090909091,             0001305P0001107
-0.624683735,-9.531047407E-02,10.,-2.E-03,1.279,10.,-2.E-03,     0001305P0001108
-8.25E-02,0.,1.3615,0.,1.;                                       0001305P0001109
142,0,1305,1309,1319,3;                                          0001307P0001110
102,4,1311,1313,1315,1317;                                       0001309P0001111
126,1,1,1,0,1,0,0.,0.,1.278194527,1.278194527,1.,1.,0.,0.,0.,    0001311P0001112
1.3615,0.,0.,0.,1.278194527,0.,0.,1.;                            0001311P0001113
110,1.3615,0.,0.,1.3615,1.,0.;                                   0001313P0001114
110,1.3615,1.,0.,0.,1.,0.;                                       0001315P0001115
110,0.,1.,0.,0.,0.,0.;                                           0001317P0001116
102,4,1321,1323,1325,1327;                                       0001319P0001117
110,9.090909091,-0.737917095,1.177858586,9.090909091,            0001321P0001118
-0.624683735,-9.531047407E-02;                                   0001321P0001119
126,1,1,1,0,1,0,0.,0.,1.,1.,1.,1.,9.090909091,-0.624683735,      0001323P0001120
-9.531047407E-02,10.,-2.E-03,-8.25E-02,0.,1.,-1.40901226E-02,0., 0001323P0001121
0.999900729;                                                     0001323P0001122
110,10.,-2.E-03,-8.25E-02,10.,-2.E-03,1.279;                     0001325P0001123
126,1,1,1,0,1,0,0.,0.,1.,1.,1.,1.,10.,-2.E-03,1.279,9.090909091, 0001327P0001124
-0.737917095,1.177858586,0.,1.,-0.110573333,-0.,0.993867968;     0001327P0001125
144,1331,1,0,1333;                                               0001329P0001126
128,1,1,1,1,0,0,1,0,0,0.,0.,0.664595516,0.664595516,0.,0.,1.,1., 0001331P0001127
1.,1.,1.,1.,9.090909091,-0.624683735,-9.531047407E-02,           0001331P0001128
9.090909091,3.525435107E-17,-0.322152778,10.,-2.E-03,-8.25E-02,  0001331P0001129
10.,0.,-8.25E-02,0.,0.664595516,0.,1.;                           0001331P0001130
142,0,1331,1335,1345,3;                                          0001333P0001131
102,4,1337,1339,1341,1343;                                       0001335P0001132
110,0.,0.,0.,0.664595516,0.,0.;                                  0001337P0001133
110,0.664595516,0.,0.,0.664595516,1.,0.;                         0001339P0001134
126,1,1,1,0,1,0,0.,0.,2.E-03,2.E-03,1.,1.,0.664595516,1.,0.,0.,  0001341P0001135
1.,0.,0.,2.E-03,0.,0.,1.;                                        0001341P0001136
110,0.,1.,0.,0.,0.,0.;                                           0001343P0001137
102,4,1347,1349,1351,1353;                                       0001345P0001138
110,9.090909091,-0.624683735,-9.531047407E-02,9.090909091,       0001347P0001139
3.525435107E-17,-0.322152778;                                    0001347P0001140
126,1,1,1,0,1,0,0.,0.,1.,1.,1.,1.,9.090909091,3.525435107E-17,   0001349P0001141
-0.322152778,10.,0.,-8.25E-02,0.,1.,-0.254909416,0.,0.966964937; 0001349P0001142
110,10.,0.,-8.25E-02,10.,-2.E-03,-8.25E-02;                      0001351P0001143
126,1,1,1,0,1,0,0.,0.,1.,1.,1.,1.,10.,-2.E-03,-8.25E-02,         0001353P0001144
9.090909091,-0.624683735,-9.531047407E-02,0.,1.,-1.40901226E-02, 0001353P0001145
-0.,0.999900729;                                                 0001353P0001146
144,1357,1,0,1359;                                               0001355P0001147
128,1,1,1,1,0,0,1,0,0,0.,0.,0.664595516,0.664595516,0.,0.,1.,1., 0001357P0001148
1.,1.,1.,1.,9.090909091,0.,-0.322152778,9.090909091,0.624683735, 0001357P0001149
-9.531047407E-02,10.,0.,-8.25E-02,10.,2.E-03,-8.25E-02,0.,       0001357P0001150
0.664595516,0.,1.;                                               0001357P0001151
142,0,1357,1361,1371,3;                                          0001359P0001152
102,4,1363,1365,1367,1369;                                       0001361P0001153
110,0.,0.,0.,0.664595516,0.,0.;                                  0001363P0001154
110,0.664595516,0.,0.,0.664595516,1.,0.;                         0001365P0001155
126,1,1,1,0,1,0,0.,0.,2.E-03,2.E-03,1.,1.,0.664595516,1.,0.,0.,  0001367P0001156
1.,0.,0.,2.E-03,0.,0.,1.;                                        0001367P0001157
110,0.,1.,0.,0.,0.,0.;                                           0001369P0001158
102,4,1373,1375,1377,1379;                                       0001371P0001159
110,9.090909091,0.,-0.322152778,9.090909091,0.624683735,         0001373P0001160
-9.531047407E-02;                                                0001373P0001161
126,1,1,1,0,1,0,0.,0.,1.,1.,1.,1.,9.090909091,0.624683735,       0001375P0001162
-9.531047407E-02,10.,2.E-03,-8.25E-02,0.,1.,-1.40901226E-02,0.,  0001375P0001163
0.999900729;                                                     0001375P0001164
110,10.,2.E-03,-8.25E-02,10.,0.,-8.25E-02;                       0001377P0001165
126,1,1,1,0,1,0,0.,0.,1.,1.,1.,1.,10.,0.,-8.25E-02,9.090909091,  0001379P0001166
3.525435107E-17,-0.322152778,0.,1.,-0.254909416,-0.,0.966964937; 0001379P0001167
144,1383,1,0,1385;                                               0001381P0001168
128,1,1,1,1,0,0,1,0,0,0.,0.,1.3615,1.3615,0.,0.,1.,1.,1.,1.,1.,  0001383P0001169
1.,9.090909091,0.624683735,-9.531047407E-02,9.090909091,         0001383P0001170
0.737917095,1.177858586,10.,2.E-03,-8.25E-02,10.,2.E-03,1.279,   0001383P0001171
0.,1.3615,0.,1.;                                                 0001383P0001172
142,0,1383,1387,1397,3;                                          0001385P0001173
102,4,1389,1391,1393,1395;                                       0001387P0001174
126,1,1,1,0,1,0,0.,0.,1.278194527,1.278194527,1.,1.,0.,0.,0.,    0001389P0001175
1.3615,0.,0.,0.,1.278194527,0.,0.,1.;                            0001389P0001176
110,1.3615,0.,0.,1.3615,1.,0.;                                   0001391P0001177
110,1.3615,1.,0.,0.,1.,0.;                                       0001393P0001178
110,0.,1.,0.,0.,0.,0.;                                           0001395P0001179
102,4,1399,1401,1403,1405;                                       0001397P0001180
110,9.090909091,0.624683735,-9.531047407E-02,9.090909091,        0001399P0001181
0.737917095,1.177858586;                                         0001399P0001182
126,1,1,1,0,1,0,0.,0.,1.,1.,1.,1.,9.090909091,0.737917095,       0001401P0001183
1.177858586,10.,2.E-03,1.279,0.,1.,-0.110573333,0.,0.993867968;  0001401P0001184
110,10.,2.E-03,1.279,10.,2.E-03,-8.25E-02;                       0001403P0001185
126,1,1,1,0,1,0,0.,0.,1.,1.,1.,1.,10.,2.E-03,-8.25E-02,          0001405P0001186
9.090909091,0.624683735,-9.531047407E-02,0.,1.,-1.40901226E-02,  0001405P0001187
-0.,0.999900729;                                                 0001405P0001188
144,1409,1,0,1411;                                               0001407P0001189
128,1,1,1,1,0,0,1,0,0,0.,0.,1.47583419,1.47583419,0.,0.,1.,1.,   0001409P0001190
1.,1.,1.,1.,9.090909091,0.737917095,1.177858586,9.090909091,     0001409P0001191
-0.737917095,1.177858586,10.,2.E-03,1.279,10.,-2.E-03,1.279,0.,  0001409P0001192
1.47583419,0.,1.;                                                0001409P0001193
142,0,1409,1413,1423,3;                                          0001411P0001194
102,4,1415,1417,1419,1421;                                       0001413P0001195
110,0.,0.,0.,1.47583419,0.,0.;                                   0001415P0001196
110,1.47583419,0.,0.,1.47583419,1.,0.;                           0001417P0001197
126,1,1,1,0,1,0,0.,0.,4.E-03,4.E-03,1.,1.,1.47583419,1.,0.,0.,   0001419P0001198
1.,0.,0.,4.E-03,0.,0.,1.;                                        0001419P0001199
110,0.,1.,0.,0.,0.,0.;                                           0001421P0001200
102,4,1425,1427,1429,1431;                                       0001423P0001201
110,9.090909091,0.737917095,1.177858586,9.090909091,             0001425P0001202
-0.737917095,1.177858586;                                        0001425P0001203
126,1,1,1,0,1,0,0.,0.,1.,1.,1.,1.,9.090909091,-0.737917095,      0001427P0001204
1.177858586,10.,-2.E-03,1.279,0.,1.,-0.110573333,0.,0.993867968; 0001427P0001205
110,10.,-2.E-03,1.279,10.,2.E-03,1.279;                          0001429P0001206
126,1,1,1,0,1,0,0.,0.,1.,1.,1.,1.,10.,2.E-03,1.279,9.090909091,  0001431P0001207
0.737917095,1.177858586,0.,1.,-0.110573333,-0.,0.993867968;      0001431P0001208
144,1435,1,0,1437;                                               0001433P0001209
108,-1.,0.,-0.,-0.,0,0.,-1.368668426,1.,0.;                      0001435P0001210
142,0,1435,0,1439,2;                                             0001437P0001211
102,5,1441,1443,1445,1447,1449;                                  0001439P0001212
110,0.,-1.368668426,1.,0.,1.368668426,1.;                        0001441P0001213
110,0.,1.368668426,1.,0.,1.2,-0.298850998;                       0001443P0001214
110,0.,1.2,-0.298850998,0.,0.,-0.4675;                           0001445P0001215
110,0.,4.382456918E-17,-0.4675,0.,-1.2,-0.298850998;             0001447P0001216
110,0.,-1.2,-0.298850998,0.,-1.368668426,1.;                     0001449P0001217
144,1453,1,0,1455;                                               0001451P0001218
108,1.,-0.,-0.,10.,0,10.,-2.E-03,1.279,0.;                       0001453P0001219
142,0,1453,0,1457,2;                                             0001455P0001220
102,5,1459,1461,1463,1465,1467;                                  0001457P0001221
110,10.,-2.E-03,1.279,10.,-2.E-03,-8.25E-02;                     0001459P0001222
110,10.,-2.E-03,-8.25E-02,10.,0.,-8.25E-02;                      0001461P0001223
110,10.,0.,-8.25E-02,10.,2.E-03,-8.25E-02;                       0001463P0001224
110,10.,2.E-03,-8.25E-02,10.,2.E-03,1.279;                       0001465P0001225
110,10.,2.E-03,1.279,10.,-2.E-03,1.279;                          0001467P0001226
S      1G      4D   1468P   1226                                        T0000001
