ISO-10303-21;
HEADER;
FILE_DESCRIPTION(('Open CASCADE Model'),'2;1');
FILE_NAME('Open CASCADE Shape Model','2026-07-31T05:06:36',('Author'),(
    'Open CASCADE'),'Open CASCADE STEP processor 7.9','Open CASCADE 7.9'
  ,'Unknown');
FILE_SCHEMA(('AUTOMOTIVE_DESIGN { 1 0 10303 214 1 1 1 1 }'));
ENDSEC;
DATA;
#1 = APPLICATION_PROTOCOL_DEFINITION('international standard',
  'automotive_design',2000,#2);
#2 = APPLICATION_CONTEXT(
  'core data for automotive mechanical design processes');
#3 = SHAPE_DEFINITION_REPRESENTATION(#4,#10);
#4 = PRODUCT_DEFINITION_SHAPE('','',#5);
#5 = PRODUCT_DEFINITION('design','',#6,#9);
#6 = PRODUCT_DEFINITION_FORMATION('','',#7);
#7 = PRODUCT('Open CASCADE STEP translator 7.9 1',
  'Open CASCADE STEP translator 7.9 1','',(#8));
#8 = PRODUCT_CONTEXT('',#2,'mechanical');
#9 = PRODUCT_DEFINITION_CONTEXT('part definition',#2,'design');
#10 = ADVANCED_BREP_SHAPE_REPRESENTATION('',(#11,#15),#3013);
#11 = AXIS2_PLACEMENT_3D('',#12,#13,#14);
#12 = CARTESIAN_POINT('',(0.,0.,0.));
#13 = DIRECTION('',(0.,0.,1.));
#14 = DIRECTION('',(1.,0.,-0.));
#15 = MANIFOLD_SOLID_BREP('',#16);
#16 = CLOSED_SHELL('',(#17,#133,#211,#289,#362,#412,#485,#537,#589,#641,
    #672,#746,#798,#850,#903,#934,#1007,#1059,#1111,#1163,#1194,#1267,
    #1319,#1371,#1423,#1454,#1526,#1579,#1632,#1683,#1715,#1788,#1840,
    #1892,#1944,#1975,#2049,#2101,#2153,#2206,#2237,#2310,#2362,#2414,
    #2466,#2497,#2569,#2621,#2673,#2724,#2755,#2829,#2876,#2923,#2971,
    #2997,#3005));
#17 = ADVANCED_FACE('',(#18),#32,.T.);
#18 = FACE_BOUND('',#19,.T.);
#19 = EDGE_LOOP('',(#20,#54,#81,#108));
#20 = ORIENTED_EDGE('',*,*,#21,.T.);
#21 = EDGE_CURVE('',#22,#24,#26,.T.);
#22 = VERTEX_POINT('',#23);
#23 = CARTESIAN_POINT('',(0.,-1.368668426446,1.));
#24 = VERTEX_POINT('',#25);
#25 = CARTESIAN_POINT('',(0.,-1.2,-0.298850998357));
#26 = SURFACE_CURVE('',#27,(#31,#42),.PCURVE_S1.);
#27 = LINE('',#28,#29);
#28 = CARTESIAN_POINT('',(0.,-1.368668426446,1.));
#29 = VECTOR('',#30,1.);
#30 = DIRECTION('',(0.,0.128778428612,-0.991673391961));
#31 = PCURVE('',#32,#37);
#32 = B_SPLINE_SURFACE_WITH_KNOTS('',1,1,(
    (#33,#34)
    ,(#35,#36
    )),.UNSPECIFIED.,.F.,.F.,.F.,(2,2),(2,2),(0.,1.352378732394),(0.,1.)
  ,.PIECEWISE_BEZIER_KNOTS.);
#33 = CARTESIAN_POINT('',(0.,-1.368668426446,1.));
#34 = CARTESIAN_POINT('',(0.909090909091,-1.377910992795,1.));
#35 = CARTESIAN_POINT('',(0.,-1.2,-0.298850998357));
#36 = CARTESIAN_POINT('',(0.909090909091,-1.201898777406,-0.340875809262
    ));
#37 = DEFINITIONAL_REPRESENTATION('',(#38),#41);
#38 = B_SPLINE_CURVE_WITH_KNOTS('',1,(#39,#40),.UNSPECIFIED.,.F.,.F.,(2,
    2),(0.,1.309756830107),.PIECEWISE_BEZIER_KNOTS.);
#39 = CARTESIAN_POINT('',(0.,0.));
#40 = CARTESIAN_POINT('',(1.352378732394,0.));
#41 = ( GEOMETRIC_REPRESENTATION_CONTEXT(2) 
PARAMETRIC_REPRESENTATION_CONTEXT() REPRESENTATION_CONTEXT('2D SPACE',''
  ) );
#42 = PCURVE('',#43,#48);
#43 = PLANE('',#44);
#44 = AXIS2_PLACEMENT_3D('',#45,#46,#47);
#45 = CARTESIAN_POINT('',(0.,-1.368668426446,1.));
#46 = DIRECTION('',(1.,-0.,0.));
#47 = DIRECTION('',(0.,0.892400735859,-0.451243755236));
#48 = DEFINITIONAL_REPRESENTATION('',(#49),#53);
#49 = LINE('',#50,#51);
#50 = CARTESIAN_POINT('',(0.,0.));
#51 = VECTOR('',#52,1.);
#52 = DIRECTION('',(0.562408389812,-0.826859602997));
#53 = ( GEOMETRIC_REPRESENTATION_CONTEXT(2) 
PARAMETRIC_REPRESENTATION_CONTEXT() REPRESENTATION_CONTEXT('2D SPACE',''
  ) );
#54 = ORIENTED_EDGE('',*,*,#55,.T.);
#55 = EDGE_CURVE('',#24,#56,#58,.T.);
#56 = VERTEX_POINT('',#57);
#57 = CARTESIAN_POINT('',(0.909090909091,-1.201898777406,-0.340875809262
    ));
#58 = SURFACE_CURVE('',#59,(#62,#69),.PCURVE_S1.);
#59 = B_SPLINE_CURVE_WITH_KNOTS('',1,(#60,#61),.UNSPECIFIED.,.F.,.F.,(2,
    2),(0.,1.),.PIECEWISE_BEZIER_KNOTS.);
#60 = CARTESIAN_POINT('',(0.,-1.2,-0.298850998357));
#61 = CARTESIAN_POINT('',(0.909090909091,-1.201898777406,-0.340875809262
    ));
#62 = PCURVE('',#32,#63);
#63 = DEFINITIONAL_REPRESENTATION('',(#64),#68);
#64 = LINE('',#65,#66);
#65 = CARTESIAN_POINT('',(1.352378732394,0.));
#66 = VECTOR('',#67,1.);
#67 = DIRECTION('',(0.,1.));
#68 = ( GEOMETRIC_REPRESENTATION_CONTEXT(2) 
PARAMETRIC_REPRESENTATION_CONTEXT() REPRESENTATION_CONTEXT('2D SPACE',''
  ) );
#69 = PCURVE('',#70,#75);
#70 = B_SPLINE_SURFACE_WITH_KNOTS('',1,1,(
    (#71,#72)
    ,(#73,#74
    )),.UNSPECIFIED.,.F.,.F.,.F.,(2,2),(2,2),(0.,1.213710524801),(0.,1.)
  ,.PIECEWISE_BEZIER_KNOTS.);
#71 = CARTESIAN_POINT('',(0.,-1.2,-0.298850998357));
#72 = CARTESIAN_POINT('',(0.909090909091,-1.201898777406,-0.340875809262
    ));
#73 = CARTESIAN_POINT('',(0.,0.,-0.4675));
#74 = CARTESIAN_POINT('',(0.909090909091,0.,-0.509791666667));
#75 = DEFINITIONAL_REPRESENTATION('',(#76),#80);
#76 = LINE('',#77,#78);
#77 = CARTESIAN_POINT('',(0.,0.));
#78 = VECTOR('',#79,1.);
#79 = DIRECTION('',(0.,1.));
#80 = ( GEOMETRIC_REPRESENTATION_CONTEXT(2) 
PARAMETRIC_REPRESENTATION_CONTEXT() REPRESENTATION_CONTEXT('2D SPACE',''
  ) );
#81 = ORIENTED_EDGE('',*,*,#82,.F.);
#82 = EDGE_CURVE('',#83,#56,#85,.T.);
#83 = VERTEX_POINT('',#84);
#84 = CARTESIAN_POINT('',(0.909090909091,-1.377910992795,1.));
#85 = SURFACE_CURVE('',#86,(#90,#97),.PCURVE_S1.);
#86 = LINE('',#87,#88);
#87 = CARTESIAN_POINT('',(0.909090909091,-1.377910992795,1.));
#88 = VECTOR('',#89,1.);
#89 = DIRECTION('',(0.,0.130150091223,-0.99149430344));
#90 = PCURVE('',#32,#91);
#91 = DEFINITIONAL_REPRESENTATION('',(#92),#96);
#92 = LINE('',#93,#94);
#93 = CARTESIAN_POINT('',(0.,1.));
#94 = VECTOR('',#95,1.);
#95 = DIRECTION('',(1.,0.));
#96 = ( GEOMETRIC_REPRESENTATION_CONTEXT(2) 
PARAMETRIC_REPRESENTATION_CONTEXT() REPRESENTATION_CONTEXT('2D SPACE',''
  ) );
#97 = PCURVE('',#98,#103);
#98 = B_SPLINE_SURFACE_WITH_KNOTS('',1,1,(
    (#99,#100)
    ,(#101,#102
    )),.UNSPECIFIED.,.F.,.F.,.F.,(2,2),(2,2),(0.,1.3784465799),(0.,1.),
  .PIECEWISE_BEZIER_KNOTS.);
#99 = CARTESIAN_POINT('',(0.909090909091,-1.377910992795,1.));
#100 = CARTESIAN_POINT('',(1.818181818182,-1.39660644927,1.));
#101 = CARTESIAN_POINT('',(0.909090909091,-1.201898777406,
    -0.340875809262));
#102 = CARTESIAN_POINT('',(1.818181818182,-1.214616487945,
    -0.366380118274));
#103 = DEFINITIONAL_REPRESENTATION('',(#104),#107);
#104 = B_SPLINE_CURVE_WITH_KNOTS('',1,(#105,#106),.UNSPECIFIED.,.F.,.F.,
  (2,2),(0.,1.352378732394),.PIECEWISE_BEZIER_KNOTS.);
#105 = CARTESIAN_POINT('',(0.,0.));
#106 = CARTESIAN_POINT('',(1.3784465799,0.));
#107 = ( GEOMETRIC_REPRESENTATION_CONTEXT(2) 
PARAMETRIC_REPRESENTATION_CONTEXT() REPRESENTATION_CONTEXT('2D SPACE',''
  ) );
#108 = ORIENTED_EDGE('',*,*,#109,.F.);
#109 = EDGE_CURVE('',#22,#83,#110,.T.);
#110 = SURFACE_CURVE('',#111,(#114,#121),.PCURVE_S1.);
#111 = B_SPLINE_CURVE_WITH_KNOTS('',1,(#112,#113),.UNSPECIFIED.,.F.,.F.,
  (2,2),(0.,1.),.PIECEWISE_BEZIER_KNOTS.);
#112 = CARTESIAN_POINT('',(0.,-1.368668426446,1.));
#113 = CARTESIAN_POINT('',(0.909090909091,-1.377910992795,1.));
#114 = PCURVE('',#32,#115);
#115 = DEFINITIONAL_REPRESENTATION('',(#116),#120);
#116 = LINE('',#117,#118);
#117 = CARTESIAN_POINT('',(0.,0.));
#118 = VECTOR('',#119,1.);
#119 = DIRECTION('',(0.,1.));
#120 = ( GEOMETRIC_REPRESENTATION_CONTEXT(2) 
PARAMETRIC_REPRESENTATION_CONTEXT() REPRESENTATION_CONTEXT('2D SPACE',''
  ) );
#121 = PCURVE('',#122,#127);
#122 = B_SPLINE_SURFACE_WITH_KNOTS('',1,1,(
    (#123,#124)
    ,(#125,#126
    )),.UNSPECIFIED.,.F.,.F.,.F.,(2,2),(2,2),(0.,2.75582198559),(0.,1.),
  .PIECEWISE_BEZIER_KNOTS.);
#123 = CARTESIAN_POINT('',(0.,1.368668426446,1.));
#124 = CARTESIAN_POINT('',(0.909090909091,1.377910992795,1.));
#125 = CARTESIAN_POINT('',(0.,-1.368668426446,1.));
#126 = CARTESIAN_POINT('',(0.909090909091,-1.377910992795,1.));
#127 = DEFINITIONAL_REPRESENTATION('',(#128),#132);
#128 = LINE('',#129,#130);
#129 = CARTESIAN_POINT('',(2.75582198559,0.));
#130 = VECTOR('',#131,1.);
#131 = DIRECTION('',(0.,1.));
#132 = ( GEOMETRIC_REPRESENTATION_CONTEXT(2) 
PARAMETRIC_REPRESENTATION_CONTEXT() REPRESENTATION_CONTEXT('2D SPACE',''
  ) );
#133 = ADVANCED_FACE('',(#134),#70,.T.);
#134 = FACE_BOUND('',#135,.T.);
#135 = EDGE_LOOP('',(#136,#158,#185,#210));
#136 = ORIENTED_EDGE('',*,*,#137,.T.);
#137 = EDGE_CURVE('',#24,#138,#140,.T.);
#138 = VERTEX_POINT('',#139);
#139 = CARTESIAN_POINT('',(0.,0.,-0.4675));
#140 = SURFACE_CURVE('',#141,(#145,#151),.PCURVE_S1.);
#141 = LINE('',#142,#143);
#142 = CARTESIAN_POINT('',(0.,-1.2,-0.298850998357));
#143 = VECTOR('',#144,1.);
#144 = DIRECTION('',(0.,0.990268068742,-0.13917310096));
#145 = PCURVE('',#70,#146);
#146 = DEFINITIONAL_REPRESENTATION('',(#147),#150);
#147 = B_SPLINE_CURVE_WITH_KNOTS('',1,(#148,#149),.UNSPECIFIED.,.F.,.F.,
  (2,2),(0.,1.211793087022),.PIECEWISE_BEZIER_KNOTS.);
#148 = CARTESIAN_POINT('',(0.,0.));
#149 = CARTESIAN_POINT('',(1.213710524801,0.));
#150 = ( GEOMETRIC_REPRESENTATION_CONTEXT(2) 
PARAMETRIC_REPRESENTATION_CONTEXT() REPRESENTATION_CONTEXT('2D SPACE',''
  ) );
#151 = PCURVE('',#43,#152);
#152 = DEFINITIONAL_REPRESENTATION('',(#153),#157);
#153 = LINE('',#154,#155);
#154 = CARTESIAN_POINT('',(0.736618229866,-1.082985012566));
#155 = VECTOR('',#156,1.);
#156 = DIRECTION('',(0.946516945947,0.32265410432));
#157 = ( GEOMETRIC_REPRESENTATION_CONTEXT(2) 
PARAMETRIC_REPRESENTATION_CONTEXT() REPRESENTATION_CONTEXT('2D SPACE',''
  ) );
#158 = ORIENTED_EDGE('',*,*,#159,.T.);
#159 = EDGE_CURVE('',#138,#160,#162,.T.);
#160 = VERTEX_POINT('',#161);
#161 = CARTESIAN_POINT('',(0.909090909091,0.,-0.509791666667));
#162 = SURFACE_CURVE('',#163,(#166,#173),.PCURVE_S1.);
#163 = B_SPLINE_CURVE_WITH_KNOTS('',1,(#164,#165),.UNSPECIFIED.,.F.,.F.,
  (2,2),(0.,1.),.PIECEWISE_BEZIER_KNOTS.);
#164 = CARTESIAN_POINT('',(0.,0.,-0.4675));
#165 = CARTESIAN_POINT('',(0.909090909091,0.,-0.509791666667));
#166 = PCURVE('',#70,#167);
#167 = DEFINITIONAL_REPRESENTATION('',(#168),#172);
#168 = LINE('',#169,#170);
#169 = CARTESIAN_POINT('',(1.213710524801,0.));
#170 = VECTOR('',#171,1.);
#171 = DIRECTION('',(0.,1.));
#172 = ( GEOMETRIC_REPRESENTATION_CONTEXT(2) 
PARAMETRIC_REPRESENTATION_CONTEXT() REPRESENTATION_CONTEXT('2D SPACE',''
  ) );
#173 = PCURVE('',#174,#179);
#174 = B_SPLINE_SURFACE_WITH_KNOTS('',1,1,(
    (#175,#176)
    ,(#177,#178
    )),.UNSPECIFIED.,.F.,.F.,.F.,(2,2),(2,2),(0.,1.213710524801),(0.,1.)
  ,.PIECEWISE_BEZIER_KNOTS.);
#175 = CARTESIAN_POINT('',(0.,0.,-0.4675));
#176 = CARTESIAN_POINT('',(0.909090909091,0.,-0.509791666667));
#177 = CARTESIAN_POINT('',(0.,1.2,-0.298850998357));
#178 = CARTESIAN_POINT('',(0.909090909091,1.201898777406,-0.340875809262
    ));
#179 = DEFINITIONAL_REPRESENTATION('',(#180),#184);
#180 = LINE('',#181,#182);
#181 = CARTESIAN_POINT('',(0.,0.));
#182 = VECTOR('',#183,1.);
#183 = DIRECTION('',(0.,1.));
#184 = ( GEOMETRIC_REPRESENTATION_CONTEXT(2) 
PARAMETRIC_REPRESENTATION_CONTEXT() REPRESENTATION_CONTEXT('2D SPACE',''
  ) );
#185 = ORIENTED_EDGE('',*,*,#186,.F.);
#186 = EDGE_CURVE('',#56,#160,#187,.T.);
#187 = SURFACE_CURVE('',#188,(#192,#199),.PCURVE_S1.);
#188 = LINE('',#189,#190);
#189 = CARTESIAN_POINT('',(0.909090909091,-1.201898777406,
    -0.340875809262));
#190 = VECTOR('',#191,1.);
#191 = DIRECTION('',(0.,0.990268068742,-0.13917310096));
#192 = PCURVE('',#70,#193);
#193 = DEFINITIONAL_REPRESENTATION('',(#194),#198);
#194 = LINE('',#195,#196);
#195 = CARTESIAN_POINT('',(0.,1.));
#196 = VECTOR('',#197,1.);
#197 = DIRECTION('',(1.,0.));
#198 = ( GEOMETRIC_REPRESENTATION_CONTEXT(2) 
PARAMETRIC_REPRESENTATION_CONTEXT() REPRESENTATION_CONTEXT('2D SPACE',''
  ) );
#199 = PCURVE('',#200,#205);
#200 = B_SPLINE_SURFACE_WITH_KNOTS('',1,1,(
    (#201,#202)
    ,(#203,#204
    )),.UNSPECIFIED.,.F.,.F.,.F.,(2,2),(2,2),(0.,1.226553219562),(0.,1.)
  ,.PIECEWISE_BEZIER_KNOTS.);
#201 = CARTESIAN_POINT('',(0.909090909091,-1.201898777406,
    -0.340875809262));
#202 = CARTESIAN_POINT('',(1.818181818182,-1.214616487945,
    -0.366380118274));
#203 = CARTESIAN_POINT('',(0.909090909091,0.,-0.509791666667));
#204 = CARTESIAN_POINT('',(1.818181818182,0.,-0.537083333333));
#205 = DEFINITIONAL_REPRESENTATION('',(#206),#209);
#206 = B_SPLINE_CURVE_WITH_KNOTS('',1,(#207,#208),.UNSPECIFIED.,.F.,.F.,
  (2,2),(0.,1.213710524801),.PIECEWISE_BEZIER_KNOTS.);
#207 = CARTESIAN_POINT('',(0.,0.));
#208 = CARTESIAN_POINT('',(1.226553219562,0.));
#209 = ( GEOMETRIC_REPRESENTATION_CONTEXT(2) 
PARAMETRIC_REPRESENTATION_CONTEXT() REPRESENTATION_CONTEXT('2D SPACE',''
  ) );
#210 = ORIENTED_EDGE('',*,*,#55,.F.);
#211 = ADVANCED_FACE('',(#212),#174,.T.);
#212 = FACE_BOUND('',#213,.T.);
#213 = EDGE_LOOP('',(#214,#236,#263,#288));
#214 = ORIENTED_EDGE('',*,*,#215,.T.);
#215 = EDGE_CURVE('',#138,#216,#218,.T.);
#216 = VERTEX_POINT('',#217);
#217 = CARTESIAN_POINT('',(0.,1.2,-0.298850998357));
#218 = SURFACE_CURVE('',#219,(#223,#229),.PCURVE_S1.);
#219 = LINE('',#220,#221);
#220 = CARTESIAN_POINT('',(0.,0.,-0.4675));
#221 = VECTOR('',#222,1.);
#222 = DIRECTION('',(0.,0.990268068742,0.13917310096));
#223 = PCURVE('',#174,#224);
#224 = DEFINITIONAL_REPRESENTATION('',(#225),#228);
#225 = B_SPLINE_CURVE_WITH_KNOTS('',1,(#226,#227),.UNSPECIFIED.,.F.,.F.,
  (2,2),(0.,1.211793087022),.PIECEWISE_BEZIER_KNOTS.);
#226 = CARTESIAN_POINT('',(0.,0.));
#227 = CARTESIAN_POINT('',(1.213710524801,0.));
#228 = ( GEOMETRIC_REPRESENTATION_CONTEXT(2) 
PARAMETRIC_REPRESENTATION_CONTEXT() REPRESENTATION_CONTEXT('2D SPACE',''
  ) );
#229 = PCURVE('',#43,#230);
#230 = DEFINITIONAL_REPRESENTATION('',(#231),#235);
#231 = LINE('',#232,#233);
#232 = CARTESIAN_POINT('',(1.883600921715,-0.691994999451));
#233 = VECTOR('',#234,1.);
#234 = DIRECTION('',(0.820914960537,0.571050459737));
#235 = ( GEOMETRIC_REPRESENTATION_CONTEXT(2) 
PARAMETRIC_REPRESENTATION_CONTEXT() REPRESENTATION_CONTEXT('2D SPACE',''
  ) );
#236 = ORIENTED_EDGE('',*,*,#237,.T.);
#237 = EDGE_CURVE('',#216,#238,#240,.T.);
#238 = VERTEX_POINT('',#239);
#239 = CARTESIAN_POINT('',(0.909090909091,1.201898777406,-0.340875809262
    ));
#240 = SURFACE_CURVE('',#241,(#244,#251),.PCURVE_S1.);
#241 = B_SPLINE_CURVE_WITH_KNOTS('',1,(#242,#243),.UNSPECIFIED.,.F.,.F.,
  (2,2),(0.,1.),.PIECEWISE_BEZIER_KNOTS.);
#242 = CARTESIAN_POINT('',(0.,1.2,-0.298850998357));
#243 = CARTESIAN_POINT('',(0.909090909091,1.201898777406,-0.340875809262
    ));
#244 = PCURVE('',#174,#245);
#245 = DEFINITIONAL_REPRESENTATION('',(#246),#250);
#246 = LINE('',#247,#248);
#247 = CARTESIAN_POINT('',(1.213710524801,0.));
#248 = VECTOR('',#249,1.);
#249 = DIRECTION('',(0.,1.));
#250 = ( GEOMETRIC_REPRESENTATION_CONTEXT(2) 
PARAMETRIC_REPRESENTATION_CONTEXT() REPRESENTATION_CONTEXT('2D SPACE',''
  ) );
#251 = PCURVE('',#252,#257);
#252 = B_SPLINE_SURFACE_WITH_KNOTS('',1,1,(
    (#253,#254)
    ,(#255,#256
    )),.UNSPECIFIED.,.F.,.F.,.F.,(2,2),(2,2),(0.,1.352378732394),(0.,1.)
  ,.PIECEWISE_BEZIER_KNOTS.);
#253 = CARTESIAN_POINT('',(0.,1.2,-0.298850998357));
#254 = CARTESIAN_POINT('',(0.909090909091,1.201898777406,-0.340875809262
    ));
#255 = CARTESIAN_POINT('',(0.,1.368668426446,1.));
#256 = CARTESIAN_POINT('',(0.909090909091,1.377910992795,1.));
#257 = DEFINITIONAL_REPRESENTATION('',(#258),#262);
#258 = LINE('',#259,#260);
#259 = CARTESIAN_POINT('',(0.,0.));
#260 = VECTOR('',#261,1.);
#261 = DIRECTION('',(0.,1.));
#262 = ( GEOMETRIC_REPRESENTATION_CONTEXT(2) 
PARAMETRIC_REPRESENTATION_CONTEXT() REPRESENTATION_CONTEXT('2D SPACE',''
  ) );
#263 = ORIENTED_EDGE('',*,*,#264,.F.);
#264 = EDGE_CURVE('',#160,#238,#265,.T.);
#265 = SURFACE_CURVE('',#266,(#270,#277),.PCURVE_S1.);
#266 = LINE('',#267,#268);
#267 = CARTESIAN_POINT('',(0.909090909091,0.,-0.509791666667));
#268 = VECTOR('',#269,1.);
#269 = DIRECTION('',(0.,0.990268068742,0.13917310096));
#270 = PCURVE('',#174,#271);
#271 = DEFINITIONAL_REPRESENTATION('',(#272),#276);
#272 = LINE('',#273,#274);
#273 = CARTESIAN_POINT('',(0.,1.));
#274 = VECTOR('',#275,1.);
#275 = DIRECTION('',(1.,0.));
#276 = ( GEOMETRIC_REPRESENTATION_CONTEXT(2) 
PARAMETRIC_REPRESENTATION_CONTEXT() REPRESENTATION_CONTEXT('2D SPACE',''
  ) );
#277 = PCURVE('',#278,#283);
#278 = B_SPLINE_SURFACE_WITH_KNOTS('',1,1,(
    (#279,#280)
    ,(#281,#282
    )),.UNSPECIFIED.,.F.,.F.,.F.,(2,2),(2,2),(0.,1.226553219562),(0.,1.)
  ,.PIECEWISE_BEZIER_KNOTS.);
#279 = CARTESIAN_POINT('',(0.909090909091,0.,-0.509791666667));
#280 = CARTESIAN_POINT('',(1.818181818182,0.,-0.537083333333));
#281 = CARTESIAN_POINT('',(0.909090909091,1.201898777406,-0.340875809262
    ));
#282 = CARTESIAN_POINT('',(1.818181818182,1.214616487945,-0.366380118274
    ));
#283 = DEFINITIONAL_REPRESENTATION('',(#284),#287);
#284 = B_SPLINE_CURVE_WITH_KNOTS('',1,(#285,#286),.UNSPECIFIED.,.F.,.F.,
  (2,2),(0.,1.213710524801),.PIECEWISE_BEZIER_KNOTS.);
#285 = CARTESIAN_POINT('',(0.,0.));
#286 = CARTESIAN_POINT('',(1.226553219562,0.));
#287 = ( GEOMETRIC_REPRESENTATION_CONTEXT(2) 
PARAMETRIC_REPRESENTATION_CONTEXT() REPRESENTATION_CONTEXT('2D SPACE',''
  ) );
#288 = ORIENTED_EDGE('',*,*,#159,.F.);
#289 = ADVANCED_FACE('',(#290),#252,.T.);
#290 = FACE_BOUND('',#291,.T.);
#291 = EDGE_LOOP('',(#292,#314,#336,#361));
#292 = ORIENTED_EDGE('',*,*,#293,.T.);
#293 = EDGE_CURVE('',#216,#294,#296,.T.);
#294 = VERTEX_POINT('',#295);
#295 = CARTESIAN_POINT('',(0.,1.368668426446,1.));
#296 = SURFACE_CURVE('',#297,(#301,#307),.PCURVE_S1.);
#297 = LINE('',#298,#299);
#298 = CARTESIAN_POINT('',(0.,1.2,-0.298850998357));
#299 = VECTOR('',#300,1.);
#300 = DIRECTION('',(0.,0.128778428612,0.991673391961));
#301 = PCURVE('',#252,#302);
#302 = DEFINITIONAL_REPRESENTATION('',(#303),#306);
#303 = B_SPLINE_CURVE_WITH_KNOTS('',1,(#304,#305),.UNSPECIFIED.,.F.,.F.,
  (2,2),(0.,1.309756830107),.PIECEWISE_BEZIER_KNOTS.);
#304 = CARTESIAN_POINT('',(0.,0.));
#305 = CARTESIAN_POINT('',(1.352378732394,0.));
#306 = ( GEOMETRIC_REPRESENTATION_CONTEXT(2) 
PARAMETRIC_REPRESENTATION_CONTEXT() REPRESENTATION_CONTEXT('2D SPACE',''
  ) );
#307 = PCURVE('',#43,#308);
#308 = DEFINITIONAL_REPRESENTATION('',(#309),#313);
#309 = LINE('',#310,#311);
#310 = CARTESIAN_POINT('',(2.878379995927,-2.22044604925E-16));
#311 = VECTOR('',#312,1.);
#312 = DIRECTION('',(-0.332564460899,0.943080526438));
#313 = ( GEOMETRIC_REPRESENTATION_CONTEXT(2) 
PARAMETRIC_REPRESENTATION_CONTEXT() REPRESENTATION_CONTEXT('2D SPACE',''
  ) );
#314 = ORIENTED_EDGE('',*,*,#315,.T.);
#315 = EDGE_CURVE('',#294,#316,#318,.T.);
#316 = VERTEX_POINT('',#317);
#317 = CARTESIAN_POINT('',(0.909090909091,1.377910992795,1.));
#318 = SURFACE_CURVE('',#319,(#322,#329),.PCURVE_S1.);
#319 = B_SPLINE_CURVE_WITH_KNOTS('',1,(#320,#321),.UNSPECIFIED.,.F.,.F.,
  (2,2),(0.,1.),.PIECEWISE_BEZIER_KNOTS.);
#320 = CARTESIAN_POINT('',(0.,1.368668426446,1.));
#321 = CARTESIAN_POINT('',(0.909090909091,1.377910992795,1.));
#322 = PCURVE('',#252,#323);
#323 = DEFINITIONAL_REPRESENTATION('',(#324),#328);
#324 = LINE('',#325,#326);
#325 = CARTESIAN_POINT('',(1.352378732394,0.));
#326 = VECTOR('',#327,1.);
#327 = DIRECTION('',(0.,1.));
#328 = ( GEOMETRIC_REPRESENTATION_CONTEXT(2) 
PARAMETRIC_REPRESENTATION_CONTEXT() REPRESENTATION_CONTEXT('2D SPACE',''
  ) );
#329 = PCURVE('',#122,#330);
#330 = DEFINITIONAL_REPRESENTATION('',(#331),#335);
#331 = LINE('',#332,#333);
#332 = CARTESIAN_POINT('',(0.,0.));
#333 = VECTOR('',#334,1.);
#334 = DIRECTION('',(0.,1.));
#335 = ( GEOMETRIC_REPRESENTATION_CONTEXT(2) 
PARAMETRIC_REPRESENTATION_CONTEXT() REPRESENTATION_CONTEXT('2D SPACE',''
  ) );
#336 = ORIENTED_EDGE('',*,*,#337,.F.);
#337 = EDGE_CURVE('',#238,#316,#338,.T.);
#338 = SURFACE_CURVE('',#339,(#343,#350),.PCURVE_S1.);
#339 = LINE('',#340,#341);
#340 = CARTESIAN_POINT('',(0.909090909091,1.201898777406,-0.340875809262
    ));
#341 = VECTOR('',#342,1.);
#342 = DIRECTION('',(0.,0.130150091223,0.99149430344));
#343 = PCURVE('',#252,#344);
#344 = DEFINITIONAL_REPRESENTATION('',(#345),#349);
#345 = LINE('',#346,#347);
#346 = CARTESIAN_POINT('',(0.,1.));
#347 = VECTOR('',#348,1.);
#348 = DIRECTION('',(1.,0.));
#349 = ( GEOMETRIC_REPRESENTATION_CONTEXT(2) 
PARAMETRIC_REPRESENTATION_CONTEXT() REPRESENTATION_CONTEXT('2D SPACE',''
  ) );
#350 = PCURVE('',#351,#356);
#351 = B_SPLINE_SURFACE_WITH_KNOTS('',1,1,(
    (#352,#353)
    ,(#354,#355
    )),.UNSPECIFIED.,.F.,.F.,.F.,(2,2),(2,2),(0.,1.3784465799),(0.,1.),
  .PIECEWISE_BEZIER_KNOTS.);
#352 = CARTESIAN_POINT('',(0.909090909091,1.201898777406,-0.340875809262
    ));
#353 = CARTESIAN_POINT('',(1.818181818182,1.214616487945,-0.366380118274
    ));
#354 = CARTESIAN_POINT('',(0.909090909091,1.377910992795,1.));
#355 = CARTESIAN_POINT('',(1.818181818182,1.39660644927,1.));
#356 = DEFINITIONAL_REPRESENTATION('',(#357),#360);
#357 = B_SPLINE_CURVE_WITH_KNOTS('',1,(#358,#359),.UNSPECIFIED.,.F.,.F.,
  (2,2),(0.,1.352378732394),.PIECEWISE_BEZIER_KNOTS.);
#358 = CARTESIAN_POINT('',(0.,0.));
#359 = CARTESIAN_POINT('',(1.3784465799,0.));
#360 = ( GEOMETRIC_REPRESENTATION_CONTEXT(2) 
PARAMETRIC_REPRESENTATION_CONTEXT() REPRESENTATION_CONTEXT('2D SPACE',''
  ) );
#361 = ORIENTED_EDGE('',*,*,#237,.F.);
#362 = ADVANCED_FACE('',(#363),#122,.T.);
#363 = FACE_BOUND('',#364,.T.);
#364 = EDGE_LOOP('',(#365,#385,#386,#411));
#365 = ORIENTED_EDGE('',*,*,#366,.T.);
#366 = EDGE_CURVE('',#294,#22,#367,.T.);
#367 = SURFACE_CURVE('',#368,(#372,#378),.PCURVE_S1.);
#368 = LINE('',#369,#370);
#369 = CARTESIAN_POINT('',(0.,1.368668426446,1.));
#370 = VECTOR('',#371,1.);
#371 = DIRECTION('',(0.,-1.,0.));
#372 = PCURVE('',#122,#373);
#373 = DEFINITIONAL_REPRESENTATION('',(#374),#377);
#374 = B_SPLINE_CURVE_WITH_KNOTS('',1,(#375,#376),.UNSPECIFIED.,.F.,.F.,
  (2,2),(0.,2.737336852891),.PIECEWISE_BEZIER_KNOTS.);
#375 = CARTESIAN_POINT('',(0.,0.));
#376 = CARTESIAN_POINT('',(2.75582198559,0.));
#377 = ( GEOMETRIC_REPRESENTATION_CONTEXT(2) 
PARAMETRIC_REPRESENTATION_CONTEXT() REPRESENTATION_CONTEXT('2D SPACE',''
  ) );
#378 = PCURVE('',#43,#379);
#379 = DEFINITIONAL_REPRESENTATION('',(#380),#384);
#380 = LINE('',#381,#382);
#381 = CARTESIAN_POINT('',(2.442801421813,1.235206160843));
#382 = VECTOR('',#383,1.);
#383 = DIRECTION('',(-0.892400735859,-0.451243755236));
#384 = ( GEOMETRIC_REPRESENTATION_CONTEXT(2) 
PARAMETRIC_REPRESENTATION_CONTEXT() REPRESENTATION_CONTEXT('2D SPACE',''
  ) );
#385 = ORIENTED_EDGE('',*,*,#109,.T.);
#386 = ORIENTED_EDGE('',*,*,#387,.F.);
#387 = EDGE_CURVE('',#316,#83,#388,.T.);
#388 = SURFACE_CURVE('',#389,(#393,#400),.PCURVE_S1.);
#389 = LINE('',#390,#391);
#390 = CARTESIAN_POINT('',(0.909090909091,1.377910992795,1.));
#391 = VECTOR('',#392,1.);
#392 = DIRECTION('',(0.,-1.,0.));
#393 = PCURVE('',#122,#394);
#394 = DEFINITIONAL_REPRESENTATION('',(#395),#399);
#395 = LINE('',#396,#397);
#396 = CARTESIAN_POINT('',(0.,1.));
#397 = VECTOR('',#398,1.);
#398 = DIRECTION('',(1.,0.));
#399 = ( GEOMETRIC_REPRESENTATION_CONTEXT(2) 
PARAMETRIC_REPRESENTATION_CONTEXT() REPRESENTATION_CONTEXT('2D SPACE',''
  ) );
#400 = PCURVE('',#401,#406);
#401 = B_SPLINE_SURFACE_WITH_KNOTS('',1,1,(
    (#402,#403)
    ,(#404,#405
    )),.UNSPECIFIED.,.F.,.F.,.F.,(2,2),(2,2),(0.,2.79321289854),(0.,1.),
  .PIECEWISE_BEZIER_KNOTS.);
#402 = CARTESIAN_POINT('',(0.909090909091,1.377910992795,1.));
#403 = CARTESIAN_POINT('',(1.818181818182,1.39660644927,1.));
#404 = CARTESIAN_POINT('',(0.909090909091,-1.377910992795,1.));
#405 = CARTESIAN_POINT('',(1.818181818182,-1.39660644927,1.));
#406 = DEFINITIONAL_REPRESENTATION('',(#407),#410);
#407 = B_SPLINE_CURVE_WITH_KNOTS('',1,(#408,#409),.UNSPECIFIED.,.F.,.F.,
  (2,2),(0.,2.75582198559),.PIECEWISE_BEZIER_KNOTS.);
#408 = CARTESIAN_POINT('',(0.,0.));
#409 = CARTESIAN_POINT('',(2.79321289854,0.));
#410 = ( GEOMETRIC_REPRESENTATION_CONTEXT(2) 
PARAMETRIC_REPRESENTATION_CONTEXT() REPRESENTATION_CONTEXT('2D SPACE',''
  ) );
#411 = ORIENTED_EDGE('',*,*,#315,.F.);
#412 = ADVANCED_FACE('',(#413),#98,.T.);
#413 = FACE_BOUND('',#414,.T.);
#414 = EDGE_LOOP('',(#415,#416,#438,#465));
#415 = ORIENTED_EDGE('',*,*,#82,.T.);
#416 = ORIENTED_EDGE('',*,*,#417,.T.);
#417 = EDGE_CURVE('',#56,#418,#420,.T.);
#418 = VERTEX_POINT('',#419);
#419 = CARTESIAN_POINT('',(1.818181818182,-1.214616487945,
    -0.366380118274));
#420 = SURFACE_CURVE('',#421,(#424,#431),.PCURVE_S1.);
#421 = B_SPLINE_CURVE_WITH_KNOTS('',1,(#422,#423),.UNSPECIFIED.,.F.,.F.,
  (2,2),(0.,1.),.PIECEWISE_BEZIER_KNOTS.);
#422 = CARTESIAN_POINT('',(0.909090909091,-1.201898777406,
    -0.340875809262));
#423 = CARTESIAN_POINT('',(1.818181818182,-1.214616487945,
    -0.366380118274));
#424 = PCURVE('',#98,#425);
#425 = DEFINITIONAL_REPRESENTATION('',(#426),#430);
#426 = LINE('',#427,#428);
#427 = CARTESIAN_POINT('',(1.3784465799,0.));
#428 = VECTOR('',#429,1.);
#429 = DIRECTION('',(0.,1.));
#430 = ( GEOMETRIC_REPRESENTATION_CONTEXT(2) 
PARAMETRIC_REPRESENTATION_CONTEXT() REPRESENTATION_CONTEXT('2D SPACE',''
  ) );
#431 = PCURVE('',#200,#432);
#432 = DEFINITIONAL_REPRESENTATION('',(#433),#437);
#433 = LINE('',#434,#435);
#434 = CARTESIAN_POINT('',(0.,0.));
#435 = VECTOR('',#436,1.);
#436 = DIRECTION('',(0.,1.));
#437 = ( GEOMETRIC_REPRESENTATION_CONTEXT(2) 
PARAMETRIC_REPRESENTATION_CONTEXT() REPRESENTATION_CONTEXT('2D SPACE',''
  ) );
#438 = ORIENTED_EDGE('',*,*,#439,.F.);
#439 = EDGE_CURVE('',#440,#418,#442,.T.);
#440 = VERTEX_POINT('',#441);
#441 = CARTESIAN_POINT('',(1.818181818182,-1.39660644927,1.));
#442 = SURFACE_CURVE('',#443,(#447,#454),.PCURVE_S1.);
#443 = LINE('',#444,#445);
#444 = CARTESIAN_POINT('',(1.818181818182,-1.39660644927,1.));
#445 = VECTOR('',#446,1.);
#446 = DIRECTION('',(0.,0.132025400171,-0.991246333516));
#447 = PCURVE('',#98,#448);
#448 = DEFINITIONAL_REPRESENTATION('',(#449),#453);
#449 = LINE('',#450,#451);
#450 = CARTESIAN_POINT('',(0.,1.));
#451 = VECTOR('',#452,1.);
#452 = DIRECTION('',(1.,0.));
#453 = ( GEOMETRIC_REPRESENTATION_CONTEXT(2) 
PARAMETRIC_REPRESENTATION_CONTEXT() REPRESENTATION_CONTEXT('2D SPACE',''
  ) );
#454 = PCURVE('',#455,#460);
#455 = B_SPLINE_SURFACE_WITH_KNOTS('',1,1,(
    (#456,#457)
    ,(#458,#459
    )),.UNSPECIFIED.,.F.,.F.,.F.,(2,2),(2,2),(0.,1.386535156321),(0.,1.)
  ,.PIECEWISE_BEZIER_KNOTS.);
#456 = CARTESIAN_POINT('',(1.818181818182,-1.39660644927,1.));
#457 = CARTESIAN_POINT('',(2.727272727273,-1.436701009584,1.));
#458 = CARTESIAN_POINT('',(1.818181818182,-1.214616487945,
    -0.366380118274));
#459 = CARTESIAN_POINT('',(2.727272727273,-1.248869612731,
    -0.373753655526));
#460 = DEFINITIONAL_REPRESENTATION('',(#461),#464);
#461 = B_SPLINE_CURVE_WITH_KNOTS('',1,(#462,#463),.UNSPECIFIED.,.F.,.F.,
  (2,2),(0.,1.3784465799),.PIECEWISE_BEZIER_KNOTS.);
#462 = CARTESIAN_POINT('',(0.,0.));
#463 = CARTESIAN_POINT('',(1.386535156321,0.));
#464 = ( GEOMETRIC_REPRESENTATION_CONTEXT(2) 
PARAMETRIC_REPRESENTATION_CONTEXT() REPRESENTATION_CONTEXT('2D SPACE',''
  ) );
#465 = ORIENTED_EDGE('',*,*,#466,.F.);
#466 = EDGE_CURVE('',#83,#440,#467,.T.);
#467 = SURFACE_CURVE('',#468,(#471,#478),.PCURVE_S1.);
#468 = B_SPLINE_CURVE_WITH_KNOTS('',1,(#469,#470),.UNSPECIFIED.,.F.,.F.,
  (2,2),(0.,1.),.PIECEWISE_BEZIER_KNOTS.);
#469 = CARTESIAN_POINT('',(0.909090909091,-1.377910992795,1.));
#470 = CARTESIAN_POINT('',(1.818181818182,-1.39660644927,1.));
#471 = PCURVE('',#98,#472);
#472 = DEFINITIONAL_REPRESENTATION('',(#473),#477);
#473 = LINE('',#474,#475);
#474 = CARTESIAN_POINT('',(0.,0.));
#475 = VECTOR('',#476,1.);
#476 = DIRECTION('',(0.,1.));
#477 = ( GEOMETRIC_REPRESENTATION_CONTEXT(2) 
PARAMETRIC_REPRESENTATION_CONTEXT() REPRESENTATION_CONTEXT('2D SPACE',''
  ) );
#478 = PCURVE('',#401,#479);
#479 = DEFINITIONAL_REPRESENTATION('',(#480),#484);
#480 = LINE('',#481,#482);
#481 = CARTESIAN_POINT('',(2.79321289854,0.));
#482 = VECTOR('',#483,1.);
#483 = DIRECTION('',(0.,1.));
#484 = ( GEOMETRIC_REPRESENTATION_CONTEXT(2) 
PARAMETRIC_REPRESENTATION_CONTEXT() REPRESENTATION_CONTEXT('2D SPACE',''
  ) );
#485 = ADVANCED_FACE('',(#486),#200,.T.);
#486 = FACE_BOUND('',#487,.T.);
#487 = EDGE_LOOP('',(#488,#489,#511,#536));
#488 = ORIENTED_EDGE('',*,*,#186,.T.);
#489 = ORIENTED_EDGE('',*,*,#490,.T.);
#490 = EDGE_CURVE('',#160,#491,#493,.T.);
#491 = VERTEX_POINT('',#492);
#492 = CARTESIAN_POINT('',(1.818181818182,0.,-0.537083333333));
#493 = SURFACE_CURVE('',#494,(#497,#504),.PCURVE_S1.);
#494 = B_SPLINE_CURVE_WITH_KNOTS('',1,(#495,#496),.UNSPECIFIED.,.F.,.F.,
  (2,2),(0.,1.),.PIECEWISE_BEZIER_KNOTS.);
#495 = CARTESIAN_POINT('',(0.909090909091,0.,-0.509791666667));
#496 = CARTESIAN_POINT('',(1.818181818182,0.,-0.537083333333));
#497 = PCURVE('',#200,#498);
#498 = DEFINITIONAL_REPRESENTATION('',(#499),#503);
#499 = LINE('',#500,#501);
#500 = CARTESIAN_POINT('',(1.226553219562,0.));
#501 = VECTOR('',#502,1.);
#502 = DIRECTION('',(0.,1.));
#503 = ( GEOMETRIC_REPRESENTATION_CONTEXT(2) 
PARAMETRIC_REPRESENTATION_CONTEXT() REPRESENTATION_CONTEXT('2D SPACE',''
  ) );
#504 = PCURVE('',#278,#505);
#505 = DEFINITIONAL_REPRESENTATION('',(#506),#510);
#506 = LINE('',#507,#508);
#507 = CARTESIAN_POINT('',(0.,0.));
#508 = VECTOR('',#509,1.);
#509 = DIRECTION('',(0.,1.));
#510 = ( GEOMETRIC_REPRESENTATION_CONTEXT(2) 
PARAMETRIC_REPRESENTATION_CONTEXT() REPRESENTATION_CONTEXT('2D SPACE',''
  ) );
#511 = ORIENTED_EDGE('',*,*,#512,.F.);
#512 = EDGE_CURVE('',#418,#491,#513,.T.);
#513 = SURFACE_CURVE('',#514,(#518,#525),.PCURVE_S1.);
#514 = LINE('',#515,#516);
#515 = CARTESIAN_POINT('',(1.818181818182,-1.214616487945,
    -0.366380118274));
#516 = VECTOR('',#517,1.);
#517 = DIRECTION('',(0.,0.990268068742,-0.13917310096));
#518 = PCURVE('',#200,#519);
#519 = DEFINITIONAL_REPRESENTATION('',(#520),#524);
#520 = LINE('',#521,#522);
#521 = CARTESIAN_POINT('',(0.,1.));
#522 = VECTOR('',#523,1.);
#523 = DIRECTION('',(1.,0.));
#524 = ( GEOMETRIC_REPRESENTATION_CONTEXT(2) 
PARAMETRIC_REPRESENTATION_CONTEXT() REPRESENTATION_CONTEXT('2D SPACE',''
  ) );
#525 = PCURVE('',#526,#531);
#526 = B_SPLINE_SURFACE_WITH_KNOTS('',1,1,(
    (#527,#528)
    ,(#529,#530
    )),.UNSPECIFIED.,.F.,.F.,.F.,(2,2),(2,2),(0.,1.261142969417),(0.,1.)
  ,.PIECEWISE_BEZIER_KNOTS.);
#527 = CARTESIAN_POINT('',(1.818181818182,-1.214616487945,
    -0.366380118274));
#528 = CARTESIAN_POINT('',(2.727272727273,-1.248869612731,
    -0.373753655526));
#529 = CARTESIAN_POINT('',(1.818181818182,0.,-0.537083333333));
#530 = CARTESIAN_POINT('',(2.727272727273,0.,-0.549270833333));
#531 = DEFINITIONAL_REPRESENTATION('',(#532),#535);
#532 = B_SPLINE_CURVE_WITH_KNOTS('',1,(#533,#534),.UNSPECIFIED.,.F.,.F.,
  (2,2),(0.,1.226553219562),.PIECEWISE_BEZIER_KNOTS.);
#533 = CARTESIAN_POINT('',(0.,0.));
#534 = CARTESIAN_POINT('',(1.261142969417,0.));
#535 = ( GEOMETRIC_REPRESENTATION_CONTEXT(2) 
PARAMETRIC_REPRESENTATION_CONTEXT() REPRESENTATION_CONTEXT('2D SPACE',''
  ) );
#536 = ORIENTED_EDGE('',*,*,#417,.F.);
#537 = ADVANCED_FACE('',(#538),#278,.T.);
#538 = FACE_BOUND('',#539,.T.);
#539 = EDGE_LOOP('',(#540,#541,#563,#588));
#540 = ORIENTED_EDGE('',*,*,#264,.T.);
#541 = ORIENTED_EDGE('',*,*,#542,.T.);
#542 = EDGE_CURVE('',#238,#543,#545,.T.);
#543 = VERTEX_POINT('',#544);
#544 = CARTESIAN_POINT('',(1.818181818182,1.214616487945,-0.366380118274
    ));
#545 = SURFACE_CURVE('',#546,(#549,#556),.PCURVE_S1.);
#546 = B_SPLINE_CURVE_WITH_KNOTS('',1,(#547,#548),.UNSPECIFIED.,.F.,.F.,
  (2,2),(0.,1.),.PIECEWISE_BEZIER_KNOTS.);
#547 = CARTESIAN_POINT('',(0.909090909091,1.201898777406,-0.340875809262
    ));
#548 = CARTESIAN_POINT('',(1.818181818182,1.214616487945,-0.366380118274
    ));
#549 = PCURVE('',#278,#550);
#550 = DEFINITIONAL_REPRESENTATION('',(#551),#555);
#551 = LINE('',#552,#553);
#552 = CARTESIAN_POINT('',(1.226553219562,0.));
#553 = VECTOR('',#554,1.);
#554 = DIRECTION('',(0.,1.));
#555 = ( GEOMETRIC_REPRESENTATION_CONTEXT(2) 
PARAMETRIC_REPRESENTATION_CONTEXT() REPRESENTATION_CONTEXT('2D SPACE',''
  ) );
#556 = PCURVE('',#351,#557);
#557 = DEFINITIONAL_REPRESENTATION('',(#558),#562);
#558 = LINE('',#559,#560);
#559 = CARTESIAN_POINT('',(0.,0.));
#560 = VECTOR('',#561,1.);
#561 = DIRECTION('',(0.,1.));
#562 = ( GEOMETRIC_REPRESENTATION_CONTEXT(2) 
PARAMETRIC_REPRESENTATION_CONTEXT() REPRESENTATION_CONTEXT('2D SPACE',''
  ) );
#563 = ORIENTED_EDGE('',*,*,#564,.F.);
#564 = EDGE_CURVE('',#491,#543,#565,.T.);
#565 = SURFACE_CURVE('',#566,(#570,#577),.PCURVE_S1.);
#566 = LINE('',#567,#568);
#567 = CARTESIAN_POINT('',(1.818181818182,0.,-0.537083333333));
#568 = VECTOR('',#569,1.);
#569 = DIRECTION('',(0.,0.990268068742,0.13917310096));
#570 = PCURVE('',#278,#571);
#571 = DEFINITIONAL_REPRESENTATION('',(#572),#576);
#572 = LINE('',#573,#574);
#573 = CARTESIAN_POINT('',(0.,1.));
#574 = VECTOR('',#575,1.);
#575 = DIRECTION('',(1.,0.));
#576 = ( GEOMETRIC_REPRESENTATION_CONTEXT(2) 
PARAMETRIC_REPRESENTATION_CONTEXT() REPRESENTATION_CONTEXT('2D SPACE',''
  ) );
#577 = PCURVE('',#578,#583);
#578 = B_SPLINE_SURFACE_WITH_KNOTS('',1,1,(
    (#579,#580)
    ,(#581,#582
    )),.UNSPECIFIED.,.F.,.F.,.F.,(2,2),(2,2),(0.,1.261142969417),(0.,1.)
  ,.PIECEWISE_BEZIER_KNOTS.);
#579 = CARTESIAN_POINT('',(1.818181818182,0.,-0.537083333333));
#580 = CARTESIAN_POINT('',(2.727272727273,0.,-0.549270833333));
#581 = CARTESIAN_POINT('',(1.818181818182,1.214616487945,-0.366380118274
    ));
#582 = CARTESIAN_POINT('',(2.727272727273,1.248869612731,-0.373753655526
    ));
#583 = DEFINITIONAL_REPRESENTATION('',(#584),#587);
#584 = B_SPLINE_CURVE_WITH_KNOTS('',1,(#585,#586),.UNSPECIFIED.,.F.,.F.,
  (2,2),(0.,1.226553219562),.PIECEWISE_BEZIER_KNOTS.);
#585 = CARTESIAN_POINT('',(0.,0.));
#586 = CARTESIAN_POINT('',(1.261142969417,0.));
#587 = ( GEOMETRIC_REPRESENTATION_CONTEXT(2) 
PARAMETRIC_REPRESENTATION_CONTEXT() REPRESENTATION_CONTEXT('2D SPACE',''
  ) );
#588 = ORIENTED_EDGE('',*,*,#490,.F.);
#589 = ADVANCED_FACE('',(#590),#351,.T.);
#590 = FACE_BOUND('',#591,.T.);
#591 = EDGE_LOOP('',(#592,#593,#615,#640));
#592 = ORIENTED_EDGE('',*,*,#337,.T.);
#593 = ORIENTED_EDGE('',*,*,#594,.T.);
#594 = EDGE_CURVE('',#316,#595,#597,.T.);
#595 = VERTEX_POINT('',#596);
#596 = CARTESIAN_POINT('',(1.818181818182,1.39660644927,1.));
#597 = SURFACE_CURVE('',#598,(#601,#608),.PCURVE_S1.);
#598 = B_SPLINE_CURVE_WITH_KNOTS('',1,(#599,#600),.UNSPECIFIED.,.F.,.F.,
  (2,2),(0.,1.),.PIECEWISE_BEZIER_KNOTS.);
#599 = CARTESIAN_POINT('',(0.909090909091,1.377910992795,1.));
#600 = CARTESIAN_POINT('',(1.818181818182,1.39660644927,1.));
#601 = PCURVE('',#351,#602);
#602 = DEFINITIONAL_REPRESENTATION('',(#603),#607);
#603 = LINE('',#604,#605);
#604 = CARTESIAN_POINT('',(1.3784465799,0.));
#605 = VECTOR('',#606,1.);
#606 = DIRECTION('',(0.,1.));
#607 = ( GEOMETRIC_REPRESENTATION_CONTEXT(2) 
PARAMETRIC_REPRESENTATION_CONTEXT() REPRESENTATION_CONTEXT('2D SPACE',''
  ) );
#608 = PCURVE('',#401,#609);
#609 = DEFINITIONAL_REPRESENTATION('',(#610),#614);
#610 = LINE('',#611,#612);
#611 = CARTESIAN_POINT('',(0.,0.));
#612 = VECTOR('',#613,1.);
#613 = DIRECTION('',(0.,1.));
#614 = ( GEOMETRIC_REPRESENTATION_CONTEXT(2) 
PARAMETRIC_REPRESENTATION_CONTEXT() REPRESENTATION_CONTEXT('2D SPACE',''
  ) );
#615 = ORIENTED_EDGE('',*,*,#616,.F.);
#616 = EDGE_CURVE('',#543,#595,#617,.T.);
#617 = SURFACE_CURVE('',#618,(#622,#629),.PCURVE_S1.);
#618 = LINE('',#619,#620);
#619 = CARTESIAN_POINT('',(1.818181818182,1.214616487945,-0.366380118274
    ));
#620 = VECTOR('',#621,1.);
#621 = DIRECTION('',(0.,0.132025400171,0.991246333516));
#622 = PCURVE('',#351,#623);
#623 = DEFINITIONAL_REPRESENTATION('',(#624),#628);
#624 = LINE('',#625,#626);
#625 = CARTESIAN_POINT('',(0.,1.));
#626 = VECTOR('',#627,1.);
#627 = DIRECTION('',(1.,0.));
#628 = ( GEOMETRIC_REPRESENTATION_CONTEXT(2) 
PARAMETRIC_REPRESENTATION_CONTEXT() REPRESENTATION_CONTEXT('2D SPACE',''
  ) );
#629 = PCURVE('',#630,#635);
#630 = B_SPLINE_SURFACE_WITH_KNOTS('',1,1,(
    (#631,#632)
    ,(#633,#634
    )),.UNSPECIFIED.,.F.,.F.,.F.,(2,2),(2,2),(0.,1.386535156321),(0.,1.)
  ,.PIECEWISE_BEZIER_KNOTS.);
#631 = CARTESIAN_POINT('',(1.818181818182,1.214616487945,-0.366380118274
    ));
#632 = CARTESIAN_POINT('',(2.727272727273,1.248869612731,-0.373753655526
    ));
#633 = CARTESIAN_POINT('',(1.818181818182,1.39660644927,1.));
#634 = CARTESIAN_POINT('',(2.727272727273,1.436701009584,1.));
#635 = DEFINITIONAL_REPRESENTATION('',(#636),#639);
#636 = B_SPLINE_CURVE_WITH_KNOTS('',1,(#637,#638),.UNSPECIFIED.,.F.,.F.,
  (2,2),(0.,1.3784465799),.PIECEWISE_BEZIER_KNOTS.);
#637 = CARTESIAN_POINT('',(0.,0.));
#638 = CARTESIAN_POINT('',(1.386535156321,0.));
#639 = ( GEOMETRIC_REPRESENTATION_CONTEXT(2) 
PARAMETRIC_REPRESENTATION_CONTEXT() REPRESENTATION_CONTEXT('2D SPACE',''
  ) );
#640 = ORIENTED_EDGE('',*,*,#542,.F.);
#641 = ADVANCED_FACE('',(#642),#401,.T.);
#642 = FACE_BOUND('',#643,.T.);
#643 = EDGE_LOOP('',(#644,#645,#646,#671));
#644 = ORIENTED_EDGE('',*,*,#387,.T.);
#645 = ORIENTED_EDGE('',*,*,#466,.T.);
#646 = ORIENTED_EDGE('',*,*,#647,.F.);
#647 = EDGE_CURVE('',#595,#440,#648,.T.);
#648 = SURFACE_CURVE('',#649,(#653,#660),.PCURVE_S1.);
#649 = LINE('',#650,#651);
#650 = CARTESIAN_POINT('',(1.818181818182,1.39660644927,1.));
#651 = VECTOR('',#652,1.);
#652 = DIRECTION('',(0.,-1.,0.));
#653 = PCURVE('',#401,#654);
#654 = DEFINITIONAL_REPRESENTATION('',(#655),#659);
#655 = LINE('',#656,#657);
#656 = CARTESIAN_POINT('',(0.,1.));
#657 = VECTOR('',#658,1.);
#658 = DIRECTION('',(1.,0.));
#659 = ( GEOMETRIC_REPRESENTATION_CONTEXT(2) 
PARAMETRIC_REPRESENTATION_CONTEXT() REPRESENTATION_CONTEXT('2D SPACE',''
  ) );
#660 = PCURVE('',#661,#666);
#661 = B_SPLINE_SURFACE_WITH_KNOTS('',1,1,(
    (#662,#663)
    ,(#664,#665
    )),.UNSPECIFIED.,.F.,.F.,.F.,(2,2),(2,2),(0.,2.873402019168),(0.,1.)
  ,.PIECEWISE_BEZIER_KNOTS.);
#662 = CARTESIAN_POINT('',(1.818181818182,1.39660644927,1.));
#663 = CARTESIAN_POINT('',(2.727272727273,1.436701009584,1.));
#664 = CARTESIAN_POINT('',(1.818181818182,-1.39660644927,1.));
#665 = CARTESIAN_POINT('',(2.727272727273,-1.436701009584,1.));
#666 = DEFINITIONAL_REPRESENTATION('',(#667),#670);
#667 = B_SPLINE_CURVE_WITH_KNOTS('',1,(#668,#669),.UNSPECIFIED.,.F.,.F.,
  (2,2),(0.,2.79321289854),.PIECEWISE_BEZIER_KNOTS.);
#668 = CARTESIAN_POINT('',(0.,0.));
#669 = CARTESIAN_POINT('',(2.873402019168,0.));
#670 = ( GEOMETRIC_REPRESENTATION_CONTEXT(2) 
PARAMETRIC_REPRESENTATION_CONTEXT() REPRESENTATION_CONTEXT('2D SPACE',''
  ) );
#671 = ORIENTED_EDGE('',*,*,#594,.F.);
#672 = ADVANCED_FACE('',(#673),#455,.T.);
#673 = FACE_BOUND('',#674,.T.);
#674 = EDGE_LOOP('',(#675,#676,#698,#726));
#675 = ORIENTED_EDGE('',*,*,#439,.T.);
#676 = ORIENTED_EDGE('',*,*,#677,.T.);
#677 = EDGE_CURVE('',#418,#678,#680,.T.);
#678 = VERTEX_POINT('',#679);
#679 = CARTESIAN_POINT('',(2.727272727273,-1.248869612731,
    -0.373753655526));
#680 = SURFACE_CURVE('',#681,(#684,#691),.PCURVE_S1.);
#681 = B_SPLINE_CURVE_WITH_KNOTS('',1,(#682,#683),.UNSPECIFIED.,.F.,.F.,
  (2,2),(0.,1.),.PIECEWISE_BEZIER_KNOTS.);
#682 = CARTESIAN_POINT('',(1.818181818182,-1.214616487945,
    -0.366380118274));
#683 = CARTESIAN_POINT('',(2.727272727273,-1.248869612731,
    -0.373753655526));
#684 = PCURVE('',#455,#685);
#685 = DEFINITIONAL_REPRESENTATION('',(#686),#690);
#686 = LINE('',#687,#688);
#687 = CARTESIAN_POINT('',(1.386535156321,0.));
#688 = VECTOR('',#689,1.);
#689 = DIRECTION('',(0.,1.));
#690 = ( GEOMETRIC_REPRESENTATION_CONTEXT(2) 
PARAMETRIC_REPRESENTATION_CONTEXT() REPRESENTATION_CONTEXT('2D SPACE',''
  ) );
#691 = PCURVE('',#526,#692);
#692 = DEFINITIONAL_REPRESENTATION('',(#693),#697);
#693 = LINE('',#694,#695);
#694 = CARTESIAN_POINT('',(0.,0.));
#695 = VECTOR('',#696,1.);
#696 = DIRECTION('',(0.,1.));
#697 = ( GEOMETRIC_REPRESENTATION_CONTEXT(2) 
PARAMETRIC_REPRESENTATION_CONTEXT() REPRESENTATION_CONTEXT('2D SPACE',''
  ) );
#698 = ORIENTED_EDGE('',*,*,#699,.F.);
#699 = EDGE_CURVE('',#700,#678,#702,.T.);
#700 = VERTEX_POINT('',#701);
#701 = CARTESIAN_POINT('',(2.727272727273,-1.436701009584,1.));
#702 = SURFACE_CURVE('',#703,(#707,#714),.PCURVE_S1.);
#703 = LINE('',#704,#705);
#704 = CARTESIAN_POINT('',(2.727272727273,-1.436701009584,1.));
#705 = VECTOR('',#706,1.);
#706 = DIRECTION('',(0.,0.135468181962,-0.990781697286));
#707 = PCURVE('',#455,#708);
#708 = DEFINITIONAL_REPRESENTATION('',(#709),#713);
#709 = LINE('',#710,#711);
#710 = CARTESIAN_POINT('',(0.,1.));
#711 = VECTOR('',#712,1.);
#712 = DIRECTION('',(1.,0.));
#713 = ( GEOMETRIC_REPRESENTATION_CONTEXT(2) 
PARAMETRIC_REPRESENTATION_CONTEXT() REPRESENTATION_CONTEXT('2D SPACE',''
  ) );
#714 = PCURVE('',#715,#720);
#715 = B_SPLINE_SURFACE_WITH_KNOTS('',1,1,(
    (#716,#717)
    ,(#718,#719
    )),.UNSPECIFIED.,.F.,.F.,.F.,(2,2),(2,2),(0.,1.386535156321),(0.,1.)
  ,.PIECEWISE_BEZIER_KNOTS.);
#716 = CARTESIAN_POINT('',(2.727272727273,-1.436701009584,1.));
#717 = CARTESIAN_POINT('',(3.636363636364,-1.511747043806,1.));
#718 = CARTESIAN_POINT('',(2.727272727273,-1.248869612731,
    -0.373753655526));
#719 = CARTESIAN_POINT('',(3.636363636364,-1.316009835394,
    -0.365046879257));
#720 = DEFINITIONAL_REPRESENTATION('',(#721),#725);
#721 = LINE('',#722,#723);
#722 = CARTESIAN_POINT('',(0.,0.));
#723 = VECTOR('',#724,1.);
#724 = DIRECTION('',(1.,0.));
#725 = ( GEOMETRIC_REPRESENTATION_CONTEXT(2) 
PARAMETRIC_REPRESENTATION_CONTEXT() REPRESENTATION_CONTEXT('2D SPACE',''
  ) );
#726 = ORIENTED_EDGE('',*,*,#727,.F.);
#727 = EDGE_CURVE('',#440,#700,#728,.T.);
#728 = SURFACE_CURVE('',#729,(#732,#739),.PCURVE_S1.);
#729 = B_SPLINE_CURVE_WITH_KNOTS('',1,(#730,#731),.UNSPECIFIED.,.F.,.F.,
  (2,2),(0.,1.),.PIECEWISE_BEZIER_KNOTS.);
#730 = CARTESIAN_POINT('',(1.818181818182,-1.39660644927,1.));
#731 = CARTESIAN_POINT('',(2.727272727273,-1.436701009584,1.));
#732 = PCURVE('',#455,#733);
#733 = DEFINITIONAL_REPRESENTATION('',(#734),#738);
#734 = LINE('',#735,#736);
#735 = CARTESIAN_POINT('',(0.,0.));
#736 = VECTOR('',#737,1.);
#737 = DIRECTION('',(0.,1.));
#738 = ( GEOMETRIC_REPRESENTATION_CONTEXT(2) 
PARAMETRIC_REPRESENTATION_CONTEXT() REPRESENTATION_CONTEXT('2D SPACE',''
  ) );
#739 = PCURVE('',#661,#740);
#740 = DEFINITIONAL_REPRESENTATION('',(#741),#745);
#741 = LINE('',#742,#743);
#742 = CARTESIAN_POINT('',(2.873402019168,0.));
#743 = VECTOR('',#744,1.);
#744 = DIRECTION('',(0.,1.));
#745 = ( GEOMETRIC_REPRESENTATION_CONTEXT(2) 
PARAMETRIC_REPRESENTATION_CONTEXT() REPRESENTATION_CONTEXT('2D SPACE',''
  ) );
#746 = ADVANCED_FACE('',(#747),#526,.T.);
#747 = FACE_BOUND('',#748,.T.);
#748 = EDGE_LOOP('',(#749,#750,#772,#797));
#749 = ORIENTED_EDGE('',*,*,#512,.T.);
#750 = ORIENTED_EDGE('',*,*,#751,.T.);
#751 = EDGE_CURVE('',#491,#752,#754,.T.);
#752 = VERTEX_POINT('',#753);
#753 = CARTESIAN_POINT('',(2.727272727273,0.,-0.549270833333));
#754 = SURFACE_CURVE('',#755,(#758,#765),.PCURVE_S1.);
#755 = B_SPLINE_CURVE_WITH_KNOTS('',1,(#756,#757),.UNSPECIFIED.,.F.,.F.,
  (2,2),(0.,1.),.PIECEWISE_BEZIER_KNOTS.);
#756 = CARTESIAN_POINT('',(1.818181818182,0.,-0.537083333333));
#757 = CARTESIAN_POINT('',(2.727272727273,0.,-0.549270833333));
#758 = PCURVE('',#526,#759);
#759 = DEFINITIONAL_REPRESENTATION('',(#760),#764);
#760 = LINE('',#761,#762);
#761 = CARTESIAN_POINT('',(1.261142969417,0.));
#762 = VECTOR('',#763,1.);
#763 = DIRECTION('',(0.,1.));
#764 = ( GEOMETRIC_REPRESENTATION_CONTEXT(2) 
PARAMETRIC_REPRESENTATION_CONTEXT() REPRESENTATION_CONTEXT('2D SPACE',''
  ) );
#765 = PCURVE('',#578,#766);
#766 = DEFINITIONAL_REPRESENTATION('',(#767),#771);
#767 = LINE('',#768,#769);
#768 = CARTESIAN_POINT('',(0.,0.));
#769 = VECTOR('',#770,1.);
#770 = DIRECTION('',(0.,1.));
#771 = ( GEOMETRIC_REPRESENTATION_CONTEXT(2) 
PARAMETRIC_REPRESENTATION_CONTEXT() REPRESENTATION_CONTEXT('2D SPACE',''
  ) );
#772 = ORIENTED_EDGE('',*,*,#773,.F.);
#773 = EDGE_CURVE('',#678,#752,#774,.T.);
#774 = SURFACE_CURVE('',#775,(#779,#786),.PCURVE_S1.);
#775 = LINE('',#776,#777);
#776 = CARTESIAN_POINT('',(2.727272727273,-1.248869612731,
    -0.373753655526));
#777 = VECTOR('',#778,1.);
#778 = DIRECTION('',(0.,0.990268068742,-0.13917310096));
#779 = PCURVE('',#526,#780);
#780 = DEFINITIONAL_REPRESENTATION('',(#781),#785);
#781 = LINE('',#782,#783);
#782 = CARTESIAN_POINT('',(0.,1.));
#783 = VECTOR('',#784,1.);
#784 = DIRECTION('',(1.,0.));
#785 = ( GEOMETRIC_REPRESENTATION_CONTEXT(2) 
PARAMETRIC_REPRESENTATION_CONTEXT() REPRESENTATION_CONTEXT('2D SPACE',''
  ) );
#786 = PCURVE('',#787,#792);
#787 = B_SPLINE_SURFACE_WITH_KNOTS('',1,1,(
    (#788,#789)
    ,(#790,#791
    )),.UNSPECIFIED.,.F.,.F.,.F.,(2,2),(2,2),(0.,1.328943017486),(0.,1.)
  ,.PIECEWISE_BEZIER_KNOTS.);
#788 = CARTESIAN_POINT('',(2.727272727273,-1.248869612731,
    -0.373753655526));
#789 = CARTESIAN_POINT('',(3.636363636364,-1.316009835394,
    -0.365046879257));
#790 = CARTESIAN_POINT('',(2.727272727273,0.,-0.549270833333));
#791 = CARTESIAN_POINT('',(3.636363636364,0.,-0.55));
#792 = DEFINITIONAL_REPRESENTATION('',(#793),#796);
#793 = B_SPLINE_CURVE_WITH_KNOTS('',1,(#794,#795),.UNSPECIFIED.,.F.,.F.,
  (2,2),(0.,1.261142969417),.PIECEWISE_BEZIER_KNOTS.);
#794 = CARTESIAN_POINT('',(0.,0.));
#795 = CARTESIAN_POINT('',(1.328943017486,0.));
#796 = ( GEOMETRIC_REPRESENTATION_CONTEXT(2) 
PARAMETRIC_REPRESENTATION_CONTEXT() REPRESENTATION_CONTEXT('2D SPACE',''
  ) );
#797 = ORIENTED_EDGE('',*,*,#677,.F.);
#798 = ADVANCED_FACE('',(#799),#578,.T.);
#799 = FACE_BOUND('',#800,.T.);
#800 = EDGE_LOOP('',(#801,#802,#824,#849));
#801 = ORIENTED_EDGE('',*,*,#564,.T.);
#802 = ORIENTED_EDGE('',*,*,#803,.T.);
#803 = EDGE_CURVE('',#543,#804,#806,.T.);
#804 = VERTEX_POINT('',#805);
#805 = CARTESIAN_POINT('',(2.727272727273,1.248869612731,-0.373753655526
    ));
#806 = SURFACE_CURVE('',#807,(#810,#817),.PCURVE_S1.);
#807 = B_SPLINE_CURVE_WITH_KNOTS('',1,(#808,#809),.UNSPECIFIED.,.F.,.F.,
  (2,2),(0.,1.),.PIECEWISE_BEZIER_KNOTS.);
#808 = CARTESIAN_POINT('',(1.818181818182,1.214616487945,-0.366380118274
    ));
#809 = CARTESIAN_POINT('',(2.727272727273,1.248869612731,-0.373753655526
    ));
#810 = PCURVE('',#578,#811);
#811 = DEFINITIONAL_REPRESENTATION('',(#812),#816);
#812 = LINE('',#813,#814);
#813 = CARTESIAN_POINT('',(1.261142969417,0.));
#814 = VECTOR('',#815,1.);
#815 = DIRECTION('',(0.,1.));
#816 = ( GEOMETRIC_REPRESENTATION_CONTEXT(2) 
PARAMETRIC_REPRESENTATION_CONTEXT() REPRESENTATION_CONTEXT('2D SPACE',''
  ) );
#817 = PCURVE('',#630,#818);
#818 = DEFINITIONAL_REPRESENTATION('',(#819),#823);
#819 = LINE('',#820,#821);
#820 = CARTESIAN_POINT('',(0.,0.));
#821 = VECTOR('',#822,1.);
#822 = DIRECTION('',(0.,1.));
#823 = ( GEOMETRIC_REPRESENTATION_CONTEXT(2) 
PARAMETRIC_REPRESENTATION_CONTEXT() REPRESENTATION_CONTEXT('2D SPACE',''
  ) );
#824 = ORIENTED_EDGE('',*,*,#825,.F.);
#825 = EDGE_CURVE('',#752,#804,#826,.T.);
#826 = SURFACE_CURVE('',#827,(#831,#838),.PCURVE_S1.);
#827 = LINE('',#828,#829);
#828 = CARTESIAN_POINT('',(2.727272727273,0.,-0.549270833333));
#829 = VECTOR('',#830,1.);
#830 = DIRECTION('',(0.,0.990268068742,0.13917310096));
#831 = PCURVE('',#578,#832);
#832 = DEFINITIONAL_REPRESENTATION('',(#833),#837);
#833 = LINE('',#834,#835);
#834 = CARTESIAN_POINT('',(0.,1.));
#835 = VECTOR('',#836,1.);
#836 = DIRECTION('',(1.,0.));
#837 = ( GEOMETRIC_REPRESENTATION_CONTEXT(2) 
PARAMETRIC_REPRESENTATION_CONTEXT() REPRESENTATION_CONTEXT('2D SPACE',''
  ) );
#838 = PCURVE('',#839,#844);
#839 = B_SPLINE_SURFACE_WITH_KNOTS('',1,1,(
    (#840,#841)
    ,(#842,#843
    )),.UNSPECIFIED.,.F.,.F.,.F.,(2,2),(2,2),(0.,1.328943017486),(0.,1.)
  ,.PIECEWISE_BEZIER_KNOTS.);
#840 = CARTESIAN_POINT('',(2.727272727273,0.,-0.549270833333));
#841 = CARTESIAN_POINT('',(3.636363636364,0.,-0.55));
#842 = CARTESIAN_POINT('',(2.727272727273,1.248869612731,-0.373753655526
    ));
#843 = CARTESIAN_POINT('',(3.636363636364,1.316009835394,-0.365046879257
    ));
#844 = DEFINITIONAL_REPRESENTATION('',(#845),#848);
#845 = B_SPLINE_CURVE_WITH_KNOTS('',1,(#846,#847),.UNSPECIFIED.,.F.,.F.,
  (2,2),(0.,1.261142969417),.PIECEWISE_BEZIER_KNOTS.);
#846 = CARTESIAN_POINT('',(0.,0.));
#847 = CARTESIAN_POINT('',(1.328943017486,0.));
#848 = ( GEOMETRIC_REPRESENTATION_CONTEXT(2) 
PARAMETRIC_REPRESENTATION_CONTEXT() REPRESENTATION_CONTEXT('2D SPACE',''
  ) );
#849 = ORIENTED_EDGE('',*,*,#751,.F.);
#850 = ADVANCED_FACE('',(#851),#630,.T.);
#851 = FACE_BOUND('',#852,.T.);
#852 = EDGE_LOOP('',(#853,#854,#876,#902));
#853 = ORIENTED_EDGE('',*,*,#616,.T.);
#854 = ORIENTED_EDGE('',*,*,#855,.T.);
#855 = EDGE_CURVE('',#595,#856,#858,.T.);
#856 = VERTEX_POINT('',#857);
#857 = CARTESIAN_POINT('',(2.727272727273,1.436701009584,1.));
#858 = SURFACE_CURVE('',#859,(#862,#869),.PCURVE_S1.);
#859 = B_SPLINE_CURVE_WITH_KNOTS('',1,(#860,#861),.UNSPECIFIED.,.F.,.F.,
  (2,2),(0.,1.),.PIECEWISE_BEZIER_KNOTS.);
#860 = CARTESIAN_POINT('',(1.818181818182,1.39660644927,1.));
#861 = CARTESIAN_POINT('',(2.727272727273,1.436701009584,1.));
#862 = PCURVE('',#630,#863);
#863 = DEFINITIONAL_REPRESENTATION('',(#864),#868);
#864 = LINE('',#865,#866);
#865 = CARTESIAN_POINT('',(1.386535156321,0.));
#866 = VECTOR('',#867,1.);
#867 = DIRECTION('',(0.,1.));
#868 = ( GEOMETRIC_REPRESENTATION_CONTEXT(2) 
PARAMETRIC_REPRESENTATION_CONTEXT() REPRESENTATION_CONTEXT('2D SPACE',''
  ) );
#869 = PCURVE('',#661,#870);
#870 = DEFINITIONAL_REPRESENTATION('',(#871),#875);
#871 = LINE('',#872,#873);
#872 = CARTESIAN_POINT('',(0.,0.));
#873 = VECTOR('',#874,1.);
#874 = DIRECTION('',(0.,1.));
#875 = ( GEOMETRIC_REPRESENTATION_CONTEXT(2) 
PARAMETRIC_REPRESENTATION_CONTEXT() REPRESENTATION_CONTEXT('2D SPACE',''
  ) );
#876 = ORIENTED_EDGE('',*,*,#877,.F.);
#877 = EDGE_CURVE('',#804,#856,#878,.T.);
#878 = SURFACE_CURVE('',#879,(#883,#890),.PCURVE_S1.);
#879 = LINE('',#880,#881);
#880 = CARTESIAN_POINT('',(2.727272727273,1.248869612731,-0.373753655526
    ));
#881 = VECTOR('',#882,1.);
#882 = DIRECTION('',(0.,0.135468181962,0.990781697286));
#883 = PCURVE('',#630,#884);
#884 = DEFINITIONAL_REPRESENTATION('',(#885),#889);
#885 = LINE('',#886,#887);
#886 = CARTESIAN_POINT('',(0.,1.));
#887 = VECTOR('',#888,1.);
#888 = DIRECTION('',(1.,0.));
#889 = ( GEOMETRIC_REPRESENTATION_CONTEXT(2) 
PARAMETRIC_REPRESENTATION_CONTEXT() REPRESENTATION_CONTEXT('2D SPACE',''
  ) );
#890 = PCURVE('',#891,#896);
#891 = B_SPLINE_SURFACE_WITH_KNOTS('',1,1,(
    (#892,#893)
    ,(#894,#895
    )),.UNSPECIFIED.,.F.,.F.,.F.,(2,2),(2,2),(0.,1.386535156321),(0.,1.)
  ,.PIECEWISE_BEZIER_KNOTS.);
#892 = CARTESIAN_POINT('',(2.727272727273,1.248869612731,-0.373753655526
    ));
#893 = CARTESIAN_POINT('',(3.636363636364,1.316009835394,-0.365046879257
    ));
#894 = CARTESIAN_POINT('',(2.727272727273,1.436701009584,1.));
#895 = CARTESIAN_POINT('',(3.636363636364,1.511747043806,1.));
#896 = DEFINITIONAL_REPRESENTATION('',(#897),#901);
#897 = LINE('',#898,#899);
#898 = CARTESIAN_POINT('',(0.,0.));
#899 = VECTOR('',#900,1.);
#900 = DIRECTION('',(1.,0.));
#901 = ( GEOMETRIC_REPRESENTATION_CONTEXT(2) 
PARAMETRIC_REPRESENTATION_CONTEXT() REPRESENTATION_CONTEXT('2D SPACE',''
  ) );
#902 = ORIENTED_EDGE('',*,*,#803,.F.);
#903 = ADVANCED_FACE('',(#904),#661,.T.);
#904 = FACE_BOUND('',#905,.T.);
#905 = EDGE_LOOP('',(#906,#907,#908,#933));
#906 = ORIENTED_EDGE('',*,*,#647,.T.);
#907 = ORIENTED_EDGE('',*,*,#727,.T.);
#908 = ORIENTED_EDGE('',*,*,#909,.F.);
#909 = EDGE_CURVE('',#856,#700,#910,.T.);
#910 = SURFACE_CURVE('',#911,(#915,#922),.PCURVE_S1.);
#911 = LINE('',#912,#913);
#912 = CARTESIAN_POINT('',(2.727272727273,1.436701009584,1.));
#913 = VECTOR('',#914,1.);
#914 = DIRECTION('',(0.,-1.,0.));
#915 = PCURVE('',#661,#916);
#916 = DEFINITIONAL_REPRESENTATION('',(#917),#921);
#917 = LINE('',#918,#919);
#918 = CARTESIAN_POINT('',(0.,1.));
#919 = VECTOR('',#920,1.);
#920 = DIRECTION('',(1.,0.));
#921 = ( GEOMETRIC_REPRESENTATION_CONTEXT(2) 
PARAMETRIC_REPRESENTATION_CONTEXT() REPRESENTATION_CONTEXT('2D SPACE',''
  ) );
#922 = PCURVE('',#923,#928);
#923 = B_SPLINE_SURFACE_WITH_KNOTS('',1,1,(
    (#924,#925)
    ,(#926,#927
    )),.UNSPECIFIED.,.F.,.F.,.F.,(2,2),(2,2),(0.,3.023494087611),(0.,1.)
  ,.PIECEWISE_BEZIER_KNOTS.);
#924 = CARTESIAN_POINT('',(2.727272727273,1.436701009584,1.));
#925 = CARTESIAN_POINT('',(3.636363636364,1.511747043806,1.));
#926 = CARTESIAN_POINT('',(2.727272727273,-1.436701009584,1.));
#927 = CARTESIAN_POINT('',(3.636363636364,-1.511747043806,1.));
#928 = DEFINITIONAL_REPRESENTATION('',(#929),#932);
#929 = B_SPLINE_CURVE_WITH_KNOTS('',1,(#930,#931),.UNSPECIFIED.,.F.,.F.,
  (2,2),(0.,2.873402019168),.PIECEWISE_BEZIER_KNOTS.);
#930 = CARTESIAN_POINT('',(0.,0.));
#931 = CARTESIAN_POINT('',(3.023494087611,0.));
#932 = ( GEOMETRIC_REPRESENTATION_CONTEXT(2) 
PARAMETRIC_REPRESENTATION_CONTEXT() REPRESENTATION_CONTEXT('2D SPACE',''
  ) );
#933 = ORIENTED_EDGE('',*,*,#855,.F.);
#934 = ADVANCED_FACE('',(#935),#715,.T.);
#935 = FACE_BOUND('',#936,.T.);
#936 = EDGE_LOOP('',(#937,#938,#960,#987));
#937 = ORIENTED_EDGE('',*,*,#699,.T.);
#938 = ORIENTED_EDGE('',*,*,#939,.T.);
#939 = EDGE_CURVE('',#678,#940,#942,.T.);
#940 = VERTEX_POINT('',#941);
#941 = CARTESIAN_POINT('',(3.636363636364,-1.316009835394,
    -0.365046879257));
#942 = SURFACE_CURVE('',#943,(#946,#953),.PCURVE_S1.);
#943 = B_SPLINE_CURVE_WITH_KNOTS('',1,(#944,#945),.UNSPECIFIED.,.F.,.F.,
  (2,2),(0.,1.),.PIECEWISE_BEZIER_KNOTS.);
#944 = CARTESIAN_POINT('',(2.727272727273,-1.248869612731,
    -0.373753655526));
#945 = CARTESIAN_POINT('',(3.636363636364,-1.316009835394,
    -0.365046879257));
#946 = PCURVE('',#715,#947);
#947 = DEFINITIONAL_REPRESENTATION('',(#948),#952);
#948 = LINE('',#949,#950);
#949 = CARTESIAN_POINT('',(1.386535156321,0.));
#950 = VECTOR('',#951,1.);
#951 = DIRECTION('',(0.,1.));
#952 = ( GEOMETRIC_REPRESENTATION_CONTEXT(2) 
PARAMETRIC_REPRESENTATION_CONTEXT() REPRESENTATION_CONTEXT('2D SPACE',''
  ) );
#953 = PCURVE('',#787,#954);
#954 = DEFINITIONAL_REPRESENTATION('',(#955),#959);
#955 = LINE('',#956,#957);
#956 = CARTESIAN_POINT('',(0.,0.));
#957 = VECTOR('',#958,1.);
#958 = DIRECTION('',(0.,1.));
#959 = ( GEOMETRIC_REPRESENTATION_CONTEXT(2) 
PARAMETRIC_REPRESENTATION_CONTEXT() REPRESENTATION_CONTEXT('2D SPACE',''
  ) );
#960 = ORIENTED_EDGE('',*,*,#961,.F.);
#961 = EDGE_CURVE('',#962,#940,#964,.T.);
#962 = VERTEX_POINT('',#963);
#963 = CARTESIAN_POINT('',(3.636363636364,-1.511747043806,1.));
#964 = SURFACE_CURVE('',#965,(#969,#975),.PCURVE_S1.);
#965 = LINE('',#966,#967);
#966 = CARTESIAN_POINT('',(3.636363636364,-1.511747043806,1.));
#967 = VECTOR('',#968,1.);
#968 = DIRECTION('',(0.,0.141940478513,-0.989875194436));
#969 = PCURVE('',#715,#970);
#970 = DEFINITIONAL_REPRESENTATION('',(#971),#974);
#971 = B_SPLINE_CURVE_WITH_KNOTS('',1,(#972,#973),.UNSPECIFIED.,.F.,.F.,
  (2,2),(0.,1.379009078044),.PIECEWISE_BEZIER_KNOTS.);
#972 = CARTESIAN_POINT('',(0.,1.));
#973 = CARTESIAN_POINT('',(1.386535156321,1.));
#974 = ( GEOMETRIC_REPRESENTATION_CONTEXT(2) 
PARAMETRIC_REPRESENTATION_CONTEXT() REPRESENTATION_CONTEXT('2D SPACE',''
  ) );
#975 = PCURVE('',#976,#981);
#976 = B_SPLINE_SURFACE_WITH_KNOTS('',1,1,(
    (#977,#978)
    ,(#979,#980
    )),.UNSPECIFIED.,.F.,.F.,.F.,(2,2),(2,2),(0.,1.379009078044),(0.,1.)
  ,.PIECEWISE_BEZIER_KNOTS.);
#977 = CARTESIAN_POINT('',(3.636363636364,-1.511747043806,1.));
#978 = CARTESIAN_POINT('',(4.545454545455,-1.635601292582,1.));
#979 = CARTESIAN_POINT('',(3.636363636364,-1.316009835394,
    -0.365046879257));
#980 = CARTESIAN_POINT('',(4.545454545455,-1.426097944129,
    -0.349575004565));
#981 = DEFINITIONAL_REPRESENTATION('',(#982),#986);
#982 = LINE('',#983,#984);
#983 = CARTESIAN_POINT('',(0.,0.));
#984 = VECTOR('',#985,1.);
#985 = DIRECTION('',(1.,0.));
#986 = ( GEOMETRIC_REPRESENTATION_CONTEXT(2) 
PARAMETRIC_REPRESENTATION_CONTEXT() REPRESENTATION_CONTEXT('2D SPACE',''
  ) );
#987 = ORIENTED_EDGE('',*,*,#988,.F.);
#988 = EDGE_CURVE('',#700,#962,#989,.T.);
#989 = SURFACE_CURVE('',#990,(#993,#1000),.PCURVE_S1.);
#990 = B_SPLINE_CURVE_WITH_KNOTS('',1,(#991,#992),.UNSPECIFIED.,.F.,.F.,
  (2,2),(0.,1.),.PIECEWISE_BEZIER_KNOTS.);
#991 = CARTESIAN_POINT('',(2.727272727273,-1.436701009584,1.));
#992 = CARTESIAN_POINT('',(3.636363636364,-1.511747043806,1.));
#993 = PCURVE('',#715,#994);
#994 = DEFINITIONAL_REPRESENTATION('',(#995),#999);
#995 = LINE('',#996,#997);
#996 = CARTESIAN_POINT('',(0.,0.));
#997 = VECTOR('',#998,1.);
#998 = DIRECTION('',(0.,1.));
#999 = ( GEOMETRIC_REPRESENTATION_CONTEXT(2) 
PARAMETRIC_REPRESENTATION_CONTEXT() REPRESENTATION_CONTEXT('2D SPACE',''
  ) );
#1000 = PCURVE('',#923,#1001);
#1001 = DEFINITIONAL_REPRESENTATION('',(#1002),#1006);
#1002 = LINE('',#1003,#1004);
#1003 = CARTESIAN_POINT('',(3.023494087611,0.));
#1004 = VECTOR('',#1005,1.);
#1005 = DIRECTION('',(0.,1.));
#1006 = ( GEOMETRIC_REPRESENTATION_CONTEXT(2) 
PARAMETRIC_REPRESENTATION_CONTEXT() REPRESENTATION_CONTEXT('2D SPACE',''
  ) );
#1007 = ADVANCED_FACE('',(#1008),#787,.T.);
#1008 = FACE_BOUND('',#1009,.T.);
#1009 = EDGE_LOOP('',(#1010,#1011,#1033,#1058));
#1010 = ORIENTED_EDGE('',*,*,#773,.T.);
#1011 = ORIENTED_EDGE('',*,*,#1012,.T.);
#1012 = EDGE_CURVE('',#752,#1013,#1015,.T.);
#1013 = VERTEX_POINT('',#1014);
#1014 = CARTESIAN_POINT('',(3.636363636364,0.,-0.55));
#1015 = SURFACE_CURVE('',#1016,(#1019,#1026),.PCURVE_S1.);
#1016 = B_SPLINE_CURVE_WITH_KNOTS('',1,(#1017,#1018),.UNSPECIFIED.,.F.,
  .F.,(2,2),(0.,1.),.PIECEWISE_BEZIER_KNOTS.);
#1017 = CARTESIAN_POINT('',(2.727272727273,0.,-0.549270833333));
#1018 = CARTESIAN_POINT('',(3.636363636364,0.,-0.55));
#1019 = PCURVE('',#787,#1020);
#1020 = DEFINITIONAL_REPRESENTATION('',(#1021),#1025);
#1021 = LINE('',#1022,#1023);
#1022 = CARTESIAN_POINT('',(1.328943017486,0.));
#1023 = VECTOR('',#1024,1.);
#1024 = DIRECTION('',(0.,1.));
#1025 = ( GEOMETRIC_REPRESENTATION_CONTEXT(2) 
PARAMETRIC_REPRESENTATION_CONTEXT() REPRESENTATION_CONTEXT('2D SPACE',''
  ) );
#1026 = PCURVE('',#839,#1027);
#1027 = DEFINITIONAL_REPRESENTATION('',(#1028),#1032);
#1028 = LINE('',#1029,#1030);
#1029 = CARTESIAN_POINT('',(0.,0.));
#1030 = VECTOR('',#1031,1.);
#1031 = DIRECTION('',(0.,1.));
#1032 = ( GEOMETRIC_REPRESENTATION_CONTEXT(2) 
PARAMETRIC_REPRESENTATION_CONTEXT() REPRESENTATION_CONTEXT('2D SPACE',''
  ) );
#1033 = ORIENTED_EDGE('',*,*,#1034,.F.);
#1034 = EDGE_CURVE('',#940,#1013,#1035,.T.);
#1035 = SURFACE_CURVE('',#1036,(#1040,#1047),.PCURVE_S1.);
#1036 = LINE('',#1037,#1038);
#1037 = CARTESIAN_POINT('',(3.636363636364,-1.316009835394,
    -0.365046879257));
#1038 = VECTOR('',#1039,1.);
#1039 = DIRECTION('',(0.,0.990268068742,-0.13917310096));
#1040 = PCURVE('',#787,#1041);
#1041 = DEFINITIONAL_REPRESENTATION('',(#1042),#1046);
#1042 = LINE('',#1043,#1044);
#1043 = CARTESIAN_POINT('',(0.,1.));
#1044 = VECTOR('',#1045,1.);
#1045 = DIRECTION('',(1.,0.));
#1046 = ( GEOMETRIC_REPRESENTATION_CONTEXT(2) 
PARAMETRIC_REPRESENTATION_CONTEXT() REPRESENTATION_CONTEXT('2D SPACE',''
  ) );
#1047 = PCURVE('',#1048,#1053);
#1048 = B_SPLINE_SURFACE_WITH_KNOTS('',1,1,(
    (#1049,#1050)
    ,(#1051,#1052
    )),.UNSPECIFIED.,.F.,.F.,.F.,(2,2),(2,2),(0.,1.440113025094),(0.,1.)
  ,.PIECEWISE_BEZIER_KNOTS.);
#1049 = CARTESIAN_POINT('',(3.636363636364,-1.316009835394,
    -0.365046879257));
#1050 = CARTESIAN_POINT('',(4.545454545455,-1.426097944129,
    -0.349575004565));
#1051 = CARTESIAN_POINT('',(3.636363636364,0.,-0.55));
#1052 = CARTESIAN_POINT('',(4.545454545455,0.,-0.55));
#1053 = DEFINITIONAL_REPRESENTATION('',(#1054),#1057);
#1054 = B_SPLINE_CURVE_WITH_KNOTS('',1,(#1055,#1056),.UNSPECIFIED.,.F.,
  .F.,(2,2),(0.,1.328943017486),.PIECEWISE_BEZIER_KNOTS.);
#1055 = CARTESIAN_POINT('',(0.,0.));
#1056 = CARTESIAN_POINT('',(1.440113025094,0.));
#1057 = ( GEOMETRIC_REPRESENTATION_CONTEXT(2) 
PARAMETRIC_REPRESENTATION_CONTEXT() REPRESENTATION_CONTEXT('2D SPACE',''
  ) );
#1058 = ORIENTED_EDGE('',*,*,#939,.F.);
#1059 = ADVANCED_FACE('',(#1060),#839,.T.);
#1060 = FACE_BOUND('',#1061,.T.);
#1061 = EDGE_LOOP('',(#1062,#1063,#1085,#1110));
#1062 = ORIENTED_EDGE('',*,*,#825,.T.);
#1063 = ORIENTED_EDGE('',*,*,#1064,.T.);
#1064 = EDGE_CURVE('',#804,#1065,#1067,.T.);
#1065 = VERTEX_POINT('',#1066);
#1066 = CARTESIAN_POINT('',(3.636363636364,1.316009835394,
    -0.365046879257));
#1067 = SURFACE_CURVE('',#1068,(#1071,#1078),.PCURVE_S1.);
#1068 = B_SPLINE_CURVE_WITH_KNOTS('',1,(#1069,#1070),.UNSPECIFIED.,.F.,
  .F.,(2,2),(0.,1.),.PIECEWISE_BEZIER_KNOTS.);
#1069 = CARTESIAN_POINT('',(2.727272727273,1.248869612731,
    -0.373753655526));
#1070 = CARTESIAN_POINT('',(3.636363636364,1.316009835394,
    -0.365046879257));
#1071 = PCURVE('',#839,#1072);
#1072 = DEFINITIONAL_REPRESENTATION('',(#1073),#1077);
#1073 = LINE('',#1074,#1075);
#1074 = CARTESIAN_POINT('',(1.328943017486,0.));
#1075 = VECTOR('',#1076,1.);
#1076 = DIRECTION('',(0.,1.));
#1077 = ( GEOMETRIC_REPRESENTATION_CONTEXT(2) 
PARAMETRIC_REPRESENTATION_CONTEXT() REPRESENTATION_CONTEXT('2D SPACE',''
  ) );
#1078 = PCURVE('',#891,#1079);
#1079 = DEFINITIONAL_REPRESENTATION('',(#1080),#1084);
#1080 = LINE('',#1081,#1082);
#1081 = CARTESIAN_POINT('',(0.,0.));
#1082 = VECTOR('',#1083,1.);
#1083 = DIRECTION('',(0.,1.));
#1084 = ( GEOMETRIC_REPRESENTATION_CONTEXT(2) 
PARAMETRIC_REPRESENTATION_CONTEXT() REPRESENTATION_CONTEXT('2D SPACE',''
  ) );
#1085 = ORIENTED_EDGE('',*,*,#1086,.F.);
#1086 = EDGE_CURVE('',#1013,#1065,#1087,.T.);
#1087 = SURFACE_CURVE('',#1088,(#1092,#1099),.PCURVE_S1.);
#1088 = LINE('',#1089,#1090);
#1089 = CARTESIAN_POINT('',(3.636363636364,0.,-0.55));
#1090 = VECTOR('',#1091,1.);
#1091 = DIRECTION('',(0.,0.990268068742,0.13917310096));
#1092 = PCURVE('',#839,#1093);
#1093 = DEFINITIONAL_REPRESENTATION('',(#1094),#1098);
#1094 = LINE('',#1095,#1096);
#1095 = CARTESIAN_POINT('',(0.,1.));
#1096 = VECTOR('',#1097,1.);
#1097 = DIRECTION('',(1.,0.));
#1098 = ( GEOMETRIC_REPRESENTATION_CONTEXT(2) 
PARAMETRIC_REPRESENTATION_CONTEXT() REPRESENTATION_CONTEXT('2D SPACE',''
  ) );
#1099 = PCURVE('',#1100,#1105);
#1100 = B_SPLINE_SURFACE_WITH_KNOTS('',1,1,(
    (#1101,#1102)
    ,(#1103,#1104
    )),.UNSPECIFIED.,.F.,.F.,.F.,(2,2),(2,2),(0.,1.440113025094),(0.,1.)
  ,.PIECEWISE_BEZIER_KNOTS.);
#1101 = CARTESIAN_POINT('',(3.636363636364,0.,-0.55));
#1102 = CARTESIAN_POINT('',(4.545454545455,0.,-0.55));
#1103 = CARTESIAN_POINT('',(3.636363636364,1.316009835394,
    -0.365046879257));
#1104 = CARTESIAN_POINT('',(4.545454545455,1.426097944129,
    -0.349575004565));
#1105 = DEFINITIONAL_REPRESENTATION('',(#1106),#1109);
#1106 = B_SPLINE_CURVE_WITH_KNOTS('',1,(#1107,#1108),.UNSPECIFIED.,.F.,
  .F.,(2,2),(0.,1.328943017486),.PIECEWISE_BEZIER_KNOTS.);
#1107 = CARTESIAN_POINT('',(0.,0.));
#1108 = CARTESIAN_POINT('',(1.440113025094,0.));
#1109 = ( GEOMETRIC_REPRESENTATION_CONTEXT(2) 
PARAMETRIC_REPRESENTATION_CONTEXT() REPRESENTATION_CONTEXT('2D SPACE',''
  ) );
#1110 = ORIENTED_EDGE('',*,*,#1012,.F.);
#1111 = ADVANCED_FACE('',(#1112),#891,.T.);
#1112 = FACE_BOUND('',#1113,.T.);
#1113 = EDGE_LOOP('',(#1114,#1115,#1137,#1162));
#1114 = ORIENTED_EDGE('',*,*,#877,.T.);
#1115 = ORIENTED_EDGE('',*,*,#1116,.T.);
#1116 = EDGE_CURVE('',#856,#1117,#1119,.T.);
#1117 = VERTEX_POINT('',#1118);
#1118 = CARTESIAN_POINT('',(3.636363636364,1.511747043806,1.));
#1119 = SURFACE_CURVE('',#1120,(#1123,#1130),.PCURVE_S1.);
#1120 = B_SPLINE_CURVE_WITH_KNOTS('',1,(#1121,#1122),.UNSPECIFIED.,.F.,
  .F.,(2,2),(0.,1.),.PIECEWISE_BEZIER_KNOTS.);
#1121 = CARTESIAN_POINT('',(2.727272727273,1.436701009584,1.));
#1122 = CARTESIAN_POINT('',(3.636363636364,1.511747043806,1.));
#1123 = PCURVE('',#891,#1124);
#1124 = DEFINITIONAL_REPRESENTATION('',(#1125),#1129);
#1125 = LINE('',#1126,#1127);
#1126 = CARTESIAN_POINT('',(1.386535156321,0.));
#1127 = VECTOR('',#1128,1.);
#1128 = DIRECTION('',(0.,1.));
#1129 = ( GEOMETRIC_REPRESENTATION_CONTEXT(2) 
PARAMETRIC_REPRESENTATION_CONTEXT() REPRESENTATION_CONTEXT('2D SPACE',''
  ) );
#1130 = PCURVE('',#923,#1131);
#1131 = DEFINITIONAL_REPRESENTATION('',(#1132),#1136);
#1132 = LINE('',#1133,#1134);
#1133 = CARTESIAN_POINT('',(0.,0.));
#1134 = VECTOR('',#1135,1.);
#1135 = DIRECTION('',(0.,1.));
#1136 = ( GEOMETRIC_REPRESENTATION_CONTEXT(2) 
PARAMETRIC_REPRESENTATION_CONTEXT() REPRESENTATION_CONTEXT('2D SPACE',''
  ) );
#1137 = ORIENTED_EDGE('',*,*,#1138,.F.);
#1138 = EDGE_CURVE('',#1065,#1117,#1139,.T.);
#1139 = SURFACE_CURVE('',#1140,(#1144,#1150),.PCURVE_S1.);
#1140 = LINE('',#1141,#1142);
#1141 = CARTESIAN_POINT('',(3.636363636364,1.316009835394,
    -0.365046879257));
#1142 = VECTOR('',#1143,1.);
#1143 = DIRECTION('',(0.,0.141940478513,0.989875194436));
#1144 = PCURVE('',#891,#1145);
#1145 = DEFINITIONAL_REPRESENTATION('',(#1146),#1149);
#1146 = B_SPLINE_CURVE_WITH_KNOTS('',1,(#1147,#1148),.UNSPECIFIED.,.F.,
  .F.,(2,2),(0.,1.379009078044),.PIECEWISE_BEZIER_KNOTS.);
#1147 = CARTESIAN_POINT('',(0.,1.));
#1148 = CARTESIAN_POINT('',(1.386535156321,1.));
#1149 = ( GEOMETRIC_REPRESENTATION_CONTEXT(2) 
PARAMETRIC_REPRESENTATION_CONTEXT() REPRESENTATION_CONTEXT('2D SPACE',''
  ) );
#1150 = PCURVE('',#1151,#1156);
#1151 = B_SPLINE_SURFACE_WITH_KNOTS('',1,1,(
    (#1152,#1153)
    ,(#1154,#1155
    )),.UNSPECIFIED.,.F.,.F.,.F.,(2,2),(2,2),(0.,1.379009078044),(0.,1.)
  ,.PIECEWISE_BEZIER_KNOTS.);
#1152 = CARTESIAN_POINT('',(3.636363636364,1.316009835394,
    -0.365046879257));
#1153 = CARTESIAN_POINT('',(4.545454545455,1.426097944129,
    -0.349575004565));
#1154 = CARTESIAN_POINT('',(3.636363636364,1.511747043806,1.));
#1155 = CARTESIAN_POINT('',(4.545454545455,1.635601292582,1.));
#1156 = DEFINITIONAL_REPRESENTATION('',(#1157),#1161);
#1157 = LINE('',#1158,#1159);
#1158 = CARTESIAN_POINT('',(0.,0.));
#1159 = VECTOR('',#1160,1.);
#1160 = DIRECTION('',(1.,0.));
#1161 = ( GEOMETRIC_REPRESENTATION_CONTEXT(2) 
PARAMETRIC_REPRESENTATION_CONTEXT() REPRESENTATION_CONTEXT('2D SPACE',''
  ) );
#1162 = ORIENTED_EDGE('',*,*,#1064,.F.);
#1163 = ADVANCED_FACE('',(#1164),#923,.T.);
#1164 = FACE_BOUND('',#1165,.T.);
#1165 = EDGE_LOOP('',(#1166,#1167,#1168,#1193));
#1166 = ORIENTED_EDGE('',*,*,#909,.T.);
#1167 = ORIENTED_EDGE('',*,*,#988,.T.);
#1168 = ORIENTED_EDGE('',*,*,#1169,.F.);
#1169 = EDGE_CURVE('',#1117,#962,#1170,.T.);
#1170 = SURFACE_CURVE('',#1171,(#1175,#1182),.PCURVE_S1.);
#1171 = LINE('',#1172,#1173);
#1172 = CARTESIAN_POINT('',(3.636363636364,1.511747043806,1.));
#1173 = VECTOR('',#1174,1.);
#1174 = DIRECTION('',(0.,-1.,0.));
#1175 = PCURVE('',#923,#1176);
#1176 = DEFINITIONAL_REPRESENTATION('',(#1177),#1181);
#1177 = LINE('',#1178,#1179);
#1178 = CARTESIAN_POINT('',(0.,1.));
#1179 = VECTOR('',#1180,1.);
#1180 = DIRECTION('',(1.,0.));
#1181 = ( GEOMETRIC_REPRESENTATION_CONTEXT(2) 
PARAMETRIC_REPRESENTATION_CONTEXT() REPRESENTATION_CONTEXT('2D SPACE',''
  ) );
#1182 = PCURVE('',#1183,#1188);
#1183 = B_SPLINE_SURFACE_WITH_KNOTS('',1,1,(
    (#1184,#1185)
    ,(#1186,#1187
    )),.UNSPECIFIED.,.F.,.F.,.F.,(2,2),(2,2),(0.,3.271202585165),(0.,1.)
  ,.PIECEWISE_BEZIER_KNOTS.);
#1184 = CARTESIAN_POINT('',(3.636363636364,1.511747043806,1.));
#1185 = CARTESIAN_POINT('',(4.545454545455,1.635601292582,1.));
#1186 = CARTESIAN_POINT('',(3.636363636364,-1.511747043806,1.));
#1187 = CARTESIAN_POINT('',(4.545454545455,-1.635601292582,1.));
#1188 = DEFINITIONAL_REPRESENTATION('',(#1189),#1192);
#1189 = B_SPLINE_CURVE_WITH_KNOTS('',1,(#1190,#1191),.UNSPECIFIED.,.F.,
  .F.,(2,2),(0.,3.023494087611),.PIECEWISE_BEZIER_KNOTS.);
#1190 = CARTESIAN_POINT('',(0.,0.));
#1191 = CARTESIAN_POINT('',(3.271202585165,0.));
#1192 = ( GEOMETRIC_REPRESENTATION_CONTEXT(2) 
PARAMETRIC_REPRESENTATION_CONTEXT() REPRESENTATION_CONTEXT('2D SPACE',''
  ) );
#1193 = ORIENTED_EDGE('',*,*,#1116,.F.);
#1194 = ADVANCED_FACE('',(#1195),#976,.T.);
#1195 = FACE_BOUND('',#1196,.T.);
#1196 = EDGE_LOOP('',(#1197,#1198,#1220,#1247));
#1197 = ORIENTED_EDGE('',*,*,#961,.T.);
#1198 = ORIENTED_EDGE('',*,*,#1199,.T.);
#1199 = EDGE_CURVE('',#940,#1200,#1202,.T.);
#1200 = VERTEX_POINT('',#1201);
#1201 = CARTESIAN_POINT('',(4.545454545455,-1.426097944129,
    -0.349575004565));
#1202 = SURFACE_CURVE('',#1203,(#1206,#1213),.PCURVE_S1.);
#1203 = B_SPLINE_CURVE_WITH_KNOTS('',1,(#1204,#1205),.UNSPECIFIED.,.F.,
  .F.,(2,2),(0.,1.),.PIECEWISE_BEZIER_KNOTS.);
#1204 = CARTESIAN_POINT('',(3.636363636364,-1.316009835394,
    -0.365046879257));
#1205 = CARTESIAN_POINT('',(4.545454545455,-1.426097944129,
    -0.349575004565));
#1206 = PCURVE('',#976,#1207);
#1207 = DEFINITIONAL_REPRESENTATION('',(#1208),#1212);
#1208 = LINE('',#1209,#1210);
#1209 = CARTESIAN_POINT('',(1.379009078044,0.));
#1210 = VECTOR('',#1211,1.);
#1211 = DIRECTION('',(0.,1.));
#1212 = ( GEOMETRIC_REPRESENTATION_CONTEXT(2) 
PARAMETRIC_REPRESENTATION_CONTEXT() REPRESENTATION_CONTEXT('2D SPACE',''
  ) );
#1213 = PCURVE('',#1048,#1214);
#1214 = DEFINITIONAL_REPRESENTATION('',(#1215),#1219);
#1215 = LINE('',#1216,#1217);
#1216 = CARTESIAN_POINT('',(0.,0.));
#1217 = VECTOR('',#1218,1.);
#1218 = DIRECTION('',(0.,1.));
#1219 = ( GEOMETRIC_REPRESENTATION_CONTEXT(2) 
PARAMETRIC_REPRESENTATION_CONTEXT() REPRESENTATION_CONTEXT('2D SPACE',''
  ) );
#1220 = ORIENTED_EDGE('',*,*,#1221,.F.);
#1221 = EDGE_CURVE('',#1222,#1200,#1224,.T.);
#1222 = VERTEX_POINT('',#1223);
#1223 = CARTESIAN_POINT('',(4.545454545455,-1.635601292582,1.));
#1224 = SURFACE_CURVE('',#1225,(#1229,#1235),.PCURVE_S1.);
#1225 = LINE('',#1226,#1227);
#1226 = CARTESIAN_POINT('',(4.545454545455,-1.635601292582,1.));
#1227 = VECTOR('',#1228,1.);
#1228 = DIRECTION('',(0.,0.153399202754,-0.988164300405));
#1229 = PCURVE('',#976,#1230);
#1230 = DEFINITIONAL_REPRESENTATION('',(#1231),#1234);
#1231 = B_SPLINE_CURVE_WITH_KNOTS('',1,(#1232,#1233),.UNSPECIFIED.,.F.,
  .F.,(2,2),(0.,1.365739486856),.PIECEWISE_BEZIER_KNOTS.);
#1232 = CARTESIAN_POINT('',(0.,1.));
#1233 = CARTESIAN_POINT('',(1.379009078044,1.));
#1234 = ( GEOMETRIC_REPRESENTATION_CONTEXT(2) 
PARAMETRIC_REPRESENTATION_CONTEXT() REPRESENTATION_CONTEXT('2D SPACE',''
  ) );
#1235 = PCURVE('',#1236,#1241);
#1236 = B_SPLINE_SURFACE_WITH_KNOTS('',1,1,(
    (#1237,#1238)
    ,(#1239,#1240
    )),.UNSPECIFIED.,.F.,.F.,.F.,(2,2),(2,2),(0.,1.365739486856),(0.,1.)
  ,.PIECEWISE_BEZIER_KNOTS.);
#1237 = CARTESIAN_POINT('',(4.545454545455,-1.635601292582,1.));
#1238 = CARTESIAN_POINT('',(5.454545454545,-1.82281259516,1.));
#1239 = CARTESIAN_POINT('',(4.545454545455,-1.426097944129,
    -0.349575004565));
#1240 = CARTESIAN_POINT('',(5.454545454545,-1.590526603374,
    -0.326466063545));
#1241 = DEFINITIONAL_REPRESENTATION('',(#1242),#1246);
#1242 = LINE('',#1243,#1244);
#1243 = CARTESIAN_POINT('',(0.,0.));
#1244 = VECTOR('',#1245,1.);
#1245 = DIRECTION('',(1.,0.));
#1246 = ( GEOMETRIC_REPRESENTATION_CONTEXT(2) 
PARAMETRIC_REPRESENTATION_CONTEXT() REPRESENTATION_CONTEXT('2D SPACE',''
  ) );
#1247 = ORIENTED_EDGE('',*,*,#1248,.F.);
#1248 = EDGE_CURVE('',#962,#1222,#1249,.T.);
#1249 = SURFACE_CURVE('',#1250,(#1253,#1260),.PCURVE_S1.);
#1250 = B_SPLINE_CURVE_WITH_KNOTS('',1,(#1251,#1252),.UNSPECIFIED.,.F.,
  .F.,(2,2),(0.,1.),.PIECEWISE_BEZIER_KNOTS.);
#1251 = CARTESIAN_POINT('',(3.636363636364,-1.511747043806,1.));
#1252 = CARTESIAN_POINT('',(4.545454545455,-1.635601292582,1.));
#1253 = PCURVE('',#976,#1254);
#1254 = DEFINITIONAL_REPRESENTATION('',(#1255),#1259);
#1255 = LINE('',#1256,#1257);
#1256 = CARTESIAN_POINT('',(0.,0.));
#1257 = VECTOR('',#1258,1.);
#1258 = DIRECTION('',(0.,1.));
#1259 = ( GEOMETRIC_REPRESENTATION_CONTEXT(2) 
PARAMETRIC_REPRESENTATION_CONTEXT() REPRESENTATION_CONTEXT('2D SPACE',''
  ) );
#1260 = PCURVE('',#1183,#1261);
#1261 = DEFINITIONAL_REPRESENTATION('',(#1262),#1266);
#1262 = LINE('',#1263,#1264);
#1263 = CARTESIAN_POINT('',(3.271202585165,0.));
#1264 = VECTOR('',#1265,1.);
#1265 = DIRECTION('',(0.,1.));
#1266 = ( GEOMETRIC_REPRESENTATION_CONTEXT(2) 
PARAMETRIC_REPRESENTATION_CONTEXT() REPRESENTATION_CONTEXT('2D SPACE',''
  ) );
#1267 = ADVANCED_FACE('',(#1268),#1048,.T.);
#1268 = FACE_BOUND('',#1269,.T.);
#1269 = EDGE_LOOP('',(#1270,#1271,#1293,#1318));
#1270 = ORIENTED_EDGE('',*,*,#1034,.T.);
#1271 = ORIENTED_EDGE('',*,*,#1272,.T.);
#1272 = EDGE_CURVE('',#1013,#1273,#1275,.T.);
#1273 = VERTEX_POINT('',#1274);
#1274 = CARTESIAN_POINT('',(4.545454545455,0.,-0.55));
#1275 = SURFACE_CURVE('',#1276,(#1279,#1286),.PCURVE_S1.);
#1276 = B_SPLINE_CURVE_WITH_KNOTS('',1,(#1277,#1278),.UNSPECIFIED.,.F.,
  .F.,(2,2),(0.,1.),.PIECEWISE_BEZIER_KNOTS.);
#1277 = CARTESIAN_POINT('',(3.636363636364,0.,-0.55));
#1278 = CARTESIAN_POINT('',(4.545454545455,0.,-0.55));
#1279 = PCURVE('',#1048,#1280);
#1280 = DEFINITIONAL_REPRESENTATION('',(#1281),#1285);
#1281 = LINE('',#1282,#1283);
#1282 = CARTESIAN_POINT('',(1.440113025094,0.));
#1283 = VECTOR('',#1284,1.);
#1284 = DIRECTION('',(0.,1.));
#1285 = ( GEOMETRIC_REPRESENTATION_CONTEXT(2) 
PARAMETRIC_REPRESENTATION_CONTEXT() REPRESENTATION_CONTEXT('2D SPACE',''
  ) );
#1286 = PCURVE('',#1100,#1287);
#1287 = DEFINITIONAL_REPRESENTATION('',(#1288),#1292);
#1288 = LINE('',#1289,#1290);
#1289 = CARTESIAN_POINT('',(0.,0.));
#1290 = VECTOR('',#1291,1.);
#1291 = DIRECTION('',(0.,1.));
#1292 = ( GEOMETRIC_REPRESENTATION_CONTEXT(2) 
PARAMETRIC_REPRESENTATION_CONTEXT() REPRESENTATION_CONTEXT('2D SPACE',''
  ) );
#1293 = ORIENTED_EDGE('',*,*,#1294,.F.);
#1294 = EDGE_CURVE('',#1200,#1273,#1295,.T.);
#1295 = SURFACE_CURVE('',#1296,(#1300,#1307),.PCURVE_S1.);
#1296 = LINE('',#1297,#1298);
#1297 = CARTESIAN_POINT('',(4.545454545455,-1.426097944129,
    -0.349575004565));
#1298 = VECTOR('',#1299,1.);
#1299 = DIRECTION('',(0.,0.990268068742,-0.13917310096));
#1300 = PCURVE('',#1048,#1301);
#1301 = DEFINITIONAL_REPRESENTATION('',(#1302),#1306);
#1302 = LINE('',#1303,#1304);
#1303 = CARTESIAN_POINT('',(0.,1.));
#1304 = VECTOR('',#1305,1.);
#1305 = DIRECTION('',(1.,0.));
#1306 = ( GEOMETRIC_REPRESENTATION_CONTEXT(2) 
PARAMETRIC_REPRESENTATION_CONTEXT() REPRESENTATION_CONTEXT('2D SPACE',''
  ) );
#1307 = PCURVE('',#1308,#1313);
#1308 = B_SPLINE_SURFACE_WITH_KNOTS('',1,1,(
    (#1309,#1310)
    ,(#1311,#1312
    )),.UNSPECIFIED.,.F.,.F.,.F.,(2,2),(2,2),(0.,1.606157618912),(0.,1.)
  ,.PIECEWISE_BEZIER_KNOTS.);
#1309 = CARTESIAN_POINT('',(4.545454545455,-1.426097944129,
    -0.349575004565));
#1310 = CARTESIAN_POINT('',(5.454545454545,-1.590526603374,
    -0.326466063545));
#1311 = CARTESIAN_POINT('',(4.545454545455,0.,-0.55));
#1312 = CARTESIAN_POINT('',(5.454545454545,0.,-0.55));
#1313 = DEFINITIONAL_REPRESENTATION('',(#1314),#1317);
#1314 = B_SPLINE_CURVE_WITH_KNOTS('',1,(#1315,#1316),.UNSPECIFIED.,.F.,
  .F.,(2,2),(0.,1.440113025094),.PIECEWISE_BEZIER_KNOTS.);
#1315 = CARTESIAN_POINT('',(0.,0.));
#1316 = CARTESIAN_POINT('',(1.606157618912,0.));
#1317 = ( GEOMETRIC_REPRESENTATION_CONTEXT(2) 
PARAMETRIC_REPRESENTATION_CONTEXT() REPRESENTATION_CONTEXT('2D SPACE',''
  ) );
#1318 = ORIENTED_EDGE('',*,*,#1199,.F.);
#1319 = ADVANCED_FACE('',(#1320),#1100,.T.);
#1320 = FACE_BOUND('',#1321,.T.);
#1321 = EDGE_LOOP('',(#1322,#1323,#1345,#1370));
#1322 = ORIENTED_EDGE('',*,*,#1086,.T.);
#1323 = ORIENTED_EDGE('',*,*,#1324,.T.);
#1324 = EDGE_CURVE('',#1065,#1325,#1327,.T.);
#1325 = VERTEX_POINT('',#1326);
#1326 = CARTESIAN_POINT('',(4.545454545455,1.426097944129,
    -0.349575004565));
#1327 = SURFACE_CURVE('',#1328,(#1331,#1338),.PCURVE_S1.);
#1328 = B_SPLINE_CURVE_WITH_KNOTS('',1,(#1329,#1330),.UNSPECIFIED.,.F.,
  .F.,(2,2),(0.,1.),.PIECEWISE_BEZIER_KNOTS.);
#1329 = CARTESIAN_POINT('',(3.636363636364,1.316009835394,
    -0.365046879257));
#1330 = CARTESIAN_POINT('',(4.545454545455,1.426097944129,
    -0.349575004565));
#1331 = PCURVE('',#1100,#1332);
#1332 = DEFINITIONAL_REPRESENTATION('',(#1333),#1337);
#1333 = LINE('',#1334,#1335);
#1334 = CARTESIAN_POINT('',(1.440113025094,0.));
#1335 = VECTOR('',#1336,1.);
#1336 = DIRECTION('',(0.,1.));
#1337 = ( GEOMETRIC_REPRESENTATION_CONTEXT(2) 
PARAMETRIC_REPRESENTATION_CONTEXT() REPRESENTATION_CONTEXT('2D SPACE',''
  ) );
#1338 = PCURVE('',#1151,#1339);
#1339 = DEFINITIONAL_REPRESENTATION('',(#1340),#1344);
#1340 = LINE('',#1341,#1342);
#1341 = CARTESIAN_POINT('',(0.,0.));
#1342 = VECTOR('',#1343,1.);
#1343 = DIRECTION('',(0.,1.));
#1344 = ( GEOMETRIC_REPRESENTATION_CONTEXT(2) 
PARAMETRIC_REPRESENTATION_CONTEXT() REPRESENTATION_CONTEXT('2D SPACE',''
  ) );
#1345 = ORIENTED_EDGE('',*,*,#1346,.F.);
#1346 = EDGE_CURVE('',#1273,#1325,#1347,.T.);
#1347 = SURFACE_CURVE('',#1348,(#1352,#1359),.PCURVE_S1.);
#1348 = LINE('',#1349,#1350);
#1349 = CARTESIAN_POINT('',(4.545454545455,0.,-0.55));
#1350 = VECTOR('',#1351,1.);
#1351 = DIRECTION('',(0.,0.990268068742,0.13917310096));
#1352 = PCURVE('',#1100,#1353);
#1353 = DEFINITIONAL_REPRESENTATION('',(#1354),#1358);
#1354 = LINE('',#1355,#1356);
#1355 = CARTESIAN_POINT('',(0.,1.));
#1356 = VECTOR('',#1357,1.);
#1357 = DIRECTION('',(1.,0.));
#1358 = ( GEOMETRIC_REPRESENTATION_CONTEXT(2) 
PARAMETRIC_REPRESENTATION_CONTEXT() REPRESENTATION_CONTEXT('2D SPACE',''
  ) );
#1359 = PCURVE('',#1360,#1365);
#1360 = B_SPLINE_SURFACE_WITH_KNOTS('',1,1,(
    (#1361,#1362)
    ,(#1363,#1364
    )),.UNSPECIFIED.,.F.,.F.,.F.,(2,2),(2,2),(0.,1.606157618912),(0.,1.)
  ,.PIECEWISE_BEZIER_KNOTS.);
#1361 = CARTESIAN_POINT('',(4.545454545455,0.,-0.55));
#1362 = CARTESIAN_POINT('',(5.454545454545,0.,-0.55));
#1363 = CARTESIAN_POINT('',(4.545454545455,1.426097944129,
    -0.349575004565));
#1364 = CARTESIAN_POINT('',(5.454545454545,1.590526603374,
    -0.326466063545));
#1365 = DEFINITIONAL_REPRESENTATION('',(#1366),#1369);
#1366 = B_SPLINE_CURVE_WITH_KNOTS('',1,(#1367,#1368),.UNSPECIFIED.,.F.,
  .F.,(2,2),(0.,1.440113025094),.PIECEWISE_BEZIER_KNOTS.);
#1367 = CARTESIAN_POINT('',(0.,0.));
#1368 = CARTESIAN_POINT('',(1.606157618912,0.));
#1369 = ( GEOMETRIC_REPRESENTATION_CONTEXT(2) 
PARAMETRIC_REPRESENTATION_CONTEXT() REPRESENTATION_CONTEXT('2D SPACE',''
  ) );
#1370 = ORIENTED_EDGE('',*,*,#1272,.F.);
#1371 = ADVANCED_FACE('',(#1372),#1151,.T.);
#1372 = FACE_BOUND('',#1373,.T.);
#1373 = EDGE_LOOP('',(#1374,#1375,#1397,#1422));
#1374 = ORIENTED_EDGE('',*,*,#1138,.T.);
#1375 = ORIENTED_EDGE('',*,*,#1376,.T.);
#1376 = EDGE_CURVE('',#1117,#1377,#1379,.T.);
#1377 = VERTEX_POINT('',#1378);
#1378 = CARTESIAN_POINT('',(4.545454545455,1.635601292582,1.));
#1379 = SURFACE_CURVE('',#1380,(#1383,#1390),.PCURVE_S1.);
#1380 = B_SPLINE_CURVE_WITH_KNOTS('',1,(#1381,#1382),.UNSPECIFIED.,.F.,
  .F.,(2,2),(0.,1.),.PIECEWISE_BEZIER_KNOTS.);
#1381 = CARTESIAN_POINT('',(3.636363636364,1.511747043806,1.));
#1382 = CARTESIAN_POINT('',(4.545454545455,1.635601292582,1.));
#1383 = PCURVE('',#1151,#1384);
#1384 = DEFINITIONAL_REPRESENTATION('',(#1385),#1389);
#1385 = LINE('',#1386,#1387);
#1386 = CARTESIAN_POINT('',(1.379009078044,0.));
#1387 = VECTOR('',#1388,1.);
#1388 = DIRECTION('',(0.,1.));
#1389 = ( GEOMETRIC_REPRESENTATION_CONTEXT(2) 
PARAMETRIC_REPRESENTATION_CONTEXT() REPRESENTATION_CONTEXT('2D SPACE',''
  ) );
#1390 = PCURVE('',#1183,#1391);
#1391 = DEFINITIONAL_REPRESENTATION('',(#1392),#1396);
#1392 = LINE('',#1393,#1394);
#1393 = CARTESIAN_POINT('',(0.,0.));
#1394 = VECTOR('',#1395,1.);
#1395 = DIRECTION('',(0.,1.));
#1396 = ( GEOMETRIC_REPRESENTATION_CONTEXT(2) 
PARAMETRIC_REPRESENTATION_CONTEXT() REPRESENTATION_CONTEXT('2D SPACE',''
  ) );
#1397 = ORIENTED_EDGE('',*,*,#1398,.F.);
#1398 = EDGE_CURVE('',#1325,#1377,#1399,.T.);
#1399 = SURFACE_CURVE('',#1400,(#1404,#1410),.PCURVE_S1.);
#1400 = LINE('',#1401,#1402);
#1401 = CARTESIAN_POINT('',(4.545454545455,1.426097944129,
    -0.349575004565));
#1402 = VECTOR('',#1403,1.);
#1403 = DIRECTION('',(0.,0.153399202754,0.988164300405));
#1404 = PCURVE('',#1151,#1405);
#1405 = DEFINITIONAL_REPRESENTATION('',(#1406),#1409);
#1406 = B_SPLINE_CURVE_WITH_KNOTS('',1,(#1407,#1408),.UNSPECIFIED.,.F.,
  .F.,(2,2),(0.,1.365739486856),.PIECEWISE_BEZIER_KNOTS.);
#1407 = CARTESIAN_POINT('',(0.,1.));
#1408 = CARTESIAN_POINT('',(1.379009078044,1.));
#1409 = ( GEOMETRIC_REPRESENTATION_CONTEXT(2) 
PARAMETRIC_REPRESENTATION_CONTEXT() REPRESENTATION_CONTEXT('2D SPACE',''
  ) );
#1410 = PCURVE('',#1411,#1416);
#1411 = B_SPLINE_SURFACE_WITH_KNOTS('',1,1,(
    (#1412,#1413)
    ,(#1414,#1415
    )),.UNSPECIFIED.,.F.,.F.,.F.,(2,2),(2,2),(0.,1.365739486856),(0.,1.)
  ,.PIECEWISE_BEZIER_KNOTS.);
#1412 = CARTESIAN_POINT('',(4.545454545455,1.426097944129,
    -0.349575004565));
#1413 = CARTESIAN_POINT('',(5.454545454545,1.590526603374,
    -0.326466063545));
#1414 = CARTESIAN_POINT('',(4.545454545455,1.635601292582,1.));
#1415 = CARTESIAN_POINT('',(5.454545454545,1.82281259516,1.));
#1416 = DEFINITIONAL_REPRESENTATION('',(#1417),#1421);
#1417 = LINE('',#1418,#1419);
#1418 = CARTESIAN_POINT('',(0.,0.));
#1419 = VECTOR('',#1420,1.);
#1420 = DIRECTION('',(1.,0.));
#1421 = ( GEOMETRIC_REPRESENTATION_CONTEXT(2) 
PARAMETRIC_REPRESENTATION_CONTEXT() REPRESENTATION_CONTEXT('2D SPACE',''
  ) );
#1422 = ORIENTED_EDGE('',*,*,#1324,.F.);
#1423 = ADVANCED_FACE('',(#1424),#1183,.T.);
#1424 = FACE_BOUND('',#1425,.T.);
#1425 = EDGE_LOOP('',(#1426,#1427,#1428,#1453));
#1426 = ORIENTED_EDGE('',*,*,#1169,.T.);
#1427 = ORIENTED_EDGE('',*,*,#1248,.T.);
#1428 = ORIENTED_EDGE('',*,*,#1429,.F.);
#1429 = EDGE_CURVE('',#1377,#1222,#1430,.T.);
#1430 = SURFACE_CURVE('',#1431,(#1435,#1442),.PCURVE_S1.);
#1431 = LINE('',#1432,#1433);
#1432 = CARTESIAN_POINT('',(4.545454545455,1.635601292582,1.));
#1433 = VECTOR('',#1434,1.);
#1434 = DIRECTION('',(0.,-1.,0.));
#1435 = PCURVE('',#1183,#1436);
#1436 = DEFINITIONAL_REPRESENTATION('',(#1437),#1441);
#1437 = LINE('',#1438,#1439);
#1438 = CARTESIAN_POINT('',(0.,1.));
#1439 = VECTOR('',#1440,1.);
#1440 = DIRECTION('',(1.,0.));
#1441 = ( GEOMETRIC_REPRESENTATION_CONTEXT(2) 
PARAMETRIC_REPRESENTATION_CONTEXT() REPRESENTATION_CONTEXT('2D SPACE',''
  ) );
#1442 = PCURVE('',#1443,#1448);
#1443 = B_SPLINE_SURFACE_WITH_KNOTS('',1,1,(
    (#1444,#1445)
    ,(#1446,#1447
    )),.UNSPECIFIED.,.F.,.F.,.F.,(2,2),(2,2),(0.,3.645625190319),(0.,1.)
  ,.PIECEWISE_BEZIER_KNOTS.);
#1444 = CARTESIAN_POINT('',(4.545454545455,1.635601292582,1.));
#1445 = CARTESIAN_POINT('',(5.454545454545,1.82281259516,1.));
#1446 = CARTESIAN_POINT('',(4.545454545455,-1.635601292582,1.));
#1447 = CARTESIAN_POINT('',(5.454545454545,-1.82281259516,1.));
#1448 = DEFINITIONAL_REPRESENTATION('',(#1449),#1452);
#1449 = B_SPLINE_CURVE_WITH_KNOTS('',1,(#1450,#1451),.UNSPECIFIED.,.F.,
  .F.,(2,2),(0.,3.271202585165),.PIECEWISE_BEZIER_KNOTS.);
#1450 = CARTESIAN_POINT('',(0.,0.));
#1451 = CARTESIAN_POINT('',(3.645625190319,0.));
#1452 = ( GEOMETRIC_REPRESENTATION_CONTEXT(2) 
PARAMETRIC_REPRESENTATION_CONTEXT() REPRESENTATION_CONTEXT('2D SPACE',''
  ) );
#1453 = ORIENTED_EDGE('',*,*,#1376,.F.);
#1454 = ADVANCED_FACE('',(#1455),#1236,.T.);
#1455 = FACE_BOUND('',#1456,.T.);
#1456 = EDGE_LOOP('',(#1457,#1458,#1480,#1506));
#1457 = ORIENTED_EDGE('',*,*,#1221,.T.);
#1458 = ORIENTED_EDGE('',*,*,#1459,.T.);
#1459 = EDGE_CURVE('',#1200,#1460,#1462,.T.);
#1460 = VERTEX_POINT('',#1461);
#1461 = CARTESIAN_POINT('',(5.454545454545,-1.590526603374,
    -0.326466063545));
#1462 = SURFACE_CURVE('',#1463,(#1466,#1473),.PCURVE_S1.);
#1463 = B_SPLINE_CURVE_WITH_KNOTS('',1,(#1464,#1465),.UNSPECIFIED.,.F.,
  .F.,(2,2),(0.,1.),.PIECEWISE_BEZIER_KNOTS.);
#1464 = CARTESIAN_POINT('',(4.545454545455,-1.426097944129,
    -0.349575004565));
#1465 = CARTESIAN_POINT('',(5.454545454545,-1.590526603374,
    -0.326466063545));
#1466 = PCURVE('',#1236,#1467);
#1467 = DEFINITIONAL_REPRESENTATION('',(#1468),#1472);
#1468 = LINE('',#1469,#1470);
#1469 = CARTESIAN_POINT('',(1.365739486856,0.));
#1470 = VECTOR('',#1471,1.);
#1471 = DIRECTION('',(0.,1.));
#1472 = ( GEOMETRIC_REPRESENTATION_CONTEXT(2) 
PARAMETRIC_REPRESENTATION_CONTEXT() REPRESENTATION_CONTEXT('2D SPACE',''
  ) );
#1473 = PCURVE('',#1308,#1474);
#1474 = DEFINITIONAL_REPRESENTATION('',(#1475),#1479);
#1475 = LINE('',#1476,#1477);
#1476 = CARTESIAN_POINT('',(0.,0.));
#1477 = VECTOR('',#1478,1.);
#1478 = DIRECTION('',(0.,1.));
#1479 = ( GEOMETRIC_REPRESENTATION_CONTEXT(2) 
PARAMETRIC_REPRESENTATION_CONTEXT() REPRESENTATION_CONTEXT('2D SPACE',''
  ) );
#1480 = ORIENTED_EDGE('',*,*,#1481,.F.);
#1481 = EDGE_CURVE('',#1482,#1460,#1484,.T.);
#1482 = VERTEX_POINT('',#1483);
#1483 = CARTESIAN_POINT('',(5.454545454545,-1.82281259516,1.));
#1484 = SURFACE_CURVE('',#1485,(#1489,#1495),.PCURVE_S1.);
#1485 = LINE('',#1486,#1487);
#1486 = CARTESIAN_POINT('',(5.454545454545,-1.82281259516,1.));
#1487 = VECTOR('',#1488,1.);
#1488 = DIRECTION('',(0.,0.172491600579,-0.985010988634));
#1489 = PCURVE('',#1236,#1490);
#1490 = DEFINITIONAL_REPRESENTATION('',(#1491),#1494);
#1491 = B_SPLINE_CURVE_WITH_KNOTS('',1,(#1492,#1493),.UNSPECIFIED.,.F.,
  .F.,(2,2),(0.,1.346651031158),.PIECEWISE_BEZIER_KNOTS.);
#1492 = CARTESIAN_POINT('',(0.,1.));
#1493 = CARTESIAN_POINT('',(1.365739486856,1.));
#1494 = ( GEOMETRIC_REPRESENTATION_CONTEXT(2) 
PARAMETRIC_REPRESENTATION_CONTEXT() REPRESENTATION_CONTEXT('2D SPACE',''
  ) );
#1495 = PCURVE('',#1496,#1501);
#1496 = B_SPLINE_SURFACE_WITH_KNOTS('',1,1,(
    (#1497,#1498)
    ,(#1499,#1500
    )),.UNSPECIFIED.,.F.,.F.,.F.,(2,2),(2,2),(0.,1.361175654474),(0.,1.)
  ,.PIECEWISE_BEZIER_KNOTS.);
#1497 = CARTESIAN_POINT('',(5.454545454545,-1.82281259516,1.));
#1498 = CARTESIAN_POINT('',(6.363636363636,-1.785664723154,1.01048989899
    ));
#1499 = CARTESIAN_POINT('',(5.454545454545,-1.590526603374,
    -0.326466063545));
#1500 = CARTESIAN_POINT('',(6.363636363636,-1.556474158468,
    -0.331251822576));
#1501 = DEFINITIONAL_REPRESENTATION('',(#1502),#1505);
#1502 = B_SPLINE_CURVE_WITH_KNOTS('',1,(#1503,#1504),.UNSPECIFIED.,.F.,
  .F.,(2,2),(0.,1.346651031158),.PIECEWISE_BEZIER_KNOTS.);
#1503 = CARTESIAN_POINT('',(0.,0.));
#1504 = CARTESIAN_POINT('',(1.361175654474,0.));
#1505 = ( GEOMETRIC_REPRESENTATION_CONTEXT(2) 
PARAMETRIC_REPRESENTATION_CONTEXT() REPRESENTATION_CONTEXT('2D SPACE',''
  ) );
#1506 = ORIENTED_EDGE('',*,*,#1507,.F.);
#1507 = EDGE_CURVE('',#1222,#1482,#1508,.T.);
#1508 = SURFACE_CURVE('',#1509,(#1512,#1519),.PCURVE_S1.);
#1509 = B_SPLINE_CURVE_WITH_KNOTS('',1,(#1510,#1511),.UNSPECIFIED.,.F.,
  .F.,(2,2),(0.,1.),.PIECEWISE_BEZIER_KNOTS.);
#1510 = CARTESIAN_POINT('',(4.545454545455,-1.635601292582,1.));
#1511 = CARTESIAN_POINT('',(5.454545454545,-1.82281259516,1.));
#1512 = PCURVE('',#1236,#1513);
#1513 = DEFINITIONAL_REPRESENTATION('',(#1514),#1518);
#1514 = LINE('',#1515,#1516);
#1515 = CARTESIAN_POINT('',(0.,0.));
#1516 = VECTOR('',#1517,1.);
#1517 = DIRECTION('',(0.,1.));
#1518 = ( GEOMETRIC_REPRESENTATION_CONTEXT(2) 
PARAMETRIC_REPRESENTATION_CONTEXT() REPRESENTATION_CONTEXT('2D SPACE',''
  ) );
#1519 = PCURVE('',#1443,#1520);
#1520 = DEFINITIONAL_REPRESENTATION('',(#1521),#1525);
#1521 = LINE('',#1522,#1523);
#1522 = CARTESIAN_POINT('',(3.645625190319,0.));
#1523 = VECTOR('',#1524,1.);
#1524 = DIRECTION('',(0.,1.));
#1525 = ( GEOMETRIC_REPRESENTATION_CONTEXT(2) 
PARAMETRIC_REPRESENTATION_CONTEXT() REPRESENTATION_CONTEXT('2D SPACE',''
  ) );
#1526 = ADVANCED_FACE('',(#1527),#1308,.T.);
#1527 = FACE_BOUND('',#1528,.T.);
#1528 = EDGE_LOOP('',(#1529,#1530,#1552,#1578));
#1529 = ORIENTED_EDGE('',*,*,#1294,.T.);
#1530 = ORIENTED_EDGE('',*,*,#1531,.T.);
#1531 = EDGE_CURVE('',#1273,#1532,#1534,.T.);
#1532 = VERTEX_POINT('',#1533);
#1533 = CARTESIAN_POINT('',(5.454545454545,0.,-0.55));
#1534 = SURFACE_CURVE('',#1535,(#1538,#1545),.PCURVE_S1.);
#1535 = B_SPLINE_CURVE_WITH_KNOTS('',1,(#1536,#1537),.UNSPECIFIED.,.F.,
  .F.,(2,2),(0.,1.),.PIECEWISE_BEZIER_KNOTS.);
#1536 = CARTESIAN_POINT('',(4.545454545455,0.,-0.55));
#1537 = CARTESIAN_POINT('',(5.454545454545,0.,-0.55));
#1538 = PCURVE('',#1308,#1539);
#1539 = DEFINITIONAL_REPRESENTATION('',(#1540),#1544);
#1540 = LINE('',#1541,#1542);
#1541 = CARTESIAN_POINT('',(1.606157618912,0.));
#1542 = VECTOR('',#1543,1.);
#1543 = DIRECTION('',(0.,1.));
#1544 = ( GEOMETRIC_REPRESENTATION_CONTEXT(2) 
PARAMETRIC_REPRESENTATION_CONTEXT() REPRESENTATION_CONTEXT('2D SPACE',''
  ) );
#1545 = PCURVE('',#1360,#1546);
#1546 = DEFINITIONAL_REPRESENTATION('',(#1547),#1551);
#1547 = LINE('',#1548,#1549);
#1548 = CARTESIAN_POINT('',(0.,0.));
#1549 = VECTOR('',#1550,1.);
#1550 = DIRECTION('',(0.,1.));
#1551 = ( GEOMETRIC_REPRESENTATION_CONTEXT(2) 
PARAMETRIC_REPRESENTATION_CONTEXT() REPRESENTATION_CONTEXT('2D SPACE',''
  ) );
#1552 = ORIENTED_EDGE('',*,*,#1553,.F.);
#1553 = EDGE_CURVE('',#1460,#1532,#1554,.T.);
#1554 = SURFACE_CURVE('',#1555,(#1559,#1566),.PCURVE_S1.);
#1555 = LINE('',#1556,#1557);
#1556 = CARTESIAN_POINT('',(5.454545454545,-1.590526603374,
    -0.326466063545));
#1557 = VECTOR('',#1558,1.);
#1558 = DIRECTION('',(0.,0.990268068742,-0.13917310096));
#1559 = PCURVE('',#1308,#1560);
#1560 = DEFINITIONAL_REPRESENTATION('',(#1561),#1565);
#1561 = LINE('',#1562,#1563);
#1562 = CARTESIAN_POINT('',(0.,1.));
#1563 = VECTOR('',#1564,1.);
#1564 = DIRECTION('',(1.,0.));
#1565 = ( GEOMETRIC_REPRESENTATION_CONTEXT(2) 
PARAMETRIC_REPRESENTATION_CONTEXT() REPRESENTATION_CONTEXT('2D SPACE',''
  ) );
#1566 = PCURVE('',#1567,#1572);
#1567 = B_SPLINE_SURFACE_WITH_KNOTS('',1,1,(
    (#1568,#1569)
    ,(#1570,#1571
    )),.UNSPECIFIED.,.F.,.F.,.F.,(2,2),(2,2),(0.,1.606157618912),(0.,1.)
  ,.PIECEWISE_BEZIER_KNOTS.);
#1568 = CARTESIAN_POINT('',(5.454545454545,-1.590526603374,
    -0.326466063545));
#1569 = CARTESIAN_POINT('',(6.363636363636,-1.556474158468,
    -0.331251822576));
#1570 = CARTESIAN_POINT('',(5.454545454545,0.,-0.55));
#1571 = CARTESIAN_POINT('',(6.363636363636,0.,-0.55));
#1572 = DEFINITIONAL_REPRESENTATION('',(#1573),#1577);
#1573 = LINE('',#1574,#1575);
#1574 = CARTESIAN_POINT('',(0.,0.));
#1575 = VECTOR('',#1576,1.);
#1576 = DIRECTION('',(1.,0.));
#1577 = ( GEOMETRIC_REPRESENTATION_CONTEXT(2) 
PARAMETRIC_REPRESENTATION_CONTEXT() REPRESENTATION_CONTEXT('2D SPACE',''
  ) );
#1578 = ORIENTED_EDGE('',*,*,#1459,.F.);
#1579 = ADVANCED_FACE('',(#1580),#1360,.T.);
#1580 = FACE_BOUND('',#1581,.T.);
#1581 = EDGE_LOOP('',(#1582,#1583,#1605,#1631));
#1582 = ORIENTED_EDGE('',*,*,#1346,.T.);
#1583 = ORIENTED_EDGE('',*,*,#1584,.T.);
#1584 = EDGE_CURVE('',#1325,#1585,#1587,.T.);
#1585 = VERTEX_POINT('',#1586);
#1586 = CARTESIAN_POINT('',(5.454545454545,1.590526603374,
    -0.326466063545));
#1587 = SURFACE_CURVE('',#1588,(#1591,#1598),.PCURVE_S1.);
#1588 = B_SPLINE_CURVE_WITH_KNOTS('',1,(#1589,#1590),.UNSPECIFIED.,.F.,
  .F.,(2,2),(0.,1.),.PIECEWISE_BEZIER_KNOTS.);
#1589 = CARTESIAN_POINT('',(4.545454545455,1.426097944129,
    -0.349575004565));
#1590 = CARTESIAN_POINT('',(5.454545454545,1.590526603374,
    -0.326466063545));
#1591 = PCURVE('',#1360,#1592);
#1592 = DEFINITIONAL_REPRESENTATION('',(#1593),#1597);
#1593 = LINE('',#1594,#1595);
#1594 = CARTESIAN_POINT('',(1.606157618912,0.));
#1595 = VECTOR('',#1596,1.);
#1596 = DIRECTION('',(0.,1.));
#1597 = ( GEOMETRIC_REPRESENTATION_CONTEXT(2) 
PARAMETRIC_REPRESENTATION_CONTEXT() REPRESENTATION_CONTEXT('2D SPACE',''
  ) );
#1598 = PCURVE('',#1411,#1599);
#1599 = DEFINITIONAL_REPRESENTATION('',(#1600),#1604);
#1600 = LINE('',#1601,#1602);
#1601 = CARTESIAN_POINT('',(0.,0.));
#1602 = VECTOR('',#1603,1.);
#1603 = DIRECTION('',(0.,1.));
#1604 = ( GEOMETRIC_REPRESENTATION_CONTEXT(2) 
PARAMETRIC_REPRESENTATION_CONTEXT() REPRESENTATION_CONTEXT('2D SPACE',''
  ) );
#1605 = ORIENTED_EDGE('',*,*,#1606,.F.);
#1606 = EDGE_CURVE('',#1532,#1585,#1607,.T.);
#1607 = SURFACE_CURVE('',#1608,(#1612,#1619),.PCURVE_S1.);
#1608 = LINE('',#1609,#1610);
#1609 = CARTESIAN_POINT('',(5.454545454545,0.,-0.55));
#1610 = VECTOR('',#1611,1.);
#1611 = DIRECTION('',(0.,0.990268068742,0.13917310096));
#1612 = PCURVE('',#1360,#1613);
#1613 = DEFINITIONAL_REPRESENTATION('',(#1614),#1618);
#1614 = LINE('',#1615,#1616);
#1615 = CARTESIAN_POINT('',(0.,1.));
#1616 = VECTOR('',#1617,1.);
#1617 = DIRECTION('',(1.,0.));
#1618 = ( GEOMETRIC_REPRESENTATION_CONTEXT(2) 
PARAMETRIC_REPRESENTATION_CONTEXT() REPRESENTATION_CONTEXT('2D SPACE',''
  ) );
#1619 = PCURVE('',#1620,#1625);
#1620 = B_SPLINE_SURFACE_WITH_KNOTS('',1,1,(
    (#1621,#1622)
    ,(#1623,#1624
    )),.UNSPECIFIED.,.F.,.F.,.F.,(2,2),(2,2),(0.,1.606157618912),(0.,1.)
  ,.PIECEWISE_BEZIER_KNOTS.);
#1621 = CARTESIAN_POINT('',(5.454545454545,0.,-0.55));
#1622 = CARTESIAN_POINT('',(6.363636363636,0.,-0.55));
#1623 = CARTESIAN_POINT('',(5.454545454545,1.590526603374,
    -0.326466063545));
#1624 = CARTESIAN_POINT('',(6.363636363636,1.556474158468,
    -0.331251822576));
#1625 = DEFINITIONAL_REPRESENTATION('',(#1626),#1630);
#1626 = LINE('',#1627,#1628);
#1627 = CARTESIAN_POINT('',(0.,0.));
#1628 = VECTOR('',#1629,1.);
#1629 = DIRECTION('',(1.,0.));
#1630 = ( GEOMETRIC_REPRESENTATION_CONTEXT(2) 
PARAMETRIC_REPRESENTATION_CONTEXT() REPRESENTATION_CONTEXT('2D SPACE',''
  ) );
#1631 = ORIENTED_EDGE('',*,*,#1531,.F.);
#1632 = ADVANCED_FACE('',(#1633),#1411,.T.);
#1633 = FACE_BOUND('',#1634,.T.);
#1634 = EDGE_LOOP('',(#1635,#1636,#1658,#1682));
#1635 = ORIENTED_EDGE('',*,*,#1398,.T.);
#1636 = ORIENTED_EDGE('',*,*,#1637,.T.);
#1637 = EDGE_CURVE('',#1377,#1638,#1640,.T.);
#1638 = VERTEX_POINT('',#1639);
#1639 = CARTESIAN_POINT('',(5.454545454545,1.82281259516,1.));
#1640 = SURFACE_CURVE('',#1641,(#1644,#1651),.PCURVE_S1.);
#1641 = B_SPLINE_CURVE_WITH_KNOTS('',1,(#1642,#1643),.UNSPECIFIED.,.F.,
  .F.,(2,2),(0.,1.),.PIECEWISE_BEZIER_KNOTS.);
#1642 = CARTESIAN_POINT('',(4.545454545455,1.635601292582,1.));
#1643 = CARTESIAN_POINT('',(5.454545454545,1.82281259516,1.));
#1644 = PCURVE('',#1411,#1645);
#1645 = DEFINITIONAL_REPRESENTATION('',(#1646),#1650);
#1646 = LINE('',#1647,#1648);
#1647 = CARTESIAN_POINT('',(1.365739486856,0.));
#1648 = VECTOR('',#1649,1.);
#1649 = DIRECTION('',(0.,1.));
#1650 = ( GEOMETRIC_REPRESENTATION_CONTEXT(2) 
PARAMETRIC_REPRESENTATION_CONTEXT() REPRESENTATION_CONTEXT('2D SPACE',''
  ) );
#1651 = PCURVE('',#1443,#1652);
#1652 = DEFINITIONAL_REPRESENTATION('',(#1653),#1657);
#1653 = LINE('',#1654,#1655);
#1654 = CARTESIAN_POINT('',(0.,0.));
#1655 = VECTOR('',#1656,1.);
#1656 = DIRECTION('',(0.,1.));
#1657 = ( GEOMETRIC_REPRESENTATION_CONTEXT(2) 
PARAMETRIC_REPRESENTATION_CONTEXT() REPRESENTATION_CONTEXT('2D SPACE',''
  ) );
#1658 = ORIENTED_EDGE('',*,*,#1659,.F.);
#1659 = EDGE_CURVE('',#1585,#1638,#1660,.T.);
#1660 = SURFACE_CURVE('',#1661,(#1665,#1671),.PCURVE_S1.);
#1661 = LINE('',#1662,#1663);
#1662 = CARTESIAN_POINT('',(5.454545454545,1.590526603374,
    -0.326466063545));
#1663 = VECTOR('',#1664,1.);
#1664 = DIRECTION('',(0.,0.172491600579,0.985010988634));
#1665 = PCURVE('',#1411,#1666);
#1666 = DEFINITIONAL_REPRESENTATION('',(#1667),#1670);
#1667 = B_SPLINE_CURVE_WITH_KNOTS('',1,(#1668,#1669),.UNSPECIFIED.,.F.,
  .F.,(2,2),(0.,1.346651031158),.PIECEWISE_BEZIER_KNOTS.);
#1668 = CARTESIAN_POINT('',(0.,1.));
#1669 = CARTESIAN_POINT('',(1.365739486856,1.));
#1670 = ( GEOMETRIC_REPRESENTATION_CONTEXT(2) 
PARAMETRIC_REPRESENTATION_CONTEXT() REPRESENTATION_CONTEXT('2D SPACE',''
  ) );
#1671 = PCURVE('',#1672,#1677);
#1672 = B_SPLINE_SURFACE_WITH_KNOTS('',1,1,(
    (#1673,#1674)
    ,(#1675,#1676
    )),.UNSPECIFIED.,.F.,.F.,.F.,(2,2),(2,2),(0.,1.361175654474),(0.,1.)
  ,.PIECEWISE_BEZIER_KNOTS.);
#1673 = CARTESIAN_POINT('',(5.454545454545,1.590526603374,
    -0.326466063545));
#1674 = CARTESIAN_POINT('',(6.363636363636,1.556474158468,
    -0.331251822576));
#1675 = CARTESIAN_POINT('',(5.454545454545,1.82281259516,1.));
#1676 = CARTESIAN_POINT('',(6.363636363636,1.785664723154,1.01048989899)
  );
#1677 = DEFINITIONAL_REPRESENTATION('',(#1678),#1681);
#1678 = B_SPLINE_CURVE_WITH_KNOTS('',1,(#1679,#1680),.UNSPECIFIED.,.F.,
  .F.,(2,2),(0.,1.346651031158),.PIECEWISE_BEZIER_KNOTS.);
#1679 = CARTESIAN_POINT('',(0.,0.));
#1680 = CARTESIAN_POINT('',(1.361175654474,0.));
#1681 = ( GEOMETRIC_REPRESENTATION_CONTEXT(2) 
PARAMETRIC_REPRESENTATION_CONTEXT() REPRESENTATION_CONTEXT('2D SPACE',''
  ) );
#1682 = ORIENTED_EDGE('',*,*,#1584,.F.);
#1683 = ADVANCED_FACE('',(#1684),#1443,.T.);
#1684 = FACE_BOUND('',#1685,.T.);
#1685 = EDGE_LOOP('',(#1686,#1687,#1688,#1714));
#1686 = ORIENTED_EDGE('',*,*,#1429,.T.);
#1687 = ORIENTED_EDGE('',*,*,#1507,.T.);
#1688 = ORIENTED_EDGE('',*,*,#1689,.F.);
#1689 = EDGE_CURVE('',#1638,#1482,#1690,.T.);
#1690 = SURFACE_CURVE('',#1691,(#1695,#1702),.PCURVE_S1.);
#1691 = LINE('',#1692,#1693);
#1692 = CARTESIAN_POINT('',(5.454545454545,1.82281259516,1.));
#1693 = VECTOR('',#1694,1.);
#1694 = DIRECTION('',(0.,-1.,0.));
#1695 = PCURVE('',#1443,#1696);
#1696 = DEFINITIONAL_REPRESENTATION('',(#1697),#1701);
#1697 = LINE('',#1698,#1699);
#1698 = CARTESIAN_POINT('',(0.,1.));
#1699 = VECTOR('',#1700,1.);
#1700 = DIRECTION('',(1.,0.));
#1701 = ( GEOMETRIC_REPRESENTATION_CONTEXT(2) 
PARAMETRIC_REPRESENTATION_CONTEXT() REPRESENTATION_CONTEXT('2D SPACE',''
  ) );
#1702 = PCURVE('',#1703,#1708);
#1703 = B_SPLINE_SURFACE_WITH_KNOTS('',1,1,(
    (#1704,#1705)
    ,(#1706,#1707
    )),.UNSPECIFIED.,.F.,.F.,.F.,(2,2),(2,2),(0.,3.645625190319),(0.,1.)
  ,.PIECEWISE_BEZIER_KNOTS.);
#1704 = CARTESIAN_POINT('',(5.454545454545,1.82281259516,1.));
#1705 = CARTESIAN_POINT('',(6.363636363636,1.785664723154,1.01048989899)
  );
#1706 = CARTESIAN_POINT('',(5.454545454545,-1.82281259516,1.));
#1707 = CARTESIAN_POINT('',(6.363636363636,-1.785664723154,1.01048989899
    ));
#1708 = DEFINITIONAL_REPRESENTATION('',(#1709),#1713);
#1709 = LINE('',#1710,#1711);
#1710 = CARTESIAN_POINT('',(0.,0.));
#1711 = VECTOR('',#1712,1.);
#1712 = DIRECTION('',(1.,0.));
#1713 = ( GEOMETRIC_REPRESENTATION_CONTEXT(2) 
PARAMETRIC_REPRESENTATION_CONTEXT() REPRESENTATION_CONTEXT('2D SPACE',''
  ) );
#1714 = ORIENTED_EDGE('',*,*,#1637,.F.);
#1715 = ADVANCED_FACE('',(#1716),#1496,.T.);
#1716 = FACE_BOUND('',#1717,.T.);
#1717 = EDGE_LOOP('',(#1718,#1719,#1741,#1768));
#1718 = ORIENTED_EDGE('',*,*,#1481,.T.);
#1719 = ORIENTED_EDGE('',*,*,#1720,.T.);
#1720 = EDGE_CURVE('',#1460,#1721,#1723,.T.);
#1721 = VERTEX_POINT('',#1722);
#1722 = CARTESIAN_POINT('',(6.363636363636,-1.556474158468,
    -0.331251822576));
#1723 = SURFACE_CURVE('',#1724,(#1727,#1734),.PCURVE_S1.);
#1724 = B_SPLINE_CURVE_WITH_KNOTS('',1,(#1725,#1726),.UNSPECIFIED.,.F.,
  .F.,(2,2),(0.,1.),.PIECEWISE_BEZIER_KNOTS.);
#1725 = CARTESIAN_POINT('',(5.454545454545,-1.590526603374,
    -0.326466063545));
#1726 = CARTESIAN_POINT('',(6.363636363636,-1.556474158468,
    -0.331251822576));
#1727 = PCURVE('',#1496,#1728);
#1728 = DEFINITIONAL_REPRESENTATION('',(#1729),#1733);
#1729 = LINE('',#1730,#1731);
#1730 = CARTESIAN_POINT('',(1.361175654474,0.));
#1731 = VECTOR('',#1732,1.);
#1732 = DIRECTION('',(0.,1.));
#1733 = ( GEOMETRIC_REPRESENTATION_CONTEXT(2) 
PARAMETRIC_REPRESENTATION_CONTEXT() REPRESENTATION_CONTEXT('2D SPACE',''
  ) );
#1734 = PCURVE('',#1567,#1735);
#1735 = DEFINITIONAL_REPRESENTATION('',(#1736),#1740);
#1736 = LINE('',#1737,#1738);
#1737 = CARTESIAN_POINT('',(0.,0.));
#1738 = VECTOR('',#1739,1.);
#1739 = DIRECTION('',(0.,1.));
#1740 = ( GEOMETRIC_REPRESENTATION_CONTEXT(2) 
PARAMETRIC_REPRESENTATION_CONTEXT() REPRESENTATION_CONTEXT('2D SPACE',''
  ) );
#1741 = ORIENTED_EDGE('',*,*,#1742,.F.);
#1742 = EDGE_CURVE('',#1743,#1721,#1745,.T.);
#1743 = VERTEX_POINT('',#1744);
#1744 = CARTESIAN_POINT('',(6.363636363636,-1.785664723154,1.01048989899
    ));
#1745 = SURFACE_CURVE('',#1746,(#1750,#1757),.PCURVE_S1.);
#1746 = LINE('',#1747,#1748);
#1747 = CARTESIAN_POINT('',(6.363636363636,-1.785664723154,1.01048989899
    ));
#1748 = VECTOR('',#1749,1.);
#1749 = DIRECTION('',(0.,0.168376920299,-0.985722685501));
#1750 = PCURVE('',#1496,#1751);
#1751 = DEFINITIONAL_REPRESENTATION('',(#1752),#1756);
#1752 = LINE('',#1753,#1754);
#1753 = CARTESIAN_POINT('',(0.,1.));
#1754 = VECTOR('',#1755,1.);
#1755 = DIRECTION('',(1.,0.));
#1756 = ( GEOMETRIC_REPRESENTATION_CONTEXT(2) 
PARAMETRIC_REPRESENTATION_CONTEXT() REPRESENTATION_CONTEXT('2D SPACE',''
  ) );
#1757 = PCURVE('',#1758,#1763);
#1758 = B_SPLINE_SURFACE_WITH_KNOTS('',1,1,(
    (#1759,#1760)
    ,(#1761,#1762
    )),.UNSPECIFIED.,.F.,.F.,.F.,(2,2),(2,2),(0.,1.382231274072),(0.,1.)
  ,.PIECEWISE_BEZIER_KNOTS.);
#1759 = CARTESIAN_POINT('',(6.363636363636,-1.785664723154,1.01048989899
    ));
#1760 = CARTESIAN_POINT('',(7.272727272727,-1.600904298775,
    1.043368686869));
#1761 = CARTESIAN_POINT('',(6.363636363636,-1.556474158468,
    -0.331251822576));
#1762 = CARTESIAN_POINT('',(7.272727272727,-1.393455812073,
    -0.323206748439));
#1763 = DEFINITIONAL_REPRESENTATION('',(#1764),#1767);
#1764 = B_SPLINE_CURVE_WITH_KNOTS('',1,(#1765,#1766),.UNSPECIFIED.,.F.,
  .F.,(2,2),(0.,1.361175654474),.PIECEWISE_BEZIER_KNOTS.);
#1765 = CARTESIAN_POINT('',(0.,0.));
#1766 = CARTESIAN_POINT('',(1.382231274072,0.));
#1767 = ( GEOMETRIC_REPRESENTATION_CONTEXT(2) 
PARAMETRIC_REPRESENTATION_CONTEXT() REPRESENTATION_CONTEXT('2D SPACE',''
  ) );
#1768 = ORIENTED_EDGE('',*,*,#1769,.F.);
#1769 = EDGE_CURVE('',#1482,#1743,#1770,.T.);
#1770 = SURFACE_CURVE('',#1771,(#1774,#1781),.PCURVE_S1.);
#1771 = B_SPLINE_CURVE_WITH_KNOTS('',1,(#1772,#1773),.UNSPECIFIED.,.F.,
  .F.,(2,2),(0.,1.),.PIECEWISE_BEZIER_KNOTS.);
#1772 = CARTESIAN_POINT('',(5.454545454545,-1.82281259516,1.));
#1773 = CARTESIAN_POINT('',(6.363636363636,-1.785664723154,1.01048989899
    ));
#1774 = PCURVE('',#1496,#1775);
#1775 = DEFINITIONAL_REPRESENTATION('',(#1776),#1780);
#1776 = LINE('',#1777,#1778);
#1777 = CARTESIAN_POINT('',(0.,0.));
#1778 = VECTOR('',#1779,1.);
#1779 = DIRECTION('',(0.,1.));
#1780 = ( GEOMETRIC_REPRESENTATION_CONTEXT(2) 
PARAMETRIC_REPRESENTATION_CONTEXT() REPRESENTATION_CONTEXT('2D SPACE',''
  ) );
#1781 = PCURVE('',#1703,#1782);
#1782 = DEFINITIONAL_REPRESENTATION('',(#1783),#1787);
#1783 = LINE('',#1784,#1785);
#1784 = CARTESIAN_POINT('',(3.645625190319,0.));
#1785 = VECTOR('',#1786,1.);
#1786 = DIRECTION('',(0.,1.));
#1787 = ( GEOMETRIC_REPRESENTATION_CONTEXT(2) 
PARAMETRIC_REPRESENTATION_CONTEXT() REPRESENTATION_CONTEXT('2D SPACE',''
  ) );
#1788 = ADVANCED_FACE('',(#1789),#1567,.T.);
#1789 = FACE_BOUND('',#1790,.T.);
#1790 = EDGE_LOOP('',(#1791,#1792,#1814,#1839));
#1791 = ORIENTED_EDGE('',*,*,#1553,.T.);
#1792 = ORIENTED_EDGE('',*,*,#1793,.T.);
#1793 = EDGE_CURVE('',#1532,#1794,#1796,.T.);
#1794 = VERTEX_POINT('',#1795);
#1795 = CARTESIAN_POINT('',(6.363636363636,0.,-0.55));
#1796 = SURFACE_CURVE('',#1797,(#1800,#1807),.PCURVE_S1.);
#1797 = B_SPLINE_CURVE_WITH_KNOTS('',1,(#1798,#1799),.UNSPECIFIED.,.F.,
  .F.,(2,2),(0.,1.),.PIECEWISE_BEZIER_KNOTS.);
#1798 = CARTESIAN_POINT('',(5.454545454545,0.,-0.55));
#1799 = CARTESIAN_POINT('',(6.363636363636,0.,-0.55));
#1800 = PCURVE('',#1567,#1801);
#1801 = DEFINITIONAL_REPRESENTATION('',(#1802),#1806);
#1802 = LINE('',#1803,#1804);
#1803 = CARTESIAN_POINT('',(1.606157618912,0.));
#1804 = VECTOR('',#1805,1.);
#1805 = DIRECTION('',(0.,1.));
#1806 = ( GEOMETRIC_REPRESENTATION_CONTEXT(2) 
PARAMETRIC_REPRESENTATION_CONTEXT() REPRESENTATION_CONTEXT('2D SPACE',''
  ) );
#1807 = PCURVE('',#1620,#1808);
#1808 = DEFINITIONAL_REPRESENTATION('',(#1809),#1813);
#1809 = LINE('',#1810,#1811);
#1810 = CARTESIAN_POINT('',(0.,0.));
#1811 = VECTOR('',#1812,1.);
#1812 = DIRECTION('',(0.,1.));
#1813 = ( GEOMETRIC_REPRESENTATION_CONTEXT(2) 
PARAMETRIC_REPRESENTATION_CONTEXT() REPRESENTATION_CONTEXT('2D SPACE',''
  ) );
#1814 = ORIENTED_EDGE('',*,*,#1815,.F.);
#1815 = EDGE_CURVE('',#1721,#1794,#1816,.T.);
#1816 = SURFACE_CURVE('',#1817,(#1821,#1827),.PCURVE_S1.);
#1817 = LINE('',#1818,#1819);
#1818 = CARTESIAN_POINT('',(6.363636363636,-1.556474158468,
    -0.331251822576));
#1819 = VECTOR('',#1820,1.);
#1820 = DIRECTION('',(0.,0.990268068742,-0.13917310096));
#1821 = PCURVE('',#1567,#1822);
#1822 = DEFINITIONAL_REPRESENTATION('',(#1823),#1826);
#1823 = B_SPLINE_CURVE_WITH_KNOTS('',1,(#1824,#1825),.UNSPECIFIED.,.F.,
  .F.,(2,2),(0.,1.571770521134),.PIECEWISE_BEZIER_KNOTS.);
#1824 = CARTESIAN_POINT('',(0.,1.));
#1825 = CARTESIAN_POINT('',(1.606157618912,1.));
#1826 = ( GEOMETRIC_REPRESENTATION_CONTEXT(2) 
PARAMETRIC_REPRESENTATION_CONTEXT() REPRESENTATION_CONTEXT('2D SPACE',''
  ) );
#1827 = PCURVE('',#1828,#1833);
#1828 = B_SPLINE_SURFACE_WITH_KNOTS('',1,1,(
    (#1829,#1830)
    ,(#1831,#1832
    )),.UNSPECIFIED.,.F.,.F.,.F.,(2,2),(2,2),(0.,1.571770521134),(0.,1.)
  ,.PIECEWISE_BEZIER_KNOTS.);
#1829 = CARTESIAN_POINT('',(6.363636363636,-1.556474158468,
    -0.331251822576));
#1830 = CARTESIAN_POINT('',(7.272727272727,-1.393455812073,
    -0.323206748439));
#1831 = CARTESIAN_POINT('',(6.363636363636,0.,-0.55));
#1832 = CARTESIAN_POINT('',(7.272727272727,0.,-0.545868055556));
#1833 = DEFINITIONAL_REPRESENTATION('',(#1834),#1838);
#1834 = LINE('',#1835,#1836);
#1835 = CARTESIAN_POINT('',(0.,0.));
#1836 = VECTOR('',#1837,1.);
#1837 = DIRECTION('',(1.,0.));
#1838 = ( GEOMETRIC_REPRESENTATION_CONTEXT(2) 
PARAMETRIC_REPRESENTATION_CONTEXT() REPRESENTATION_CONTEXT('2D SPACE',''
  ) );
#1839 = ORIENTED_EDGE('',*,*,#1720,.F.);
#1840 = ADVANCED_FACE('',(#1841),#1620,.T.);
#1841 = FACE_BOUND('',#1842,.T.);
#1842 = EDGE_LOOP('',(#1843,#1844,#1866,#1891));
#1843 = ORIENTED_EDGE('',*,*,#1606,.T.);
#1844 = ORIENTED_EDGE('',*,*,#1845,.T.);
#1845 = EDGE_CURVE('',#1585,#1846,#1848,.T.);
#1846 = VERTEX_POINT('',#1847);
#1847 = CARTESIAN_POINT('',(6.363636363636,1.556474158468,
    -0.331251822576));
#1848 = SURFACE_CURVE('',#1849,(#1852,#1859),.PCURVE_S1.);
#1849 = B_SPLINE_CURVE_WITH_KNOTS('',1,(#1850,#1851),.UNSPECIFIED.,.F.,
  .F.,(2,2),(0.,1.),.PIECEWISE_BEZIER_KNOTS.);
#1850 = CARTESIAN_POINT('',(5.454545454545,1.590526603374,
    -0.326466063545));
#1851 = CARTESIAN_POINT('',(6.363636363636,1.556474158468,
    -0.331251822576));
#1852 = PCURVE('',#1620,#1853);
#1853 = DEFINITIONAL_REPRESENTATION('',(#1854),#1858);
#1854 = LINE('',#1855,#1856);
#1855 = CARTESIAN_POINT('',(1.606157618912,0.));
#1856 = VECTOR('',#1857,1.);
#1857 = DIRECTION('',(0.,1.));
#1858 = ( GEOMETRIC_REPRESENTATION_CONTEXT(2) 
PARAMETRIC_REPRESENTATION_CONTEXT() REPRESENTATION_CONTEXT('2D SPACE',''
  ) );
#1859 = PCURVE('',#1672,#1860);
#1860 = DEFINITIONAL_REPRESENTATION('',(#1861),#1865);
#1861 = LINE('',#1862,#1863);
#1862 = CARTESIAN_POINT('',(0.,0.));
#1863 = VECTOR('',#1864,1.);
#1864 = DIRECTION('',(0.,1.));
#1865 = ( GEOMETRIC_REPRESENTATION_CONTEXT(2) 
PARAMETRIC_REPRESENTATION_CONTEXT() REPRESENTATION_CONTEXT('2D SPACE',''
  ) );
#1866 = ORIENTED_EDGE('',*,*,#1867,.F.);
#1867 = EDGE_CURVE('',#1794,#1846,#1868,.T.);
#1868 = SURFACE_CURVE('',#1869,(#1873,#1879),.PCURVE_S1.);
#1869 = LINE('',#1870,#1871);
#1870 = CARTESIAN_POINT('',(6.363636363636,0.,-0.55));
#1871 = VECTOR('',#1872,1.);
#1872 = DIRECTION('',(0.,0.990268068742,0.13917310096));
#1873 = PCURVE('',#1620,#1874);
#1874 = DEFINITIONAL_REPRESENTATION('',(#1875),#1878);
#1875 = B_SPLINE_CURVE_WITH_KNOTS('',1,(#1876,#1877),.UNSPECIFIED.,.F.,
  .F.,(2,2),(0.,1.571770521134),.PIECEWISE_BEZIER_KNOTS.);
#1876 = CARTESIAN_POINT('',(0.,1.));
#1877 = CARTESIAN_POINT('',(1.606157618912,1.));
#1878 = ( GEOMETRIC_REPRESENTATION_CONTEXT(2) 
PARAMETRIC_REPRESENTATION_CONTEXT() REPRESENTATION_CONTEXT('2D SPACE',''
  ) );
#1879 = PCURVE('',#1880,#1885);
#1880 = B_SPLINE_SURFACE_WITH_KNOTS('',1,1,(
    (#1881,#1882)
    ,(#1883,#1884
    )),.UNSPECIFIED.,.F.,.F.,.F.,(2,2),(2,2),(0.,1.571770521134),(0.,1.)
  ,.PIECEWISE_BEZIER_KNOTS.);
#1881 = CARTESIAN_POINT('',(6.363636363636,0.,-0.55));
#1882 = CARTESIAN_POINT('',(7.272727272727,0.,-0.545868055556));
#1883 = CARTESIAN_POINT('',(6.363636363636,1.556474158468,
    -0.331251822576));
#1884 = CARTESIAN_POINT('',(7.272727272727,1.393455812073,
    -0.323206748439));
#1885 = DEFINITIONAL_REPRESENTATION('',(#1886),#1890);
#1886 = LINE('',#1887,#1888);
#1887 = CARTESIAN_POINT('',(0.,0.));
#1888 = VECTOR('',#1889,1.);
#1889 = DIRECTION('',(1.,0.));
#1890 = ( GEOMETRIC_REPRESENTATION_CONTEXT(2) 
PARAMETRIC_REPRESENTATION_CONTEXT() REPRESENTATION_CONTEXT('2D SPACE',''
  ) );
#1891 = ORIENTED_EDGE('',*,*,#1793,.F.);
#1892 = ADVANCED_FACE('',(#1893),#1672,.T.);
#1893 = FACE_BOUND('',#1894,.T.);
#1894 = EDGE_LOOP('',(#1895,#1896,#1918,#1943));
#1895 = ORIENTED_EDGE('',*,*,#1659,.T.);
#1896 = ORIENTED_EDGE('',*,*,#1897,.T.);
#1897 = EDGE_CURVE('',#1638,#1898,#1900,.T.);
#1898 = VERTEX_POINT('',#1899);
#1899 = CARTESIAN_POINT('',(6.363636363636,1.785664723154,1.01048989899)
  );
#1900 = SURFACE_CURVE('',#1901,(#1904,#1911),.PCURVE_S1.);
#1901 = B_SPLINE_CURVE_WITH_KNOTS('',1,(#1902,#1903),.UNSPECIFIED.,.F.,
  .F.,(2,2),(0.,1.),.PIECEWISE_BEZIER_KNOTS.);
#1902 = CARTESIAN_POINT('',(5.454545454545,1.82281259516,1.));
#1903 = CARTESIAN_POINT('',(6.363636363636,1.785664723154,1.01048989899)
  );
#1904 = PCURVE('',#1672,#1905);
#1905 = DEFINITIONAL_REPRESENTATION('',(#1906),#1910);
#1906 = LINE('',#1907,#1908);
#1907 = CARTESIAN_POINT('',(1.361175654474,0.));
#1908 = VECTOR('',#1909,1.);
#1909 = DIRECTION('',(0.,1.));
#1910 = ( GEOMETRIC_REPRESENTATION_CONTEXT(2) 
PARAMETRIC_REPRESENTATION_CONTEXT() REPRESENTATION_CONTEXT('2D SPACE',''
  ) );
#1911 = PCURVE('',#1703,#1912);
#1912 = DEFINITIONAL_REPRESENTATION('',(#1913),#1917);
#1913 = LINE('',#1914,#1915);
#1914 = CARTESIAN_POINT('',(0.,0.));
#1915 = VECTOR('',#1916,1.);
#1916 = DIRECTION('',(0.,1.));
#1917 = ( GEOMETRIC_REPRESENTATION_CONTEXT(2) 
PARAMETRIC_REPRESENTATION_CONTEXT() REPRESENTATION_CONTEXT('2D SPACE',''
  ) );
#1918 = ORIENTED_EDGE('',*,*,#1919,.F.);
#1919 = EDGE_CURVE('',#1846,#1898,#1920,.T.);
#1920 = SURFACE_CURVE('',#1921,(#1925,#1932),.PCURVE_S1.);
#1921 = LINE('',#1922,#1923);
#1922 = CARTESIAN_POINT('',(6.363636363636,1.556474158468,
    -0.331251822576));
#1923 = VECTOR('',#1924,1.);
#1924 = DIRECTION('',(0.,0.168376920299,0.985722685501));
#1925 = PCURVE('',#1672,#1926);
#1926 = DEFINITIONAL_REPRESENTATION('',(#1927),#1931);
#1927 = LINE('',#1928,#1929);
#1928 = CARTESIAN_POINT('',(0.,1.));
#1929 = VECTOR('',#1930,1.);
#1930 = DIRECTION('',(1.,0.));
#1931 = ( GEOMETRIC_REPRESENTATION_CONTEXT(2) 
PARAMETRIC_REPRESENTATION_CONTEXT() REPRESENTATION_CONTEXT('2D SPACE',''
  ) );
#1932 = PCURVE('',#1933,#1938);
#1933 = B_SPLINE_SURFACE_WITH_KNOTS('',1,1,(
    (#1934,#1935)
    ,(#1936,#1937
    )),.UNSPECIFIED.,.F.,.F.,.F.,(2,2),(2,2),(0.,1.382231274072),(0.,1.)
  ,.PIECEWISE_BEZIER_KNOTS.);
#1934 = CARTESIAN_POINT('',(6.363636363636,1.556474158468,
    -0.331251822576));
#1935 = CARTESIAN_POINT('',(7.272727272727,1.393455812073,
    -0.323206748439));
#1936 = CARTESIAN_POINT('',(6.363636363636,1.785664723154,1.01048989899)
  );
#1937 = CARTESIAN_POINT('',(7.272727272727,1.600904298775,1.043368686869
    ));
#1938 = DEFINITIONAL_REPRESENTATION('',(#1939),#1942);
#1939 = B_SPLINE_CURVE_WITH_KNOTS('',1,(#1940,#1941),.UNSPECIFIED.,.F.,
  .F.,(2,2),(0.,1.361175654474),.PIECEWISE_BEZIER_KNOTS.);
#1940 = CARTESIAN_POINT('',(0.,0.));
#1941 = CARTESIAN_POINT('',(1.382231274072,0.));
#1942 = ( GEOMETRIC_REPRESENTATION_CONTEXT(2) 
PARAMETRIC_REPRESENTATION_CONTEXT() REPRESENTATION_CONTEXT('2D SPACE',''
  ) );
#1943 = ORIENTED_EDGE('',*,*,#1845,.F.);
#1944 = ADVANCED_FACE('',(#1945),#1703,.T.);
#1945 = FACE_BOUND('',#1946,.T.);
#1946 = EDGE_LOOP('',(#1947,#1948,#1949,#1974));
#1947 = ORIENTED_EDGE('',*,*,#1689,.T.);
#1948 = ORIENTED_EDGE('',*,*,#1769,.T.);
#1949 = ORIENTED_EDGE('',*,*,#1950,.F.);
#1950 = EDGE_CURVE('',#1898,#1743,#1951,.T.);
#1951 = SURFACE_CURVE('',#1952,(#1956,#1962),.PCURVE_S1.);
#1952 = LINE('',#1953,#1954);
#1953 = CARTESIAN_POINT('',(6.363636363636,1.785664723154,1.01048989899)
  );
#1954 = VECTOR('',#1955,1.);
#1955 = DIRECTION('',(0.,-1.,0.));
#1956 = PCURVE('',#1703,#1957);
#1957 = DEFINITIONAL_REPRESENTATION('',(#1958),#1961);
#1958 = B_SPLINE_CURVE_WITH_KNOTS('',1,(#1959,#1960),.UNSPECIFIED.,.F.,
  .F.,(2,2),(0.,3.571329446309),.PIECEWISE_BEZIER_KNOTS.);
#1959 = CARTESIAN_POINT('',(0.,1.));
#1960 = CARTESIAN_POINT('',(3.645625190319,1.));
#1961 = ( GEOMETRIC_REPRESENTATION_CONTEXT(2) 
PARAMETRIC_REPRESENTATION_CONTEXT() REPRESENTATION_CONTEXT('2D SPACE',''
  ) );
#1962 = PCURVE('',#1963,#1968);
#1963 = B_SPLINE_SURFACE_WITH_KNOTS('',1,1,(
    (#1964,#1965)
    ,(#1966,#1967
    )),.UNSPECIFIED.,.F.,.F.,.F.,(2,2),(2,2),(0.,3.571329446309),(0.,1.)
  ,.PIECEWISE_BEZIER_KNOTS.);
#1964 = CARTESIAN_POINT('',(6.363636363636,1.785664723154,1.01048989899)
  );
#1965 = CARTESIAN_POINT('',(7.272727272727,1.600904298775,1.043368686869
    ));
#1966 = CARTESIAN_POINT('',(6.363636363636,-1.785664723154,1.01048989899
    ));
#1967 = CARTESIAN_POINT('',(7.272727272727,-1.600904298775,
    1.043368686869));
#1968 = DEFINITIONAL_REPRESENTATION('',(#1969),#1973);
#1969 = LINE('',#1970,#1971);
#1970 = CARTESIAN_POINT('',(0.,0.));
#1971 = VECTOR('',#1972,1.);
#1972 = DIRECTION('',(1.,0.));
#1973 = ( GEOMETRIC_REPRESENTATION_CONTEXT(2) 
PARAMETRIC_REPRESENTATION_CONTEXT() REPRESENTATION_CONTEXT('2D SPACE',''
  ) );
#1974 = ORIENTED_EDGE('',*,*,#1897,.F.);
#1975 = ADVANCED_FACE('',(#1976),#1758,.T.);
#1976 = FACE_BOUND('',#1977,.T.);
#1977 = EDGE_LOOP('',(#1978,#1979,#2001,#2029));
#1978 = ORIENTED_EDGE('',*,*,#1742,.T.);
#1979 = ORIENTED_EDGE('',*,*,#1980,.T.);
#1980 = EDGE_CURVE('',#1721,#1981,#1983,.T.);
#1981 = VERTEX_POINT('',#1982);
#1982 = CARTESIAN_POINT('',(7.272727272727,-1.393455812073,
    -0.323206748439));
#1983 = SURFACE_CURVE('',#1984,(#1987,#1994),.PCURVE_S1.);
#1984 = B_SPLINE_CURVE_WITH_KNOTS('',1,(#1985,#1986),.UNSPECIFIED.,.F.,
  .F.,(2,2),(0.,1.),.PIECEWISE_BEZIER_KNOTS.);
#1985 = CARTESIAN_POINT('',(6.363636363636,-1.556474158468,
    -0.331251822576));
#1986 = CARTESIAN_POINT('',(7.272727272727,-1.393455812073,
    -0.323206748439));
#1987 = PCURVE('',#1758,#1988);
#1988 = DEFINITIONAL_REPRESENTATION('',(#1989),#1993);
#1989 = LINE('',#1990,#1991);
#1990 = CARTESIAN_POINT('',(1.382231274072,0.));
#1991 = VECTOR('',#1992,1.);
#1992 = DIRECTION('',(0.,1.));
#1993 = ( GEOMETRIC_REPRESENTATION_CONTEXT(2) 
PARAMETRIC_REPRESENTATION_CONTEXT() REPRESENTATION_CONTEXT('2D SPACE',''
  ) );
#1994 = PCURVE('',#1828,#1995);
#1995 = DEFINITIONAL_REPRESENTATION('',(#1996),#2000);
#1996 = LINE('',#1997,#1998);
#1997 = CARTESIAN_POINT('',(0.,0.));
#1998 = VECTOR('',#1999,1.);
#1999 = DIRECTION('',(0.,1.));
#2000 = ( GEOMETRIC_REPRESENTATION_CONTEXT(2) 
PARAMETRIC_REPRESENTATION_CONTEXT() REPRESENTATION_CONTEXT('2D SPACE',''
  ) );
#2001 = ORIENTED_EDGE('',*,*,#2002,.F.);
#2002 = EDGE_CURVE('',#2003,#1981,#2005,.T.);
#2003 = VERTEX_POINT('',#2004);
#2004 = CARTESIAN_POINT('',(7.272727272727,-1.600904298775,
    1.043368686869));
#2005 = SURFACE_CURVE('',#2006,(#2010,#2017),.PCURVE_S1.);
#2006 = LINE('',#2007,#2008);
#2007 = CARTESIAN_POINT('',(7.272727272727,-1.600904298775,
    1.043368686869));
#2008 = VECTOR('',#2009,1.);
#2009 = DIRECTION('',(0.,0.150082327461,-0.988673502722));
#2010 = PCURVE('',#1758,#2011);
#2011 = DEFINITIONAL_REPRESENTATION('',(#2012),#2016);
#2012 = LINE('',#2013,#2014);
#2013 = CARTESIAN_POINT('',(0.,1.));
#2014 = VECTOR('',#2015,1.);
#2015 = DIRECTION('',(1.,0.));
#2016 = ( GEOMETRIC_REPRESENTATION_CONTEXT(2) 
PARAMETRIC_REPRESENTATION_CONTEXT() REPRESENTATION_CONTEXT('2D SPACE',''
  ) );
#2017 = PCURVE('',#2018,#2023);
#2018 = B_SPLINE_SURFACE_WITH_KNOTS('',1,1,(
    (#2019,#2020)
    ,(#2021,#2022
    )),.UNSPECIFIED.,.F.,.F.,.F.,(2,2),(2,2),(0.,1.382231274072),(0.,1.)
  ,.PIECEWISE_BEZIER_KNOTS.);
#2019 = CARTESIAN_POINT('',(7.272727272727,-1.600904298775,
    1.043368686869));
#2020 = CARTESIAN_POINT('',(8.181818181818,-1.245543634615,
    1.099262626263));
#2021 = CARTESIAN_POINT('',(7.272727272727,-1.393455812073,
    -0.323206748439));
#2022 = CARTESIAN_POINT('',(8.181818181818,-1.086451889229,
    -0.224449857602));
#2023 = DEFINITIONAL_REPRESENTATION('',(#2024),#2028);
#2024 = LINE('',#2025,#2026);
#2025 = CARTESIAN_POINT('',(0.,0.));
#2026 = VECTOR('',#2027,1.);
#2027 = DIRECTION('',(1.,0.));
#2028 = ( GEOMETRIC_REPRESENTATION_CONTEXT(2) 
PARAMETRIC_REPRESENTATION_CONTEXT() REPRESENTATION_CONTEXT('2D SPACE',''
  ) );
#2029 = ORIENTED_EDGE('',*,*,#2030,.F.);
#2030 = EDGE_CURVE('',#1743,#2003,#2031,.T.);
#2031 = SURFACE_CURVE('',#2032,(#2035,#2042),.PCURVE_S1.);
#2032 = B_SPLINE_CURVE_WITH_KNOTS('',1,(#2033,#2034),.UNSPECIFIED.,.F.,
  .F.,(2,2),(0.,1.),.PIECEWISE_BEZIER_KNOTS.);
#2033 = CARTESIAN_POINT('',(6.363636363636,-1.785664723154,1.01048989899
    ));
#2034 = CARTESIAN_POINT('',(7.272727272727,-1.600904298775,
    1.043368686869));
#2035 = PCURVE('',#1758,#2036);
#2036 = DEFINITIONAL_REPRESENTATION('',(#2037),#2041);
#2037 = LINE('',#2038,#2039);
#2038 = CARTESIAN_POINT('',(0.,0.));
#2039 = VECTOR('',#2040,1.);
#2040 = DIRECTION('',(0.,1.));
#2041 = ( GEOMETRIC_REPRESENTATION_CONTEXT(2) 
PARAMETRIC_REPRESENTATION_CONTEXT() REPRESENTATION_CONTEXT('2D SPACE',''
  ) );
#2042 = PCURVE('',#1963,#2043);
#2043 = DEFINITIONAL_REPRESENTATION('',(#2044),#2048);
#2044 = LINE('',#2045,#2046);
#2045 = CARTESIAN_POINT('',(3.571329446309,0.));
#2046 = VECTOR('',#2047,1.);
#2047 = DIRECTION('',(0.,1.));
#2048 = ( GEOMETRIC_REPRESENTATION_CONTEXT(2) 
PARAMETRIC_REPRESENTATION_CONTEXT() REPRESENTATION_CONTEXT('2D SPACE',''
  ) );
#2049 = ADVANCED_FACE('',(#2050),#1828,.T.);
#2050 = FACE_BOUND('',#2051,.T.);
#2051 = EDGE_LOOP('',(#2052,#2053,#2075,#2100));
#2052 = ORIENTED_EDGE('',*,*,#1815,.T.);
#2053 = ORIENTED_EDGE('',*,*,#2054,.T.);
#2054 = EDGE_CURVE('',#1794,#2055,#2057,.T.);
#2055 = VERTEX_POINT('',#2056);
#2056 = CARTESIAN_POINT('',(7.272727272727,0.,-0.545868055556));
#2057 = SURFACE_CURVE('',#2058,(#2061,#2068),.PCURVE_S1.);
#2058 = B_SPLINE_CURVE_WITH_KNOTS('',1,(#2059,#2060),.UNSPECIFIED.,.F.,
  .F.,(2,2),(0.,1.),.PIECEWISE_BEZIER_KNOTS.);
#2059 = CARTESIAN_POINT('',(6.363636363636,0.,-0.55));
#2060 = CARTESIAN_POINT('',(7.272727272727,0.,-0.545868055556));
#2061 = PCURVE('',#1828,#2062);
#2062 = DEFINITIONAL_REPRESENTATION('',(#2063),#2067);
#2063 = LINE('',#2064,#2065);
#2064 = CARTESIAN_POINT('',(1.571770521134,0.));
#2065 = VECTOR('',#2066,1.);
#2066 = DIRECTION('',(0.,1.));
#2067 = ( GEOMETRIC_REPRESENTATION_CONTEXT(2) 
PARAMETRIC_REPRESENTATION_CONTEXT() REPRESENTATION_CONTEXT('2D SPACE',''
  ) );
#2068 = PCURVE('',#1880,#2069);
#2069 = DEFINITIONAL_REPRESENTATION('',(#2070),#2074);
#2070 = LINE('',#2071,#2072);
#2071 = CARTESIAN_POINT('',(0.,0.));
#2072 = VECTOR('',#2073,1.);
#2073 = DIRECTION('',(0.,1.));
#2074 = ( GEOMETRIC_REPRESENTATION_CONTEXT(2) 
PARAMETRIC_REPRESENTATION_CONTEXT() REPRESENTATION_CONTEXT('2D SPACE',''
  ) );
#2075 = ORIENTED_EDGE('',*,*,#2076,.F.);
#2076 = EDGE_CURVE('',#1981,#2055,#2077,.T.);
#2077 = SURFACE_CURVE('',#2078,(#2082,#2088),.PCURVE_S1.);
#2078 = LINE('',#2079,#2080);
#2079 = CARTESIAN_POINT('',(7.272727272727,-1.393455812073,
    -0.323206748439));
#2080 = VECTOR('',#2081,1.);
#2081 = DIRECTION('',(0.,0.987472851387,-0.157788997632));
#2082 = PCURVE('',#1828,#2083);
#2083 = DEFINITIONAL_REPRESENTATION('',(#2084),#2087);
#2084 = B_SPLINE_CURVE_WITH_KNOTS('',1,(#2085,#2086),.UNSPECIFIED.,.F.,
  .F.,(2,2),(0.,1.411133288491),.PIECEWISE_BEZIER_KNOTS.);
#2085 = CARTESIAN_POINT('',(0.,1.));
#2086 = CARTESIAN_POINT('',(1.571770521134,1.));
#2087 = ( GEOMETRIC_REPRESENTATION_CONTEXT(2) 
PARAMETRIC_REPRESENTATION_CONTEXT() REPRESENTATION_CONTEXT('2D SPACE',''
  ) );
#2088 = PCURVE('',#2089,#2094);
#2089 = B_SPLINE_SURFACE_WITH_KNOTS('',1,1,(
    (#2090,#2091)
    ,(#2092,#2093
    )),.UNSPECIFIED.,.F.,.F.,.F.,(2,2),(2,2),(0.,1.411133288491),(0.,1.)
  ,.PIECEWISE_BEZIER_KNOTS.);
#2090 = CARTESIAN_POINT('',(7.272727272727,-1.393455812073,
    -0.323206748439));
#2091 = CARTESIAN_POINT('',(8.181818181818,-1.086451889229,
    -0.224449857602));
#2092 = CARTESIAN_POINT('',(7.272727272727,0.,-0.545868055556));
#2093 = CARTESIAN_POINT('',(8.181818181818,0.,-0.476805555556));
#2094 = DEFINITIONAL_REPRESENTATION('',(#2095),#2099);
#2095 = LINE('',#2096,#2097);
#2096 = CARTESIAN_POINT('',(0.,0.));
#2097 = VECTOR('',#2098,1.);
#2098 = DIRECTION('',(1.,0.));
#2099 = ( GEOMETRIC_REPRESENTATION_CONTEXT(2) 
PARAMETRIC_REPRESENTATION_CONTEXT() REPRESENTATION_CONTEXT('2D SPACE',''
  ) );
#2100 = ORIENTED_EDGE('',*,*,#1980,.F.);
#2101 = ADVANCED_FACE('',(#2102),#1880,.T.);
#2102 = FACE_BOUND('',#2103,.T.);
#2103 = EDGE_LOOP('',(#2104,#2105,#2127,#2152));
#2104 = ORIENTED_EDGE('',*,*,#1867,.T.);
#2105 = ORIENTED_EDGE('',*,*,#2106,.T.);
#2106 = EDGE_CURVE('',#1846,#2107,#2109,.T.);
#2107 = VERTEX_POINT('',#2108);
#2108 = CARTESIAN_POINT('',(7.272727272727,1.393455812073,
    -0.323206748439));
#2109 = SURFACE_CURVE('',#2110,(#2113,#2120),.PCURVE_S1.);
#2110 = B_SPLINE_CURVE_WITH_KNOTS('',1,(#2111,#2112),.UNSPECIFIED.,.F.,
  .F.,(2,2),(0.,1.),.PIECEWISE_BEZIER_KNOTS.);
#2111 = CARTESIAN_POINT('',(6.363636363636,1.556474158468,
    -0.331251822576));
#2112 = CARTESIAN_POINT('',(7.272727272727,1.393455812073,
    -0.323206748439));
#2113 = PCURVE('',#1880,#2114);
#2114 = DEFINITIONAL_REPRESENTATION('',(#2115),#2119);
#2115 = LINE('',#2116,#2117);
#2116 = CARTESIAN_POINT('',(1.571770521134,0.));
#2117 = VECTOR('',#2118,1.);
#2118 = DIRECTION('',(0.,1.));
#2119 = ( GEOMETRIC_REPRESENTATION_CONTEXT(2) 
PARAMETRIC_REPRESENTATION_CONTEXT() REPRESENTATION_CONTEXT('2D SPACE',''
  ) );
#2120 = PCURVE('',#1933,#2121);
#2121 = DEFINITIONAL_REPRESENTATION('',(#2122),#2126);
#2122 = LINE('',#2123,#2124);
#2123 = CARTESIAN_POINT('',(0.,0.));
#2124 = VECTOR('',#2125,1.);
#2125 = DIRECTION('',(0.,1.));
#2126 = ( GEOMETRIC_REPRESENTATION_CONTEXT(2) 
PARAMETRIC_REPRESENTATION_CONTEXT() REPRESENTATION_CONTEXT('2D SPACE',''
  ) );
#2127 = ORIENTED_EDGE('',*,*,#2128,.F.);
#2128 = EDGE_CURVE('',#2055,#2107,#2129,.T.);
#2129 = SURFACE_CURVE('',#2130,(#2134,#2140),.PCURVE_S1.);
#2130 = LINE('',#2131,#2132);
#2131 = CARTESIAN_POINT('',(7.272727272727,0.,-0.545868055556));
#2132 = VECTOR('',#2133,1.);
#2133 = DIRECTION('',(0.,0.987472851387,0.157788997632));
#2134 = PCURVE('',#1880,#2135);
#2135 = DEFINITIONAL_REPRESENTATION('',(#2136),#2139);
#2136 = B_SPLINE_CURVE_WITH_KNOTS('',1,(#2137,#2138),.UNSPECIFIED.,.F.,
  .F.,(2,2),(0.,1.411133288491),.PIECEWISE_BEZIER_KNOTS.);
#2137 = CARTESIAN_POINT('',(0.,1.));
#2138 = CARTESIAN_POINT('',(1.571770521134,1.));
#2139 = ( GEOMETRIC_REPRESENTATION_CONTEXT(2) 
PARAMETRIC_REPRESENTATION_CONTEXT() REPRESENTATION_CONTEXT('2D SPACE',''
  ) );
#2140 = PCURVE('',#2141,#2146);
#2141 = B_SPLINE_SURFACE_WITH_KNOTS('',1,1,(
    (#2142,#2143)
    ,(#2144,#2145
    )),.UNSPECIFIED.,.F.,.F.,.F.,(2,2),(2,2),(0.,1.411133288491),(0.,1.)
  ,.PIECEWISE_BEZIER_KNOTS.);
#2142 = CARTESIAN_POINT('',(7.272727272727,0.,-0.545868055556));
#2143 = CARTESIAN_POINT('',(8.181818181818,0.,-0.476805555556));
#2144 = CARTESIAN_POINT('',(7.272727272727,1.393455812073,
    -0.323206748439));
#2145 = CARTESIAN_POINT('',(8.181818181818,1.086451889229,
    -0.224449857602));
#2146 = DEFINITIONAL_REPRESENTATION('',(#2147),#2151);
#2147 = LINE('',#2148,#2149);
#2148 = CARTESIAN_POINT('',(0.,0.));
#2149 = VECTOR('',#2150,1.);
#2150 = DIRECTION('',(1.,0.));
#2151 = ( GEOMETRIC_REPRESENTATION_CONTEXT(2) 
PARAMETRIC_REPRESENTATION_CONTEXT() REPRESENTATION_CONTEXT('2D SPACE',''
  ) );
#2152 = ORIENTED_EDGE('',*,*,#2054,.F.);
#2153 = ADVANCED_FACE('',(#2154),#1933,.T.);
#2154 = FACE_BOUND('',#2155,.T.);
#2155 = EDGE_LOOP('',(#2156,#2157,#2179,#2205));
#2156 = ORIENTED_EDGE('',*,*,#1919,.T.);
#2157 = ORIENTED_EDGE('',*,*,#2158,.T.);
#2158 = EDGE_CURVE('',#1898,#2159,#2161,.T.);
#2159 = VERTEX_POINT('',#2160);
#2160 = CARTESIAN_POINT('',(7.272727272727,1.600904298775,1.043368686869
    ));
#2161 = SURFACE_CURVE('',#2162,(#2165,#2172),.PCURVE_S1.);
#2162 = B_SPLINE_CURVE_WITH_KNOTS('',1,(#2163,#2164),.UNSPECIFIED.,.F.,
  .F.,(2,2),(0.,1.),.PIECEWISE_BEZIER_KNOTS.);
#2163 = CARTESIAN_POINT('',(6.363636363636,1.785664723154,1.01048989899)
  );
#2164 = CARTESIAN_POINT('',(7.272727272727,1.600904298775,1.043368686869
    ));
#2165 = PCURVE('',#1933,#2166);
#2166 = DEFINITIONAL_REPRESENTATION('',(#2167),#2171);
#2167 = LINE('',#2168,#2169);
#2168 = CARTESIAN_POINT('',(1.382231274072,0.));
#2169 = VECTOR('',#2170,1.);
#2170 = DIRECTION('',(0.,1.));
#2171 = ( GEOMETRIC_REPRESENTATION_CONTEXT(2) 
PARAMETRIC_REPRESENTATION_CONTEXT() REPRESENTATION_CONTEXT('2D SPACE',''
  ) );
#2172 = PCURVE('',#1963,#2173);
#2173 = DEFINITIONAL_REPRESENTATION('',(#2174),#2178);
#2174 = LINE('',#2175,#2176);
#2175 = CARTESIAN_POINT('',(0.,0.));
#2176 = VECTOR('',#2177,1.);
#2177 = DIRECTION('',(0.,1.));
#2178 = ( GEOMETRIC_REPRESENTATION_CONTEXT(2) 
PARAMETRIC_REPRESENTATION_CONTEXT() REPRESENTATION_CONTEXT('2D SPACE',''
  ) );
#2179 = ORIENTED_EDGE('',*,*,#2180,.F.);
#2180 = EDGE_CURVE('',#2107,#2159,#2181,.T.);
#2181 = SURFACE_CURVE('',#2182,(#2186,#2193),.PCURVE_S1.);
#2182 = LINE('',#2183,#2184);
#2183 = CARTESIAN_POINT('',(7.272727272727,1.393455812073,
    -0.323206748439));
#2184 = VECTOR('',#2185,1.);
#2185 = DIRECTION('',(0.,0.150082327461,0.988673502722));
#2186 = PCURVE('',#1933,#2187);
#2187 = DEFINITIONAL_REPRESENTATION('',(#2188),#2192);
#2188 = LINE('',#2189,#2190);
#2189 = CARTESIAN_POINT('',(0.,1.));
#2190 = VECTOR('',#2191,1.);
#2191 = DIRECTION('',(1.,0.));
#2192 = ( GEOMETRIC_REPRESENTATION_CONTEXT(2) 
PARAMETRIC_REPRESENTATION_CONTEXT() REPRESENTATION_CONTEXT('2D SPACE',''
  ) );
#2193 = PCURVE('',#2194,#2199);
#2194 = B_SPLINE_SURFACE_WITH_KNOTS('',1,1,(
    (#2195,#2196)
    ,(#2197,#2198
    )),.UNSPECIFIED.,.F.,.F.,.F.,(2,2),(2,2),(0.,1.382231274072),(0.,1.)
  ,.PIECEWISE_BEZIER_KNOTS.);
#2195 = CARTESIAN_POINT('',(7.272727272727,1.393455812073,
    -0.323206748439));
#2196 = CARTESIAN_POINT('',(8.181818181818,1.086451889229,
    -0.224449857602));
#2197 = CARTESIAN_POINT('',(7.272727272727,1.600904298775,1.043368686869
    ));
#2198 = CARTESIAN_POINT('',(8.181818181818,1.245543634615,1.099262626263
    ));
#2199 = DEFINITIONAL_REPRESENTATION('',(#2200),#2204);
#2200 = LINE('',#2201,#2202);
#2201 = CARTESIAN_POINT('',(0.,0.));
#2202 = VECTOR('',#2203,1.);
#2203 = DIRECTION('',(1.,0.));
#2204 = ( GEOMETRIC_REPRESENTATION_CONTEXT(2) 
PARAMETRIC_REPRESENTATION_CONTEXT() REPRESENTATION_CONTEXT('2D SPACE',''
  ) );
#2205 = ORIENTED_EDGE('',*,*,#2106,.F.);
#2206 = ADVANCED_FACE('',(#2207),#1963,.T.);
#2207 = FACE_BOUND('',#2208,.T.);
#2208 = EDGE_LOOP('',(#2209,#2210,#2211,#2236));
#2209 = ORIENTED_EDGE('',*,*,#1950,.T.);
#2210 = ORIENTED_EDGE('',*,*,#2030,.T.);
#2211 = ORIENTED_EDGE('',*,*,#2212,.F.);
#2212 = EDGE_CURVE('',#2159,#2003,#2213,.T.);
#2213 = SURFACE_CURVE('',#2214,(#2218,#2224),.PCURVE_S1.);
#2214 = LINE('',#2215,#2216);
#2215 = CARTESIAN_POINT('',(7.272727272727,1.600904298775,1.043368686869
    ));
#2216 = VECTOR('',#2217,1.);
#2217 = DIRECTION('',(0.,-1.,0.));
#2218 = PCURVE('',#1963,#2219);
#2219 = DEFINITIONAL_REPRESENTATION('',(#2220),#2223);
#2220 = B_SPLINE_CURVE_WITH_KNOTS('',1,(#2221,#2222),.UNSPECIFIED.,.F.,
  .F.,(2,2),(0.,3.201808597551),.PIECEWISE_BEZIER_KNOTS.);
#2221 = CARTESIAN_POINT('',(0.,1.));
#2222 = CARTESIAN_POINT('',(3.571329446309,1.));
#2223 = ( GEOMETRIC_REPRESENTATION_CONTEXT(2) 
PARAMETRIC_REPRESENTATION_CONTEXT() REPRESENTATION_CONTEXT('2D SPACE',''
  ) );
#2224 = PCURVE('',#2225,#2230);
#2225 = B_SPLINE_SURFACE_WITH_KNOTS('',1,1,(
    (#2226,#2227)
    ,(#2228,#2229
    )),.UNSPECIFIED.,.F.,.F.,.F.,(2,2),(2,2),(0.,3.201808597551),(0.,1.)
  ,.PIECEWISE_BEZIER_KNOTS.);
#2226 = CARTESIAN_POINT('',(7.272727272727,1.600904298775,1.043368686869
    ));
#2227 = CARTESIAN_POINT('',(8.181818181818,1.245543634615,1.099262626263
    ));
#2228 = CARTESIAN_POINT('',(7.272727272727,-1.600904298775,
    1.043368686869));
#2229 = CARTESIAN_POINT('',(8.181818181818,-1.245543634615,
    1.099262626263));
#2230 = DEFINITIONAL_REPRESENTATION('',(#2231),#2235);
#2231 = LINE('',#2232,#2233);
#2232 = CARTESIAN_POINT('',(0.,0.));
#2233 = VECTOR('',#2234,1.);
#2234 = DIRECTION('',(1.,0.));
#2235 = ( GEOMETRIC_REPRESENTATION_CONTEXT(2) 
PARAMETRIC_REPRESENTATION_CONTEXT() REPRESENTATION_CONTEXT('2D SPACE',''
  ) );
#2236 = ORIENTED_EDGE('',*,*,#2158,.F.);
#2237 = ADVANCED_FACE('',(#2238),#2018,.T.);
#2238 = FACE_BOUND('',#2239,.T.);
#2239 = EDGE_LOOP('',(#2240,#2241,#2263,#2290));
#2240 = ORIENTED_EDGE('',*,*,#2002,.T.);
#2241 = ORIENTED_EDGE('',*,*,#2242,.T.);
#2242 = EDGE_CURVE('',#1981,#2243,#2245,.T.);
#2243 = VERTEX_POINT('',#2244);
#2244 = CARTESIAN_POINT('',(8.181818181818,-1.086451889229,
    -0.224449857602));
#2245 = SURFACE_CURVE('',#2246,(#2249,#2256),.PCURVE_S1.);
#2246 = B_SPLINE_CURVE_WITH_KNOTS('',1,(#2247,#2248),.UNSPECIFIED.,.F.,
  .F.,(2,2),(0.,1.),.PIECEWISE_BEZIER_KNOTS.);
#2247 = CARTESIAN_POINT('',(7.272727272727,-1.393455812073,
    -0.323206748439));
#2248 = CARTESIAN_POINT('',(8.181818181818,-1.086451889229,
    -0.224449857602));
#2249 = PCURVE('',#2018,#2250);
#2250 = DEFINITIONAL_REPRESENTATION('',(#2251),#2255);
#2251 = LINE('',#2252,#2253);
#2252 = CARTESIAN_POINT('',(1.382231274072,0.));
#2253 = VECTOR('',#2254,1.);
#2254 = DIRECTION('',(0.,1.));
#2255 = ( GEOMETRIC_REPRESENTATION_CONTEXT(2) 
PARAMETRIC_REPRESENTATION_CONTEXT() REPRESENTATION_CONTEXT('2D SPACE',''
  ) );
#2256 = PCURVE('',#2089,#2257);
#2257 = DEFINITIONAL_REPRESENTATION('',(#2258),#2262);
#2258 = LINE('',#2259,#2260);
#2259 = CARTESIAN_POINT('',(0.,0.));
#2260 = VECTOR('',#2261,1.);
#2261 = DIRECTION('',(0.,1.));
#2262 = ( GEOMETRIC_REPRESENTATION_CONTEXT(2) 
PARAMETRIC_REPRESENTATION_CONTEXT() REPRESENTATION_CONTEXT('2D SPACE',''
  ) );
#2263 = ORIENTED_EDGE('',*,*,#2264,.F.);
#2264 = EDGE_CURVE('',#2265,#2243,#2267,.T.);
#2265 = VERTEX_POINT('',#2266);
#2266 = CARTESIAN_POINT('',(8.181818181818,-1.245543634615,
    1.099262626263));
#2267 = SURFACE_CURVE('',#2268,(#2272,#2278),.PCURVE_S1.);
#2268 = LINE('',#2269,#2270);
#2269 = CARTESIAN_POINT('',(8.181818181818,-1.245543634615,
    1.099262626263));
#2270 = VECTOR('',#2271,1.);
#2271 = DIRECTION('',(0.,0.119327295338,-0.992854972585));
#2272 = PCURVE('',#2018,#2273);
#2273 = DEFINITIONAL_REPRESENTATION('',(#2274),#2277);
#2274 = B_SPLINE_CURVE_WITH_KNOTS('',1,(#2275,#2276),.UNSPECIFIED.,.F.,
  .F.,(2,2),(0.,1.333238509566),.PIECEWISE_BEZIER_KNOTS.);
#2275 = CARTESIAN_POINT('',(0.,1.));
#2276 = CARTESIAN_POINT('',(1.382231274072,1.));
#2277 = ( GEOMETRIC_REPRESENTATION_CONTEXT(2) 
PARAMETRIC_REPRESENTATION_CONTEXT() REPRESENTATION_CONTEXT('2D SPACE',''
  ) );
#2278 = PCURVE('',#2279,#2284);
#2279 = B_SPLINE_SURFACE_WITH_KNOTS('',1,1,(
    (#2280,#2281)
    ,(#2282,#2283
    )),.UNSPECIFIED.,.F.,.F.,.F.,(2,2),(2,2),(0.,1.333238509566),(0.,1.)
  ,.PIECEWISE_BEZIER_KNOTS.);
#2280 = CARTESIAN_POINT('',(8.181818181818,-1.245543634615,
    1.099262626263));
#2281 = CARTESIAN_POINT('',(9.090909090909,-0.737917095231,
    1.177858585859));
#2282 = CARTESIAN_POINT('',(8.181818181818,-1.086451889229,
    -0.224449857602));
#2283 = CARTESIAN_POINT('',(9.090909090909,-0.624683734897,
    -9.531047407278E-02));
#2284 = DEFINITIONAL_REPRESENTATION('',(#2285),#2289);
#2285 = LINE('',#2286,#2287);
#2286 = CARTESIAN_POINT('',(0.,0.));
#2287 = VECTOR('',#2288,1.);
#2288 = DIRECTION('',(1.,0.));
#2289 = ( GEOMETRIC_REPRESENTATION_CONTEXT(2) 
PARAMETRIC_REPRESENTATION_CONTEXT() REPRESENTATION_CONTEXT('2D SPACE',''
  ) );
#2290 = ORIENTED_EDGE('',*,*,#2291,.F.);
#2291 = EDGE_CURVE('',#2003,#2265,#2292,.T.);
#2292 = SURFACE_CURVE('',#2293,(#2296,#2303),.PCURVE_S1.);
#2293 = B_SPLINE_CURVE_WITH_KNOTS('',1,(#2294,#2295),.UNSPECIFIED.,.F.,
  .F.,(2,2),(0.,1.),.PIECEWISE_BEZIER_KNOTS.);
#2294 = CARTESIAN_POINT('',(7.272727272727,-1.600904298775,
    1.043368686869));
#2295 = CARTESIAN_POINT('',(8.181818181818,-1.245543634615,
    1.099262626263));
#2296 = PCURVE('',#2018,#2297);
#2297 = DEFINITIONAL_REPRESENTATION('',(#2298),#2302);
#2298 = LINE('',#2299,#2300);
#2299 = CARTESIAN_POINT('',(0.,0.));
#2300 = VECTOR('',#2301,1.);
#2301 = DIRECTION('',(0.,1.));
#2302 = ( GEOMETRIC_REPRESENTATION_CONTEXT(2) 
PARAMETRIC_REPRESENTATION_CONTEXT() REPRESENTATION_CONTEXT('2D SPACE',''
  ) );
#2303 = PCURVE('',#2225,#2304);
#2304 = DEFINITIONAL_REPRESENTATION('',(#2305),#2309);
#2305 = LINE('',#2306,#2307);
#2306 = CARTESIAN_POINT('',(3.201808597551,0.));
#2307 = VECTOR('',#2308,1.);
#2308 = DIRECTION('',(0.,1.));
#2309 = ( GEOMETRIC_REPRESENTATION_CONTEXT(2) 
PARAMETRIC_REPRESENTATION_CONTEXT() REPRESENTATION_CONTEXT('2D SPACE',''
  ) );
#2310 = ADVANCED_FACE('',(#2311),#2089,.T.);
#2311 = FACE_BOUND('',#2312,.T.);
#2312 = EDGE_LOOP('',(#2313,#2314,#2336,#2361));
#2313 = ORIENTED_EDGE('',*,*,#2076,.T.);
#2314 = ORIENTED_EDGE('',*,*,#2315,.T.);
#2315 = EDGE_CURVE('',#2055,#2316,#2318,.T.);
#2316 = VERTEX_POINT('',#2317);
#2317 = CARTESIAN_POINT('',(8.181818181818,0.,-0.476805555556));
#2318 = SURFACE_CURVE('',#2319,(#2322,#2329),.PCURVE_S1.);
#2319 = B_SPLINE_CURVE_WITH_KNOTS('',1,(#2320,#2321),.UNSPECIFIED.,.F.,
  .F.,(2,2),(0.,1.),.PIECEWISE_BEZIER_KNOTS.);
#2320 = CARTESIAN_POINT('',(7.272727272727,0.,-0.545868055556));
#2321 = CARTESIAN_POINT('',(8.181818181818,0.,-0.476805555556));
#2322 = PCURVE('',#2089,#2323);
#2323 = DEFINITIONAL_REPRESENTATION('',(#2324),#2328);
#2324 = LINE('',#2325,#2326);
#2325 = CARTESIAN_POINT('',(1.411133288491,0.));
#2326 = VECTOR('',#2327,1.);
#2327 = DIRECTION('',(0.,1.));
#2328 = ( GEOMETRIC_REPRESENTATION_CONTEXT(2) 
PARAMETRIC_REPRESENTATION_CONTEXT() REPRESENTATION_CONTEXT('2D SPACE',''
  ) );
#2329 = PCURVE('',#2141,#2330);
#2330 = DEFINITIONAL_REPRESENTATION('',(#2331),#2335);
#2331 = LINE('',#2332,#2333);
#2332 = CARTESIAN_POINT('',(0.,0.));
#2333 = VECTOR('',#2334,1.);
#2334 = DIRECTION('',(0.,1.));
#2335 = ( GEOMETRIC_REPRESENTATION_CONTEXT(2) 
PARAMETRIC_REPRESENTATION_CONTEXT() REPRESENTATION_CONTEXT('2D SPACE',''
  ) );
#2336 = ORIENTED_EDGE('',*,*,#2337,.F.);
#2337 = EDGE_CURVE('',#2243,#2316,#2338,.T.);
#2338 = SURFACE_CURVE('',#2339,(#2343,#2349),.PCURVE_S1.);
#2339 = LINE('',#2340,#2341);
#2340 = CARTESIAN_POINT('',(8.181818181818,-1.086451889229,
    -0.224449857602));
#2341 = VECTOR('',#2342,1.);
#2342 = DIRECTION('',(0.,0.974068823092,-0.226251912435));
#2343 = PCURVE('',#2089,#2344);
#2344 = DEFINITIONAL_REPRESENTATION('',(#2345),#2348);
#2345 = B_SPLINE_CURVE_WITH_KNOTS('',1,(#2346,#2347),.UNSPECIFIED.,.F.,
  .F.,(2,2),(0.,1.115374872363),.PIECEWISE_BEZIER_KNOTS.);
#2346 = CARTESIAN_POINT('',(0.,1.));
#2347 = CARTESIAN_POINT('',(1.411133288491,1.));
#2348 = ( GEOMETRIC_REPRESENTATION_CONTEXT(2) 
PARAMETRIC_REPRESENTATION_CONTEXT() REPRESENTATION_CONTEXT('2D SPACE',''
  ) );
#2349 = PCURVE('',#2350,#2355);
#2350 = B_SPLINE_SURFACE_WITH_KNOTS('',1,1,(
    (#2351,#2352)
    ,(#2353,#2354
    )),.UNSPECIFIED.,.F.,.F.,.F.,(2,2),(2,2),(0.,1.115374872363),(0.,1.)
  ,.PIECEWISE_BEZIER_KNOTS.);
#2351 = CARTESIAN_POINT('',(8.181818181818,-1.086451889229,
    -0.224449857602));
#2352 = CARTESIAN_POINT('',(9.090909090909,-0.624683734897,
    -9.531047407278E-02));
#2353 = CARTESIAN_POINT('',(8.181818181818,0.,-0.476805555556));
#2354 = CARTESIAN_POINT('',(9.090909090909,0.,-0.322152777778));
#2355 = DEFINITIONAL_REPRESENTATION('',(#2356),#2360);
#2356 = LINE('',#2357,#2358);
#2357 = CARTESIAN_POINT('',(0.,0.));
#2358 = VECTOR('',#2359,1.);
#2359 = DIRECTION('',(1.,0.));
#2360 = ( GEOMETRIC_REPRESENTATION_CONTEXT(2) 
PARAMETRIC_REPRESENTATION_CONTEXT() REPRESENTATION_CONTEXT('2D SPACE',''
  ) );
#2361 = ORIENTED_EDGE('',*,*,#2242,.F.);
#2362 = ADVANCED_FACE('',(#2363),#2141,.T.);
#2363 = FACE_BOUND('',#2364,.T.);
#2364 = EDGE_LOOP('',(#2365,#2366,#2388,#2413));
#2365 = ORIENTED_EDGE('',*,*,#2128,.T.);
#2366 = ORIENTED_EDGE('',*,*,#2367,.T.);
#2367 = EDGE_CURVE('',#2107,#2368,#2370,.T.);
#2368 = VERTEX_POINT('',#2369);
#2369 = CARTESIAN_POINT('',(8.181818181818,1.086451889229,
    -0.224449857602));
#2370 = SURFACE_CURVE('',#2371,(#2374,#2381),.PCURVE_S1.);
#2371 = B_SPLINE_CURVE_WITH_KNOTS('',1,(#2372,#2373),.UNSPECIFIED.,.F.,
  .F.,(2,2),(0.,1.),.PIECEWISE_BEZIER_KNOTS.);
#2372 = CARTESIAN_POINT('',(7.272727272727,1.393455812073,
    -0.323206748439));
#2373 = CARTESIAN_POINT('',(8.181818181818,1.086451889229,
    -0.224449857602));
#2374 = PCURVE('',#2141,#2375);
#2375 = DEFINITIONAL_REPRESENTATION('',(#2376),#2380);
#2376 = LINE('',#2377,#2378);
#2377 = CARTESIAN_POINT('',(1.411133288491,0.));
#2378 = VECTOR('',#2379,1.);
#2379 = DIRECTION('',(0.,1.));
#2380 = ( GEOMETRIC_REPRESENTATION_CONTEXT(2) 
PARAMETRIC_REPRESENTATION_CONTEXT() REPRESENTATION_CONTEXT('2D SPACE',''
  ) );
#2381 = PCURVE('',#2194,#2382);
#2382 = DEFINITIONAL_REPRESENTATION('',(#2383),#2387);
#2383 = LINE('',#2384,#2385);
#2384 = CARTESIAN_POINT('',(0.,0.));
#2385 = VECTOR('',#2386,1.);
#2386 = DIRECTION('',(0.,1.));
#2387 = ( GEOMETRIC_REPRESENTATION_CONTEXT(2) 
PARAMETRIC_REPRESENTATION_CONTEXT() REPRESENTATION_CONTEXT('2D SPACE',''
  ) );
#2388 = ORIENTED_EDGE('',*,*,#2389,.F.);
#2389 = EDGE_CURVE('',#2316,#2368,#2390,.T.);
#2390 = SURFACE_CURVE('',#2391,(#2395,#2401),.PCURVE_S1.);
#2391 = LINE('',#2392,#2393);
#2392 = CARTESIAN_POINT('',(8.181818181818,0.,-0.476805555556));
#2393 = VECTOR('',#2394,1.);
#2394 = DIRECTION('',(0.,0.974068823092,0.226251912435));
#2395 = PCURVE('',#2141,#2396);
#2396 = DEFINITIONAL_REPRESENTATION('',(#2397),#2400);
#2397 = B_SPLINE_CURVE_WITH_KNOTS('',1,(#2398,#2399),.UNSPECIFIED.,.F.,
  .F.,(2,2),(0.,1.115374872363),.PIECEWISE_BEZIER_KNOTS.);
#2398 = CARTESIAN_POINT('',(0.,1.));
#2399 = CARTESIAN_POINT('',(1.411133288491,1.));
#2400 = ( GEOMETRIC_REPRESENTATION_CONTEXT(2) 
PARAMETRIC_REPRESENTATION_CONTEXT() REPRESENTATION_CONTEXT('2D SPACE',''
  ) );
#2401 = PCURVE('',#2402,#2407);
#2402 = B_SPLINE_SURFACE_WITH_KNOTS('',1,1,(
    (#2403,#2404)
    ,(#2405,#2406
    )),.UNSPECIFIED.,.F.,.F.,.F.,(2,2),(2,2),(0.,1.115374872363),(0.,1.)
  ,.PIECEWISE_BEZIER_KNOTS.);
#2403 = CARTESIAN_POINT('',(8.181818181818,0.,-0.476805555556));
#2404 = CARTESIAN_POINT('',(9.090909090909,0.,-0.322152777778));
#2405 = CARTESIAN_POINT('',(8.181818181818,1.086451889229,
    -0.224449857602));
#2406 = CARTESIAN_POINT('',(9.090909090909,0.624683734897,
    -9.531047407278E-02));
#2407 = DEFINITIONAL_REPRESENTATION('',(#2408),#2412);
#2408 = LINE('',#2409,#2410);
#2409 = CARTESIAN_POINT('',(0.,0.));
#2410 = VECTOR('',#2411,1.);
#2411 = DIRECTION('',(1.,0.));
#2412 = ( GEOMETRIC_REPRESENTATION_CONTEXT(2) 
PARAMETRIC_REPRESENTATION_CONTEXT() REPRESENTATION_CONTEXT('2D SPACE',''
  ) );
#2413 = ORIENTED_EDGE('',*,*,#2315,.F.);
#2414 = ADVANCED_FACE('',(#2415),#2194,.T.);
#2415 = FACE_BOUND('',#2416,.T.);
#2416 = EDGE_LOOP('',(#2417,#2418,#2440,#2465));
#2417 = ORIENTED_EDGE('',*,*,#2180,.T.);
#2418 = ORIENTED_EDGE('',*,*,#2419,.T.);
#2419 = EDGE_CURVE('',#2159,#2420,#2422,.T.);
#2420 = VERTEX_POINT('',#2421);
#2421 = CARTESIAN_POINT('',(8.181818181818,1.245543634615,1.099262626263
    ));
#2422 = SURFACE_CURVE('',#2423,(#2426,#2433),.PCURVE_S1.);
#2423 = B_SPLINE_CURVE_WITH_KNOTS('',1,(#2424,#2425),.UNSPECIFIED.,.F.,
  .F.,(2,2),(0.,1.),.PIECEWISE_BEZIER_KNOTS.);
#2424 = CARTESIAN_POINT('',(7.272727272727,1.600904298775,1.043368686869
    ));
#2425 = CARTESIAN_POINT('',(8.181818181818,1.245543634615,1.099262626263
    ));
#2426 = PCURVE('',#2194,#2427);
#2427 = DEFINITIONAL_REPRESENTATION('',(#2428),#2432);
#2428 = LINE('',#2429,#2430);
#2429 = CARTESIAN_POINT('',(1.382231274072,0.));
#2430 = VECTOR('',#2431,1.);
#2431 = DIRECTION('',(0.,1.));
#2432 = ( GEOMETRIC_REPRESENTATION_CONTEXT(2) 
PARAMETRIC_REPRESENTATION_CONTEXT() REPRESENTATION_CONTEXT('2D SPACE',''
  ) );
#2433 = PCURVE('',#2225,#2434);
#2434 = DEFINITIONAL_REPRESENTATION('',(#2435),#2439);
#2435 = LINE('',#2436,#2437);
#2436 = CARTESIAN_POINT('',(0.,0.));
#2437 = VECTOR('',#2438,1.);
#2438 = DIRECTION('',(0.,1.));
#2439 = ( GEOMETRIC_REPRESENTATION_CONTEXT(2) 
PARAMETRIC_REPRESENTATION_CONTEXT() REPRESENTATION_CONTEXT('2D SPACE',''
  ) );
#2440 = ORIENTED_EDGE('',*,*,#2441,.F.);
#2441 = EDGE_CURVE('',#2368,#2420,#2442,.T.);
#2442 = SURFACE_CURVE('',#2443,(#2447,#2453),.PCURVE_S1.);
#2443 = LINE('',#2444,#2445);
#2444 = CARTESIAN_POINT('',(8.181818181818,1.086451889229,
    -0.224449857602));
#2445 = VECTOR('',#2446,1.);
#2446 = DIRECTION('',(0.,0.119327295338,0.992854972585));
#2447 = PCURVE('',#2194,#2448);
#2448 = DEFINITIONAL_REPRESENTATION('',(#2449),#2452);
#2449 = B_SPLINE_CURVE_WITH_KNOTS('',1,(#2450,#2451),.UNSPECIFIED.,.F.,
  .F.,(2,2),(0.,1.333238509566),.PIECEWISE_BEZIER_KNOTS.);
#2450 = CARTESIAN_POINT('',(0.,1.));
#2451 = CARTESIAN_POINT('',(1.382231274072,1.));
#2452 = ( GEOMETRIC_REPRESENTATION_CONTEXT(2) 
PARAMETRIC_REPRESENTATION_CONTEXT() REPRESENTATION_CONTEXT('2D SPACE',''
  ) );
#2453 = PCURVE('',#2454,#2459);
#2454 = B_SPLINE_SURFACE_WITH_KNOTS('',1,1,(
    (#2455,#2456)
    ,(#2457,#2458
    )),.UNSPECIFIED.,.F.,.F.,.F.,(2,2),(2,2),(0.,1.333238509566),(0.,1.)
  ,.PIECEWISE_BEZIER_KNOTS.);
#2455 = CARTESIAN_POINT('',(8.181818181818,1.086451889229,
    -0.224449857602));
#2456 = CARTESIAN_POINT('',(9.090909090909,0.624683734897,
    -9.531047407278E-02));
#2457 = CARTESIAN_POINT('',(8.181818181818,1.245543634615,1.099262626263
    ));
#2458 = CARTESIAN_POINT('',(9.090909090909,0.737917095231,1.177858585859
    ));
#2459 = DEFINITIONAL_REPRESENTATION('',(#2460),#2464);
#2460 = LINE('',#2461,#2462);
#2461 = CARTESIAN_POINT('',(0.,0.));
#2462 = VECTOR('',#2463,1.);
#2463 = DIRECTION('',(1.,0.));
#2464 = ( GEOMETRIC_REPRESENTATION_CONTEXT(2) 
PARAMETRIC_REPRESENTATION_CONTEXT() REPRESENTATION_CONTEXT('2D SPACE',''
  ) );
#2465 = ORIENTED_EDGE('',*,*,#2367,.F.);
#2466 = ADVANCED_FACE('',(#2467),#2225,.T.);
#2467 = FACE_BOUND('',#2468,.T.);
#2468 = EDGE_LOOP('',(#2469,#2470,#2471,#2496));
#2469 = ORIENTED_EDGE('',*,*,#2212,.T.);
#2470 = ORIENTED_EDGE('',*,*,#2291,.T.);
#2471 = ORIENTED_EDGE('',*,*,#2472,.F.);
#2472 = EDGE_CURVE('',#2420,#2265,#2473,.T.);
#2473 = SURFACE_CURVE('',#2474,(#2478,#2484),.PCURVE_S1.);
#2474 = LINE('',#2475,#2476);
#2475 = CARTESIAN_POINT('',(8.181818181818,1.245543634615,1.099262626263
    ));
#2476 = VECTOR('',#2477,1.);
#2477 = DIRECTION('',(0.,-1.,0.));
#2478 = PCURVE('',#2225,#2479);
#2479 = DEFINITIONAL_REPRESENTATION('',(#2480),#2483);
#2480 = B_SPLINE_CURVE_WITH_KNOTS('',1,(#2481,#2482),.UNSPECIFIED.,.F.,
  .F.,(2,2),(0.,2.491087269231),.PIECEWISE_BEZIER_KNOTS.);
#2481 = CARTESIAN_POINT('',(0.,1.));
#2482 = CARTESIAN_POINT('',(3.201808597551,1.));
#2483 = ( GEOMETRIC_REPRESENTATION_CONTEXT(2) 
PARAMETRIC_REPRESENTATION_CONTEXT() REPRESENTATION_CONTEXT('2D SPACE',''
  ) );
#2484 = PCURVE('',#2485,#2490);
#2485 = B_SPLINE_SURFACE_WITH_KNOTS('',1,1,(
    (#2486,#2487)
    ,(#2488,#2489
    )),.UNSPECIFIED.,.F.,.F.,.F.,(2,2),(2,2),(0.,2.491087269231),(0.,1.)
  ,.PIECEWISE_BEZIER_KNOTS.);
#2486 = CARTESIAN_POINT('',(8.181818181818,1.245543634615,1.099262626263
    ));
#2487 = CARTESIAN_POINT('',(9.090909090909,0.737917095231,1.177858585859
    ));
#2488 = CARTESIAN_POINT('',(8.181818181818,-1.245543634615,
    1.099262626263));
#2489 = CARTESIAN_POINT('',(9.090909090909,-0.737917095231,
    1.177858585859));
#2490 = DEFINITIONAL_REPRESENTATION('',(#2491),#2495);
#2491 = LINE('',#2492,#2493);
#2492 = CARTESIAN_POINT('',(0.,0.));
#2493 = VECTOR('',#2494,1.);
#2494 = DIRECTION('',(1.,0.));
#2495 = ( GEOMETRIC_REPRESENTATION_CONTEXT(2) 
PARAMETRIC_REPRESENTATION_CONTEXT() REPRESENTATION_CONTEXT('2D SPACE',''
  ) );
#2496 = ORIENTED_EDGE('',*,*,#2419,.F.);
#2497 = ADVANCED_FACE('',(#2498),#2279,.T.);
#2498 = FACE_BOUND('',#2499,.T.);
#2499 = EDGE_LOOP('',(#2500,#2501,#2523,#2549));
#2500 = ORIENTED_EDGE('',*,*,#2264,.T.);
#2501 = ORIENTED_EDGE('',*,*,#2502,.T.);
#2502 = EDGE_CURVE('',#2243,#2503,#2505,.T.);
#2503 = VERTEX_POINT('',#2504);
#2504 = CARTESIAN_POINT('',(9.090909090909,-0.624683734897,
    -9.531047407278E-02));
#2505 = SURFACE_CURVE('',#2506,(#2509,#2516),.PCURVE_S1.);
#2506 = B_SPLINE_CURVE_WITH_KNOTS('',1,(#2507,#2508),.UNSPECIFIED.,.F.,
  .F.,(2,2),(0.,1.),.PIECEWISE_BEZIER_KNOTS.);
#2507 = CARTESIAN_POINT('',(8.181818181818,-1.086451889229,
    -0.224449857602));
#2508 = CARTESIAN_POINT('',(9.090909090909,-0.624683734897,
    -9.531047407278E-02));
#2509 = PCURVE('',#2279,#2510);
#2510 = DEFINITIONAL_REPRESENTATION('',(#2511),#2515);
#2511 = LINE('',#2512,#2513);
#2512 = CARTESIAN_POINT('',(1.333238509566,0.));
#2513 = VECTOR('',#2514,1.);
#2514 = DIRECTION('',(0.,1.));
#2515 = ( GEOMETRIC_REPRESENTATION_CONTEXT(2) 
PARAMETRIC_REPRESENTATION_CONTEXT() REPRESENTATION_CONTEXT('2D SPACE',''
  ) );
#2516 = PCURVE('',#2350,#2517);
#2517 = DEFINITIONAL_REPRESENTATION('',(#2518),#2522);
#2518 = LINE('',#2519,#2520);
#2519 = CARTESIAN_POINT('',(0.,0.));
#2520 = VECTOR('',#2521,1.);
#2521 = DIRECTION('',(0.,1.));
#2522 = ( GEOMETRIC_REPRESENTATION_CONTEXT(2) 
PARAMETRIC_REPRESENTATION_CONTEXT() REPRESENTATION_CONTEXT('2D SPACE',''
  ) );
#2523 = ORIENTED_EDGE('',*,*,#2524,.F.);
#2524 = EDGE_CURVE('',#2525,#2503,#2527,.T.);
#2525 = VERTEX_POINT('',#2526);
#2526 = CARTESIAN_POINT('',(9.090909090909,-0.737917095231,
    1.177858585859));
#2527 = SURFACE_CURVE('',#2528,(#2532,#2538),.PCURVE_S1.);
#2528 = LINE('',#2529,#2530);
#2529 = CARTESIAN_POINT('',(9.090909090909,-0.737917095231,
    1.177858585859));
#2530 = VECTOR('',#2531,1.);
#2531 = DIRECTION('',(0.,8.858851914614E-02,-0.996068308037));
#2532 = PCURVE('',#2279,#2533);
#2533 = DEFINITIONAL_REPRESENTATION('',(#2534),#2537);
#2534 = B_SPLINE_CURVE_WITH_KNOTS('',1,(#2535,#2536),.UNSPECIFIED.,.F.,
  .F.,(2,2),(0.,1.278194527081),.PIECEWISE_BEZIER_KNOTS.);
#2535 = CARTESIAN_POINT('',(0.,1.));
#2536 = CARTESIAN_POINT('',(1.333238509566,1.));
#2537 = ( GEOMETRIC_REPRESENTATION_CONTEXT(2) 
PARAMETRIC_REPRESENTATION_CONTEXT() REPRESENTATION_CONTEXT('2D SPACE',''
  ) );
#2538 = PCURVE('',#2539,#2544);
#2539 = B_SPLINE_SURFACE_WITH_KNOTS('',1,1,(
    (#2540,#2541)
    ,(#2542,#2543
    )),.UNSPECIFIED.,.F.,.F.,.F.,(2,2),(2,2),(0.,1.3615),(0.,1.),
  .PIECEWISE_BEZIER_KNOTS.);
#2540 = CARTESIAN_POINT('',(9.090909090909,-0.737917095231,
    1.177858585859));
#2541 = CARTESIAN_POINT('',(10.,-2.E-03,1.279));
#2542 = CARTESIAN_POINT('',(9.090909090909,-0.624683734897,
    -9.531047407278E-02));
#2543 = CARTESIAN_POINT('',(10.,-2.E-03,-8.25E-02));
#2544 = DEFINITIONAL_REPRESENTATION('',(#2545),#2548);
#2545 = B_SPLINE_CURVE_WITH_KNOTS('',1,(#2546,#2547),.UNSPECIFIED.,.F.,
  .F.,(2,2),(0.,1.278194527081),.PIECEWISE_BEZIER_KNOTS.);
#2546 = CARTESIAN_POINT('',(0.,0.));
#2547 = CARTESIAN_POINT('',(1.3615,0.));
#2548 = ( GEOMETRIC_REPRESENTATION_CONTEXT(2) 
PARAMETRIC_REPRESENTATION_CONTEXT() REPRESENTATION_CONTEXT('2D SPACE',''
  ) );
#2549 = ORIENTED_EDGE('',*,*,#2550,.F.);
#2550 = EDGE_CURVE('',#2265,#2525,#2551,.T.);
#2551 = SURFACE_CURVE('',#2552,(#2555,#2562),.PCURVE_S1.);
#2552 = B_SPLINE_CURVE_WITH_KNOTS('',1,(#2553,#2554),.UNSPECIFIED.,.F.,
  .F.,(2,2),(0.,1.),.PIECEWISE_BEZIER_KNOTS.);
#2553 = CARTESIAN_POINT('',(8.181818181818,-1.245543634615,
    1.099262626263));
#2554 = CARTESIAN_POINT('',(9.090909090909,-0.737917095231,
    1.177858585859));
#2555 = PCURVE('',#2279,#2556);
#2556 = DEFINITIONAL_REPRESENTATION('',(#2557),#2561);
#2557 = LINE('',#2558,#2559);
#2558 = CARTESIAN_POINT('',(0.,0.));
#2559 = VECTOR('',#2560,1.);
#2560 = DIRECTION('',(0.,1.));
#2561 = ( GEOMETRIC_REPRESENTATION_CONTEXT(2) 
PARAMETRIC_REPRESENTATION_CONTEXT() REPRESENTATION_CONTEXT('2D SPACE',''
  ) );
#2562 = PCURVE('',#2485,#2563);
#2563 = DEFINITIONAL_REPRESENTATION('',(#2564),#2568);
#2564 = LINE('',#2565,#2566);
#2565 = CARTESIAN_POINT('',(2.491087269231,0.));
#2566 = VECTOR('',#2567,1.);
#2567 = DIRECTION('',(0.,1.));
#2568 = ( GEOMETRIC_REPRESENTATION_CONTEXT(2) 
PARAMETRIC_REPRESENTATION_CONTEXT() REPRESENTATION_CONTEXT('2D SPACE',''
  ) );
#2569 = ADVANCED_FACE('',(#2570),#2350,.T.);
#2570 = FACE_BOUND('',#2571,.T.);
#2571 = EDGE_LOOP('',(#2572,#2573,#2595,#2620));
#2572 = ORIENTED_EDGE('',*,*,#2337,.T.);
#2573 = ORIENTED_EDGE('',*,*,#2574,.T.);
#2574 = EDGE_CURVE('',#2316,#2575,#2577,.T.);
#2575 = VERTEX_POINT('',#2576);
#2576 = CARTESIAN_POINT('',(9.090909090909,0.,-0.322152777778));
#2577 = SURFACE_CURVE('',#2578,(#2581,#2588),.PCURVE_S1.);
#2578 = B_SPLINE_CURVE_WITH_KNOTS('',1,(#2579,#2580),.UNSPECIFIED.,.F.,
  .F.,(2,2),(0.,1.),.PIECEWISE_BEZIER_KNOTS.);
#2579 = CARTESIAN_POINT('',(8.181818181818,0.,-0.476805555556));
#2580 = CARTESIAN_POINT('',(9.090909090909,0.,-0.322152777778));
#2581 = PCURVE('',#2350,#2582);
#2582 = DEFINITIONAL_REPRESENTATION('',(#2583),#2587);
#2583 = LINE('',#2584,#2585);
#2584 = CARTESIAN_POINT('',(1.115374872363,0.));
#2585 = VECTOR('',#2586,1.);
#2586 = DIRECTION('',(0.,1.));
#2587 = ( GEOMETRIC_REPRESENTATION_CONTEXT(2) 
PARAMETRIC_REPRESENTATION_CONTEXT() REPRESENTATION_CONTEXT('2D SPACE',''
  ) );
#2588 = PCURVE('',#2402,#2589);
#2589 = DEFINITIONAL_REPRESENTATION('',(#2590),#2594);
#2590 = LINE('',#2591,#2592);
#2591 = CARTESIAN_POINT('',(0.,0.));
#2592 = VECTOR('',#2593,1.);
#2593 = DIRECTION('',(0.,1.));
#2594 = ( GEOMETRIC_REPRESENTATION_CONTEXT(2) 
PARAMETRIC_REPRESENTATION_CONTEXT() REPRESENTATION_CONTEXT('2D SPACE',''
  ) );
#2595 = ORIENTED_EDGE('',*,*,#2596,.F.);
#2596 = EDGE_CURVE('',#2503,#2575,#2597,.T.);
#2597 = SURFACE_CURVE('',#2598,(#2602,#2608),.PCURVE_S1.);
#2598 = LINE('',#2599,#2600);
#2599 = CARTESIAN_POINT('',(9.090909090909,-0.624683734897,
    -9.531047407278E-02));
#2600 = VECTOR('',#2601,1.);
#2601 = DIRECTION('',(0.,0.939945756789,-0.341323855443));
#2602 = PCURVE('',#2350,#2603);
#2603 = DEFINITIONAL_REPRESENTATION('',(#2604),#2607);
#2604 = B_SPLINE_CURVE_WITH_KNOTS('',1,(#2605,#2606),.UNSPECIFIED.,.F.,
  .F.,(2,2),(0.,0.664595515629),.PIECEWISE_BEZIER_KNOTS.);
#2605 = CARTESIAN_POINT('',(0.,1.));
#2606 = CARTESIAN_POINT('',(1.115374872363,1.));
#2607 = ( GEOMETRIC_REPRESENTATION_CONTEXT(2) 
PARAMETRIC_REPRESENTATION_CONTEXT() REPRESENTATION_CONTEXT('2D SPACE',''
  ) );
#2608 = PCURVE('',#2609,#2614);
#2609 = B_SPLINE_SURFACE_WITH_KNOTS('',1,1,(
    (#2610,#2611)
    ,(#2612,#2613
    )),.UNSPECIFIED.,.F.,.F.,.F.,(2,2),(2,2),(0.,0.664595515629),(0.,1.)
  ,.PIECEWISE_BEZIER_KNOTS.);
#2610 = CARTESIAN_POINT('',(9.090909090909,-0.624683734897,
    -9.531047407278E-02));
#2611 = CARTESIAN_POINT('',(10.,-2.E-03,-8.25E-02));
#2612 = CARTESIAN_POINT('',(9.090909090909,0.,-0.322152777778));
#2613 = CARTESIAN_POINT('',(10.,0.,-8.25E-02));
#2614 = DEFINITIONAL_REPRESENTATION('',(#2615),#2619);
#2615 = LINE('',#2616,#2617);
#2616 = CARTESIAN_POINT('',(0.,0.));
#2617 = VECTOR('',#2618,1.);
#2618 = DIRECTION('',(1.,0.));
#2619 = ( GEOMETRIC_REPRESENTATION_CONTEXT(2) 
PARAMETRIC_REPRESENTATION_CONTEXT() REPRESENTATION_CONTEXT('2D SPACE',''
  ) );
#2620 = ORIENTED_EDGE('',*,*,#2502,.F.);
#2621 = ADVANCED_FACE('',(#2622),#2402,.T.);
#2622 = FACE_BOUND('',#2623,.T.);
#2623 = EDGE_LOOP('',(#2624,#2625,#2647,#2672));
#2624 = ORIENTED_EDGE('',*,*,#2389,.T.);
#2625 = ORIENTED_EDGE('',*,*,#2626,.T.);
#2626 = EDGE_CURVE('',#2368,#2627,#2629,.T.);
#2627 = VERTEX_POINT('',#2628);
#2628 = CARTESIAN_POINT('',(9.090909090909,0.624683734897,
    -9.531047407278E-02));
#2629 = SURFACE_CURVE('',#2630,(#2633,#2640),.PCURVE_S1.);
#2630 = B_SPLINE_CURVE_WITH_KNOTS('',1,(#2631,#2632),.UNSPECIFIED.,.F.,
  .F.,(2,2),(0.,1.),.PIECEWISE_BEZIER_KNOTS.);
#2631 = CARTESIAN_POINT('',(8.181818181818,1.086451889229,
    -0.224449857602));
#2632 = CARTESIAN_POINT('',(9.090909090909,0.624683734897,
    -9.531047407278E-02));
#2633 = PCURVE('',#2402,#2634);
#2634 = DEFINITIONAL_REPRESENTATION('',(#2635),#2639);
#2635 = LINE('',#2636,#2637);
#2636 = CARTESIAN_POINT('',(1.115374872363,0.));
#2637 = VECTOR('',#2638,1.);
#2638 = DIRECTION('',(0.,1.));
#2639 = ( GEOMETRIC_REPRESENTATION_CONTEXT(2) 
PARAMETRIC_REPRESENTATION_CONTEXT() REPRESENTATION_CONTEXT('2D SPACE',''
  ) );
#2640 = PCURVE('',#2454,#2641);
#2641 = DEFINITIONAL_REPRESENTATION('',(#2642),#2646);
#2642 = LINE('',#2643,#2644);
#2643 = CARTESIAN_POINT('',(0.,0.));
#2644 = VECTOR('',#2645,1.);
#2645 = DIRECTION('',(0.,1.));
#2646 = ( GEOMETRIC_REPRESENTATION_CONTEXT(2) 
PARAMETRIC_REPRESENTATION_CONTEXT() REPRESENTATION_CONTEXT('2D SPACE',''
  ) );
#2647 = ORIENTED_EDGE('',*,*,#2648,.F.);
#2648 = EDGE_CURVE('',#2575,#2627,#2649,.T.);
#2649 = SURFACE_CURVE('',#2650,(#2654,#2660),.PCURVE_S1.);
#2650 = LINE('',#2651,#2652);
#2651 = CARTESIAN_POINT('',(9.090909090909,0.,-0.322152777778));
#2652 = VECTOR('',#2653,1.);
#2653 = DIRECTION('',(0.,0.939945756789,0.341323855443));
#2654 = PCURVE('',#2402,#2655);
#2655 = DEFINITIONAL_REPRESENTATION('',(#2656),#2659);
#2656 = B_SPLINE_CURVE_WITH_KNOTS('',1,(#2657,#2658),.UNSPECIFIED.,.F.,
  .F.,(2,2),(0.,0.664595515629),.PIECEWISE_BEZIER_KNOTS.);
#2657 = CARTESIAN_POINT('',(0.,1.));
#2658 = CARTESIAN_POINT('',(1.115374872363,1.));
#2659 = ( GEOMETRIC_REPRESENTATION_CONTEXT(2) 
PARAMETRIC_REPRESENTATION_CONTEXT() REPRESENTATION_CONTEXT('2D SPACE',''
  ) );
#2660 = PCURVE('',#2661,#2666);
#2661 = B_SPLINE_SURFACE_WITH_KNOTS('',1,1,(
    (#2662,#2663)
    ,(#2664,#2665
    )),.UNSPECIFIED.,.F.,.F.,.F.,(2,2),(2,2),(0.,0.664595515629),(0.,1.)
  ,.PIECEWISE_BEZIER_KNOTS.);
#2662 = CARTESIAN_POINT('',(9.090909090909,0.,-0.322152777778));
#2663 = CARTESIAN_POINT('',(10.,0.,-8.25E-02));
#2664 = CARTESIAN_POINT('',(9.090909090909,0.624683734897,
    -9.531047407278E-02));
#2665 = CARTESIAN_POINT('',(10.,2.E-03,-8.25E-02));
#2666 = DEFINITIONAL_REPRESENTATION('',(#2667),#2671);
#2667 = LINE('',#2668,#2669);
#2668 = CARTESIAN_POINT('',(0.,0.));
#2669 = VECTOR('',#2670,1.);
#2670 = DIRECTION('',(1.,0.));
#2671 = ( GEOMETRIC_REPRESENTATION_CONTEXT(2) 
PARAMETRIC_REPRESENTATION_CONTEXT() REPRESENTATION_CONTEXT('2D SPACE',''
  ) );
#2672 = ORIENTED_EDGE('',*,*,#2574,.F.);
#2673 = ADVANCED_FACE('',(#2674),#2454,.T.);
#2674 = FACE_BOUND('',#2675,.T.);
#2675 = EDGE_LOOP('',(#2676,#2677,#2699,#2723));
#2676 = ORIENTED_EDGE('',*,*,#2441,.T.);
#2677 = ORIENTED_EDGE('',*,*,#2678,.T.);
#2678 = EDGE_CURVE('',#2420,#2679,#2681,.T.);
#2679 = VERTEX_POINT('',#2680);
#2680 = CARTESIAN_POINT('',(9.090909090909,0.737917095231,1.177858585859
    ));
#2681 = SURFACE_CURVE('',#2682,(#2685,#2692),.PCURVE_S1.);
#2682 = B_SPLINE_CURVE_WITH_KNOTS('',1,(#2683,#2684),.UNSPECIFIED.,.F.,
  .F.,(2,2),(0.,1.),.PIECEWISE_BEZIER_KNOTS.);
#2683 = CARTESIAN_POINT('',(8.181818181818,1.245543634615,1.099262626263
    ));
#2684 = CARTESIAN_POINT('',(9.090909090909,0.737917095231,1.177858585859
    ));
#2685 = PCURVE('',#2454,#2686);
#2686 = DEFINITIONAL_REPRESENTATION('',(#2687),#2691);
#2687 = LINE('',#2688,#2689);
#2688 = CARTESIAN_POINT('',(1.333238509566,0.));
#2689 = VECTOR('',#2690,1.);
#2690 = DIRECTION('',(0.,1.));
#2691 = ( GEOMETRIC_REPRESENTATION_CONTEXT(2) 
PARAMETRIC_REPRESENTATION_CONTEXT() REPRESENTATION_CONTEXT('2D SPACE',''
  ) );
#2692 = PCURVE('',#2485,#2693);
#2693 = DEFINITIONAL_REPRESENTATION('',(#2694),#2698);
#2694 = LINE('',#2695,#2696);
#2695 = CARTESIAN_POINT('',(0.,0.));
#2696 = VECTOR('',#2697,1.);
#2697 = DIRECTION('',(0.,1.));
#2698 = ( GEOMETRIC_REPRESENTATION_CONTEXT(2) 
PARAMETRIC_REPRESENTATION_CONTEXT() REPRESENTATION_CONTEXT('2D SPACE',''
  ) );
#2699 = ORIENTED_EDGE('',*,*,#2700,.F.);
#2700 = EDGE_CURVE('',#2627,#2679,#2701,.T.);
#2701 = SURFACE_CURVE('',#2702,(#2706,#2712),.PCURVE_S1.);
#2702 = LINE('',#2703,#2704);
#2703 = CARTESIAN_POINT('',(9.090909090909,0.624683734897,
    -9.531047407278E-02));
#2704 = VECTOR('',#2705,1.);
#2705 = DIRECTION('',(0.,8.858851914614E-02,0.996068308037));
#2706 = PCURVE('',#2454,#2707);
#2707 = DEFINITIONAL_REPRESENTATION('',(#2708),#2711);
#2708 = B_SPLINE_CURVE_WITH_KNOTS('',1,(#2709,#2710),.UNSPECIFIED.,.F.,
  .F.,(2,2),(0.,1.278194527081),.PIECEWISE_BEZIER_KNOTS.);
#2709 = CARTESIAN_POINT('',(0.,1.));
#2710 = CARTESIAN_POINT('',(1.333238509566,1.));
#2711 = ( GEOMETRIC_REPRESENTATION_CONTEXT(2) 
PARAMETRIC_REPRESENTATION_CONTEXT() REPRESENTATION_CONTEXT('2D SPACE',''
  ) );
#2712 = PCURVE('',#2713,#2718);
#2713 = B_SPLINE_SURFACE_WITH_KNOTS('',1,1,(
    (#2714,#2715)
    ,(#2716,#2717
    )),.UNSPECIFIED.,.F.,.F.,.F.,(2,2),(2,2),(0.,1.3615),(0.,1.),
  .PIECEWISE_BEZIER_KNOTS.);
#2714 = CARTESIAN_POINT('',(9.090909090909,0.624683734897,
    -9.531047407278E-02));
#2715 = CARTESIAN_POINT('',(10.,2.E-03,-8.25E-02));
#2716 = CARTESIAN_POINT('',(9.090909090909,0.737917095231,1.177858585859
    ));
#2717 = CARTESIAN_POINT('',(10.,2.E-03,1.279));
#2718 = DEFINITIONAL_REPRESENTATION('',(#2719),#2722);
#2719 = B_SPLINE_CURVE_WITH_KNOTS('',1,(#2720,#2721),.UNSPECIFIED.,.F.,
  .F.,(2,2),(0.,1.278194527081),.PIECEWISE_BEZIER_KNOTS.);
#2720 = CARTESIAN_POINT('',(0.,0.));
#2721 = CARTESIAN_POINT('',(1.3615,0.));
#2722 = ( GEOMETRIC_REPRESENTATION_CONTEXT(2) 
PARAMETRIC_REPRESENTATION_CONTEXT() REPRESENTATION_CONTEXT('2D SPACE',''
  ) );
#2723 = ORIENTED_EDGE('',*,*,#2626,.F.);
#2724 = ADVANCED_FACE('',(#2725),#2485,.T.);
#2725 = FACE_BOUND('',#2726,.T.);
#2726 = EDGE_LOOP('',(#2727,#2728,#2729,#2754));
#2727 = ORIENTED_EDGE('',*,*,#2472,.T.);
#2728 = ORIENTED_EDGE('',*,*,#2550,.T.);
#2729 = ORIENTED_EDGE('',*,*,#2730,.F.);
#2730 = EDGE_CURVE('',#2679,#2525,#2731,.T.);
#2731 = SURFACE_CURVE('',#2732,(#2736,#2742),.PCURVE_S1.);
#2732 = LINE('',#2733,#2734);
#2733 = CARTESIAN_POINT('',(9.090909090909,0.737917095231,1.177858585859
    ));
#2734 = VECTOR('',#2735,1.);
#2735 = DIRECTION('',(0.,-1.,0.));
#2736 = PCURVE('',#2485,#2737);
#2737 = DEFINITIONAL_REPRESENTATION('',(#2738),#2741);
#2738 = B_SPLINE_CURVE_WITH_KNOTS('',1,(#2739,#2740),.UNSPECIFIED.,.F.,
  .F.,(2,2),(0.,1.475834190463),.PIECEWISE_BEZIER_KNOTS.);
#2739 = CARTESIAN_POINT('',(0.,1.));
#2740 = CARTESIAN_POINT('',(2.491087269231,1.));
#2741 = ( GEOMETRIC_REPRESENTATION_CONTEXT(2) 
PARAMETRIC_REPRESENTATION_CONTEXT() REPRESENTATION_CONTEXT('2D SPACE',''
  ) );
#2742 = PCURVE('',#2743,#2748);
#2743 = B_SPLINE_SURFACE_WITH_KNOTS('',1,1,(
    (#2744,#2745)
    ,(#2746,#2747
    )),.UNSPECIFIED.,.F.,.F.,.F.,(2,2),(2,2),(0.,1.475834190463),(0.,1.)
  ,.PIECEWISE_BEZIER_KNOTS.);
#2744 = CARTESIAN_POINT('',(9.090909090909,0.737917095231,1.177858585859
    ));
#2745 = CARTESIAN_POINT('',(10.,2.E-03,1.279));
#2746 = CARTESIAN_POINT('',(9.090909090909,-0.737917095231,
    1.177858585859));
#2747 = CARTESIAN_POINT('',(10.,-2.E-03,1.279));
#2748 = DEFINITIONAL_REPRESENTATION('',(#2749),#2753);
#2749 = LINE('',#2750,#2751);
#2750 = CARTESIAN_POINT('',(0.,0.));
#2751 = VECTOR('',#2752,1.);
#2752 = DIRECTION('',(1.,0.));
#2753 = ( GEOMETRIC_REPRESENTATION_CONTEXT(2) 
PARAMETRIC_REPRESENTATION_CONTEXT() REPRESENTATION_CONTEXT('2D SPACE',''
  ) );
#2754 = ORIENTED_EDGE('',*,*,#2678,.F.);
#2755 = ADVANCED_FACE('',(#2756),#2539,.T.);
#2756 = FACE_BOUND('',#2757,.T.);
#2757 = EDGE_LOOP('',(#2758,#2759,#2781,#2809));
#2758 = ORIENTED_EDGE('',*,*,#2524,.T.);
#2759 = ORIENTED_EDGE('',*,*,#2760,.T.);
#2760 = EDGE_CURVE('',#2503,#2761,#2763,.T.);
#2761 = VERTEX_POINT('',#2762);
#2762 = CARTESIAN_POINT('',(10.,-2.E-03,-8.25E-02));
#2763 = SURFACE_CURVE('',#2764,(#2767,#2774),.PCURVE_S1.);
#2764 = B_SPLINE_CURVE_WITH_KNOTS('',1,(#2765,#2766),.UNSPECIFIED.,.F.,
  .F.,(2,2),(0.,1.),.PIECEWISE_BEZIER_KNOTS.);
#2765 = CARTESIAN_POINT('',(9.090909090909,-0.624683734897,
    -9.531047407278E-02));
#2766 = CARTESIAN_POINT('',(10.,-2.E-03,-8.25E-02));
#2767 = PCURVE('',#2539,#2768);
#2768 = DEFINITIONAL_REPRESENTATION('',(#2769),#2773);
#2769 = LINE('',#2770,#2771);
#2770 = CARTESIAN_POINT('',(1.3615,0.));
#2771 = VECTOR('',#2772,1.);
#2772 = DIRECTION('',(0.,1.));
#2773 = ( GEOMETRIC_REPRESENTATION_CONTEXT(2) 
PARAMETRIC_REPRESENTATION_CONTEXT() REPRESENTATION_CONTEXT('2D SPACE',''
  ) );
#2774 = PCURVE('',#2609,#2775);
#2775 = DEFINITIONAL_REPRESENTATION('',(#2776),#2780);
#2776 = LINE('',#2777,#2778);
#2777 = CARTESIAN_POINT('',(0.,0.));
#2778 = VECTOR('',#2779,1.);
#2779 = DIRECTION('',(0.,1.));
#2780 = ( GEOMETRIC_REPRESENTATION_CONTEXT(2) 
PARAMETRIC_REPRESENTATION_CONTEXT() REPRESENTATION_CONTEXT('2D SPACE',''
  ) );
#2781 = ORIENTED_EDGE('',*,*,#2782,.F.);
#2782 = EDGE_CURVE('',#2783,#2761,#2785,.T.);
#2783 = VERTEX_POINT('',#2784);
#2784 = CARTESIAN_POINT('',(10.,-2.E-03,1.279));
#2785 = SURFACE_CURVE('',#2786,(#2790,#2797),.PCURVE_S1.);
#2786 = LINE('',#2787,#2788);
#2787 = CARTESIAN_POINT('',(10.,-2.E-03,1.279));
#2788 = VECTOR('',#2789,1.);
#2789 = DIRECTION('',(0.,0.,-1.));
#2790 = PCURVE('',#2539,#2791);
#2791 = DEFINITIONAL_REPRESENTATION('',(#2792),#2796);
#2792 = LINE('',#2793,#2794);
#2793 = CARTESIAN_POINT('',(0.,1.));
#2794 = VECTOR('',#2795,1.);
#2795 = DIRECTION('',(1.,0.));
#2796 = ( GEOMETRIC_REPRESENTATION_CONTEXT(2) 
PARAMETRIC_REPRESENTATION_CONTEXT() REPRESENTATION_CONTEXT('2D SPACE',''
  ) );
#2797 = PCURVE('',#2798,#2803);
#2798 = PLANE('',#2799);
#2799 = AXIS2_PLACEMENT_3D('',#2800,#2801,#2802);
#2800 = CARTESIAN_POINT('',(10.,-2.E-03,1.279));
#2801 = DIRECTION('',(-1.,0.,0.));
#2802 = DIRECTION('',(0.,2.93792342062E-03,-0.999995684294));
#2803 = DEFINITIONAL_REPRESENTATION('',(#2804),#2808);
#2804 = LINE('',#2805,#2806);
#2805 = CARTESIAN_POINT('',(0.,-0.));
#2806 = VECTOR('',#2807,1.);
#2807 = DIRECTION('',(0.999995684294,2.93792342062E-03));
#2808 = ( GEOMETRIC_REPRESENTATION_CONTEXT(2) 
PARAMETRIC_REPRESENTATION_CONTEXT() REPRESENTATION_CONTEXT('2D SPACE',''
  ) );
#2809 = ORIENTED_EDGE('',*,*,#2810,.F.);
#2810 = EDGE_CURVE('',#2525,#2783,#2811,.T.);
#2811 = SURFACE_CURVE('',#2812,(#2815,#2822),.PCURVE_S1.);
#2812 = B_SPLINE_CURVE_WITH_KNOTS('',1,(#2813,#2814),.UNSPECIFIED.,.F.,
  .F.,(2,2),(0.,1.),.PIECEWISE_BEZIER_KNOTS.);
#2813 = CARTESIAN_POINT('',(9.090909090909,-0.737917095231,
    1.177858585859));
#2814 = CARTESIAN_POINT('',(10.,-2.E-03,1.279));
#2815 = PCURVE('',#2539,#2816);
#2816 = DEFINITIONAL_REPRESENTATION('',(#2817),#2821);
#2817 = LINE('',#2818,#2819);
#2818 = CARTESIAN_POINT('',(0.,0.));
#2819 = VECTOR('',#2820,1.);
#2820 = DIRECTION('',(0.,1.));
#2821 = ( GEOMETRIC_REPRESENTATION_CONTEXT(2) 
PARAMETRIC_REPRESENTATION_CONTEXT() REPRESENTATION_CONTEXT('2D SPACE',''
  ) );
#2822 = PCURVE('',#2743,#2823);
#2823 = DEFINITIONAL_REPRESENTATION('',(#2824),#2828);
#2824 = LINE('',#2825,#2826);
#2825 = CARTESIAN_POINT('',(1.475834190463,0.));
#2826 = VECTOR('',#2827,1.);
#2827 = DIRECTION('',(0.,1.));
#2828 = ( GEOMETRIC_REPRESENTATION_CONTEXT(2) 
PARAMETRIC_REPRESENTATION_CONTEXT() REPRESENTATION_CONTEXT('2D SPACE',''
  ) );
#2829 = ADVANCED_FACE('',(#2830),#2609,.T.);
#2830 = FACE_BOUND('',#2831,.T.);
#2831 = EDGE_LOOP('',(#2832,#2833,#2855,#2875));
#2832 = ORIENTED_EDGE('',*,*,#2596,.T.);
#2833 = ORIENTED_EDGE('',*,*,#2834,.T.);
#2834 = EDGE_CURVE('',#2575,#2835,#2837,.T.);
#2835 = VERTEX_POINT('',#2836);
#2836 = CARTESIAN_POINT('',(10.,0.,-8.25E-02));
#2837 = SURFACE_CURVE('',#2838,(#2841,#2848),.PCURVE_S1.);
#2838 = B_SPLINE_CURVE_WITH_KNOTS('',1,(#2839,#2840),.UNSPECIFIED.,.F.,
  .F.,(2,2),(0.,1.),.PIECEWISE_BEZIER_KNOTS.);
#2839 = CARTESIAN_POINT('',(9.090909090909,0.,-0.322152777778));
#2840 = CARTESIAN_POINT('',(10.,0.,-8.25E-02));
#2841 = PCURVE('',#2609,#2842);
#2842 = DEFINITIONAL_REPRESENTATION('',(#2843),#2847);
#2843 = LINE('',#2844,#2845);
#2844 = CARTESIAN_POINT('',(0.664595515629,0.));
#2845 = VECTOR('',#2846,1.);
#2846 = DIRECTION('',(0.,1.));
#2847 = ( GEOMETRIC_REPRESENTATION_CONTEXT(2) 
PARAMETRIC_REPRESENTATION_CONTEXT() REPRESENTATION_CONTEXT('2D SPACE',''
  ) );
#2848 = PCURVE('',#2661,#2849);
#2849 = DEFINITIONAL_REPRESENTATION('',(#2850),#2854);
#2850 = LINE('',#2851,#2852);
#2851 = CARTESIAN_POINT('',(0.,0.));
#2852 = VECTOR('',#2853,1.);
#2853 = DIRECTION('',(0.,1.));
#2854 = ( GEOMETRIC_REPRESENTATION_CONTEXT(2) 
PARAMETRIC_REPRESENTATION_CONTEXT() REPRESENTATION_CONTEXT('2D SPACE',''
  ) );
#2855 = ORIENTED_EDGE('',*,*,#2856,.F.);
#2856 = EDGE_CURVE('',#2761,#2835,#2857,.T.);
#2857 = SURFACE_CURVE('',#2858,(#2862,#2868),.PCURVE_S1.);
#2858 = LINE('',#2859,#2860);
#2859 = CARTESIAN_POINT('',(10.,-2.E-03,-8.25E-02));
#2860 = VECTOR('',#2861,1.);
#2861 = DIRECTION('',(0.,1.,0.));
#2862 = PCURVE('',#2609,#2863);
#2863 = DEFINITIONAL_REPRESENTATION('',(#2864),#2867);
#2864 = B_SPLINE_CURVE_WITH_KNOTS('',1,(#2865,#2866),.UNSPECIFIED.,.F.,
  .F.,(2,2),(0.,2.E-03),.PIECEWISE_BEZIER_KNOTS.);
#2865 = CARTESIAN_POINT('',(0.,1.));
#2866 = CARTESIAN_POINT('',(0.664595515629,1.));
#2867 = ( GEOMETRIC_REPRESENTATION_CONTEXT(2) 
PARAMETRIC_REPRESENTATION_CONTEXT() REPRESENTATION_CONTEXT('2D SPACE',''
  ) );
#2868 = PCURVE('',#2798,#2869);
#2869 = DEFINITIONAL_REPRESENTATION('',(#2870),#2874);
#2870 = LINE('',#2871,#2872);
#2871 = CARTESIAN_POINT('',(1.361494124166,3.999982737175E-03));
#2872 = VECTOR('',#2873,1.);
#2873 = DIRECTION('',(2.93792342062E-03,-0.999995684294));
#2874 = ( GEOMETRIC_REPRESENTATION_CONTEXT(2) 
PARAMETRIC_REPRESENTATION_CONTEXT() REPRESENTATION_CONTEXT('2D SPACE',''
  ) );
#2875 = ORIENTED_EDGE('',*,*,#2760,.F.);
#2876 = ADVANCED_FACE('',(#2877),#2661,.T.);
#2877 = FACE_BOUND('',#2878,.T.);
#2878 = EDGE_LOOP('',(#2879,#2880,#2902,#2922));
#2879 = ORIENTED_EDGE('',*,*,#2648,.T.);
#2880 = ORIENTED_EDGE('',*,*,#2881,.T.);
#2881 = EDGE_CURVE('',#2627,#2882,#2884,.T.);
#2882 = VERTEX_POINT('',#2883);
#2883 = CARTESIAN_POINT('',(10.,2.E-03,-8.25E-02));
#2884 = SURFACE_CURVE('',#2885,(#2888,#2895),.PCURVE_S1.);
#2885 = B_SPLINE_CURVE_WITH_KNOTS('',1,(#2886,#2887),.UNSPECIFIED.,.F.,
  .F.,(2,2),(0.,1.),.PIECEWISE_BEZIER_KNOTS.);
#2886 = CARTESIAN_POINT('',(9.090909090909,0.624683734897,
    -9.531047407278E-02));
#2887 = CARTESIAN_POINT('',(10.,2.E-03,-8.25E-02));
#2888 = PCURVE('',#2661,#2889);
#2889 = DEFINITIONAL_REPRESENTATION('',(#2890),#2894);
#2890 = LINE('',#2891,#2892);
#2891 = CARTESIAN_POINT('',(0.664595515629,0.));
#2892 = VECTOR('',#2893,1.);
#2893 = DIRECTION('',(0.,1.));
#2894 = ( GEOMETRIC_REPRESENTATION_CONTEXT(2) 
PARAMETRIC_REPRESENTATION_CONTEXT() REPRESENTATION_CONTEXT('2D SPACE',''
  ) );
#2895 = PCURVE('',#2713,#2896);
#2896 = DEFINITIONAL_REPRESENTATION('',(#2897),#2901);
#2897 = LINE('',#2898,#2899);
#2898 = CARTESIAN_POINT('',(0.,0.));
#2899 = VECTOR('',#2900,1.);
#2900 = DIRECTION('',(0.,1.));
#2901 = ( GEOMETRIC_REPRESENTATION_CONTEXT(2) 
PARAMETRIC_REPRESENTATION_CONTEXT() REPRESENTATION_CONTEXT('2D SPACE',''
  ) );
#2902 = ORIENTED_EDGE('',*,*,#2903,.F.);
#2903 = EDGE_CURVE('',#2835,#2882,#2904,.T.);
#2904 = SURFACE_CURVE('',#2905,(#2909,#2915),.PCURVE_S1.);
#2905 = LINE('',#2906,#2907);
#2906 = CARTESIAN_POINT('',(10.,0.,-8.25E-02));
#2907 = VECTOR('',#2908,1.);
#2908 = DIRECTION('',(0.,1.,0.));
#2909 = PCURVE('',#2661,#2910);
#2910 = DEFINITIONAL_REPRESENTATION('',(#2911),#2914);
#2911 = B_SPLINE_CURVE_WITH_KNOTS('',1,(#2912,#2913),.UNSPECIFIED.,.F.,
  .F.,(2,2),(0.,2.E-03),.PIECEWISE_BEZIER_KNOTS.);
#2912 = CARTESIAN_POINT('',(0.,1.));
#2913 = CARTESIAN_POINT('',(0.664595515629,1.));
#2914 = ( GEOMETRIC_REPRESENTATION_CONTEXT(2) 
PARAMETRIC_REPRESENTATION_CONTEXT() REPRESENTATION_CONTEXT('2D SPACE',''
  ) );
#2915 = PCURVE('',#2798,#2916);
#2916 = DEFINITIONAL_REPRESENTATION('',(#2917),#2921);
#2917 = LINE('',#2918,#2919);
#2918 = CARTESIAN_POINT('',(1.361500000013,1.999991368587E-03));
#2919 = VECTOR('',#2920,1.);
#2920 = DIRECTION('',(2.93792342062E-03,-0.999995684294));
#2921 = ( GEOMETRIC_REPRESENTATION_CONTEXT(2) 
PARAMETRIC_REPRESENTATION_CONTEXT() REPRESENTATION_CONTEXT('2D SPACE',''
  ) );
#2922 = ORIENTED_EDGE('',*,*,#2834,.F.);
#2923 = ADVANCED_FACE('',(#2924),#2713,.T.);
#2924 = FACE_BOUND('',#2925,.T.);
#2925 = EDGE_LOOP('',(#2926,#2927,#2949,#2970));
#2926 = ORIENTED_EDGE('',*,*,#2700,.T.);
#2927 = ORIENTED_EDGE('',*,*,#2928,.T.);
#2928 = EDGE_CURVE('',#2679,#2929,#2931,.T.);
#2929 = VERTEX_POINT('',#2930);
#2930 = CARTESIAN_POINT('',(10.,2.E-03,1.279));
#2931 = SURFACE_CURVE('',#2932,(#2935,#2942),.PCURVE_S1.);
#2932 = B_SPLINE_CURVE_WITH_KNOTS('',1,(#2933,#2934),.UNSPECIFIED.,.F.,
  .F.,(2,2),(0.,1.),.PIECEWISE_BEZIER_KNOTS.);
#2933 = CARTESIAN_POINT('',(9.090909090909,0.737917095231,1.177858585859
    ));
#2934 = CARTESIAN_POINT('',(10.,2.E-03,1.279));
#2935 = PCURVE('',#2713,#2936);
#2936 = DEFINITIONAL_REPRESENTATION('',(#2937),#2941);
#2937 = LINE('',#2938,#2939);
#2938 = CARTESIAN_POINT('',(1.3615,0.));
#2939 = VECTOR('',#2940,1.);
#2940 = DIRECTION('',(0.,1.));
#2941 = ( GEOMETRIC_REPRESENTATION_CONTEXT(2) 
PARAMETRIC_REPRESENTATION_CONTEXT() REPRESENTATION_CONTEXT('2D SPACE',''
  ) );
#2942 = PCURVE('',#2743,#2943);
#2943 = DEFINITIONAL_REPRESENTATION('',(#2944),#2948);
#2944 = LINE('',#2945,#2946);
#2945 = CARTESIAN_POINT('',(0.,0.));
#2946 = VECTOR('',#2947,1.);
#2947 = DIRECTION('',(0.,1.));
#2948 = ( GEOMETRIC_REPRESENTATION_CONTEXT(2) 
PARAMETRIC_REPRESENTATION_CONTEXT() REPRESENTATION_CONTEXT('2D SPACE',''
  ) );
#2949 = ORIENTED_EDGE('',*,*,#2950,.F.);
#2950 = EDGE_CURVE('',#2882,#2929,#2951,.T.);
#2951 = SURFACE_CURVE('',#2952,(#2956,#2963),.PCURVE_S1.);
#2952 = LINE('',#2953,#2954);
#2953 = CARTESIAN_POINT('',(10.,2.E-03,-8.25E-02));
#2954 = VECTOR('',#2955,1.);
#2955 = DIRECTION('',(0.,0.,1.));
#2956 = PCURVE('',#2713,#2957);
#2957 = DEFINITIONAL_REPRESENTATION('',(#2958),#2962);
#2958 = LINE('',#2959,#2960);
#2959 = CARTESIAN_POINT('',(0.,1.));
#2960 = VECTOR('',#2961,1.);
#2961 = DIRECTION('',(1.,0.));
#2962 = ( GEOMETRIC_REPRESENTATION_CONTEXT(2) 
PARAMETRIC_REPRESENTATION_CONTEXT() REPRESENTATION_CONTEXT('2D SPACE',''
  ) );
#2963 = PCURVE('',#2798,#2964);
#2964 = DEFINITIONAL_REPRESENTATION('',(#2965),#2969);
#2965 = LINE('',#2966,#2967);
#2966 = CARTESIAN_POINT('',(1.36150587586,0.));
#2967 = VECTOR('',#2968,1.);
#2968 = DIRECTION('',(-0.999995684294,-2.93792342062E-03));
#2969 = ( GEOMETRIC_REPRESENTATION_CONTEXT(2) 
PARAMETRIC_REPRESENTATION_CONTEXT() REPRESENTATION_CONTEXT('2D SPACE',''
  ) );
#2970 = ORIENTED_EDGE('',*,*,#2881,.F.);
#2971 = ADVANCED_FACE('',(#2972),#2743,.T.);
#2972 = FACE_BOUND('',#2973,.T.);
#2973 = EDGE_LOOP('',(#2974,#2975,#2976,#2996));
#2974 = ORIENTED_EDGE('',*,*,#2730,.T.);
#2975 = ORIENTED_EDGE('',*,*,#2810,.T.);
#2976 = ORIENTED_EDGE('',*,*,#2977,.F.);
#2977 = EDGE_CURVE('',#2929,#2783,#2978,.T.);
#2978 = SURFACE_CURVE('',#2979,(#2983,#2989),.PCURVE_S1.);
#2979 = LINE('',#2980,#2981);
#2980 = CARTESIAN_POINT('',(10.,2.E-03,1.279));
#2981 = VECTOR('',#2982,1.);
#2982 = DIRECTION('',(0.,-1.,0.));
#2983 = PCURVE('',#2743,#2984);
#2984 = DEFINITIONAL_REPRESENTATION('',(#2985),#2988);
#2985 = B_SPLINE_CURVE_WITH_KNOTS('',1,(#2986,#2987),.UNSPECIFIED.,.F.,
  .F.,(2,2),(0.,4.E-03),.PIECEWISE_BEZIER_KNOTS.);
#2986 = CARTESIAN_POINT('',(0.,1.));
#2987 = CARTESIAN_POINT('',(1.475834190463,1.));
#2988 = ( GEOMETRIC_REPRESENTATION_CONTEXT(2) 
PARAMETRIC_REPRESENTATION_CONTEXT() REPRESENTATION_CONTEXT('2D SPACE',''
  ) );
#2989 = PCURVE('',#2798,#2990);
#2990 = DEFINITIONAL_REPRESENTATION('',(#2991),#2995);
#2991 = LINE('',#2992,#2993);
#2992 = CARTESIAN_POINT('',(1.175169368248E-05,-3.999982737175E-03));
#2993 = VECTOR('',#2994,1.);
#2994 = DIRECTION('',(-2.93792342062E-03,0.999995684294));
#2995 = ( GEOMETRIC_REPRESENTATION_CONTEXT(2) 
PARAMETRIC_REPRESENTATION_CONTEXT() REPRESENTATION_CONTEXT('2D SPACE',''
  ) );
#2996 = ORIENTED_EDGE('',*,*,#2928,.F.);
#2997 = ADVANCED_FACE('',(#2998),#43,.F.);
#2998 = FACE_BOUND('',#2999,.F.);
#2999 = EDGE_LOOP('',(#3000,#3001,#3002,#3003,#3004));
#3000 = ORIENTED_EDGE('',*,*,#21,.T.);
#3001 = ORIENTED_EDGE('',*,*,#137,.T.);
#3002 = ORIENTED_EDGE('',*,*,#215,.T.);
#3003 = ORIENTED_EDGE('',*,*,#293,.T.);
#3004 = ORIENTED_EDGE('',*,*,#366,.T.);
#3005 = ADVANCED_FACE('',(#3006),#2798,.F.);
#3006 = FACE_BOUND('',#3007,.T.);
#3007 = EDGE_LOOP('',(#3008,#3009,#3010,#3011,#3012));
#3008 = ORIENTED_EDGE('',*,*,#2782,.T.);
#3009 = ORIENTED_EDGE('',*,*,#2856,.T.);
#3010 = ORIENTED_EDGE('',*,*,#2903,.T.);
#3011 = ORIENTED_EDGE('',*,*,#2950,.T.);
#3012 = ORIENTED_EDGE('',*,*,#2977,.T.);
#3013 = ( GEOMETRIC_REPRESENTATION_CONTEXT(3) 
GLOBAL_UNCERTAINTY_ASSIGNED_CONTEXT((#3017)) 
GLOBAL_UNIT_ASSIGNED_CONTEXT((#3014,#3015,#3016)) REPRESENTATION_CONTEXT
('Context #1','3D Context with UNIT and UNCERTAINTY') );
#3014 = ( LENGTH_UNIT() NAMED_UNIT(*) SI_UNIT(.MILLI.,.METRE.) );
#3015 = ( NAMED_UNIT(*) PLANE_ANGLE_UNIT() SI_UNIT($,.RADIAN.) );
#3016 = ( NAMED_UNIT(*) SI_UNIT($,.STERADIAN.) SOLID_ANGLE_UNIT() );
#3017 = UNCERTAINTY_MEASURE_WITH_UNIT(LENGTH_MEASURE(1.E-07),#3014,
  'distance_accuracy_value','confusion accuracy');
#3018 = PRODUCT_RELATED_PRODUCT_CATEGORY('part',$,(#7));
ENDSEC;
END-ISO-10303-21;
